tree
version=v4
num_class=1
num_tree_per_iteration=1
label_index=0
max_feature_idx=22
objective=binary sigmoid:1
feature_names=recency_days tenure_days n_orders n_order_days monetary_total avg_order_value std_order_value avg_gap_days overdue_ratio orders_30d orders_90d orders_180d revenue_30d revenue_90d revenue_180d revenue_prev_180d revenue_trend avg_items_per_order avg_units_per_line n_distinct_products return_rate is_uk share_q4_orders
feature_infos=[0:555] [0:555] [1:240] [1:167] [1.3:372545.49655999377] [1.3:12066.127213332817] [0:8138.3953525930638] [1:555] [0:553] [0:40] [0:79] [0:124] [0:65155.581639998447] [0:90663.731639998441] [0:149845.59163999846] [0:149742.28409999612] [-0.99996982282679847:0.99997976232469366] [1:240] [1:4921.333333333333] [1:2015] [0:1] [0:1] [0:1]
tree_sizes=883 891 892 895 888 890 890 892 895 889 893 896 890 893 899 896 889 895 893 892 893 887 903 890 896 895 897 896 900 900 905 892 900 893 900 896 894 906 896 900 897 901 894 902 901 903 901 900 901 896 896 899 898 903 899 906 901 898 904 894 910 900 899 898 902 902 898 903 899 903 901 904 894 898 892 903 890 906 906 905 908 905 901 907 906 902 907 901 903 901 905 904 908 898 900 902 894 906 905 902 892 889 908 911 902 905 900 903 910 899 908 900 891 902 888 900 896 898 902 902 896 895 903 897 903 904 902 893 902 898 903 902 902 906 907 893 905 902 899 904 904 906 900 898 904 898 902 904 897 891 901 908 892 904 894 907 895 888 892 904 895 897 903 899 898 898 916 900 894 906 900 902 907 906 902 896 885 900 895 903 893 904 900 896 907 889 902 898 891 906 893 896 896 901 905 903 898 910 892 895

Tree=0
num_leaves=7
num_cat=0
split_feature=11 2 14 15 7 4
split_gain=3024.87 451.852 427.049 163.335 109.818 90.5698
threshold=1.5000000000000002 4.5000000000000009 164.03500000000003 207.32000000000002 258.50000000000006 477.31000000000012
decision_type=2 2 2 2 2 2
left_child=2 5 4 -4 -1 -2
right_child=1 -3 3 -5 -6 -7
leaf_value=-0.30952893454023561 -0.34730950313961134 -0.41487191979065879 -0.32881799501094733 -0.36548298008720453 -0.27572643992787255 -0.37872699702178814
leaf_weight=1361.5488152503967 289.95946991443634 1173.8994593024254 1067.2254068255424 405.84628146886826 334.81106016039848 999.0994778573513
leaf_count=5616 1196 4842 4402 1674 1381 4121
internal_value=-0.351244 -0.392626 -0.319028 -0.338974 -0.302054 -0.371706
internal_weight=5632.39 2462.96 3169.43 1473.07 1696.36 1289.06
internal_count=23232 10159 13073 6076 6997 5317
is_linear=0
shrinkage=1


Tree=1
num_leaves=7
num_cat=0
split_feature=11 3 4 0 0 13
split_gain=2619.44 488.319 326.372 125.418 114.919 86.8031
threshold=1.5000000000000002 3.5000000000000004 458.25500000000005 279.50000000000006 217.50000000000003 114.90000000000002
decision_type=2 2 2 2 2 2
left_child=2 -2 3 -1 -4 -3
right_child=1 5 4 -5 -6 -7
leaf_value=0.036855712275391327 -0.012098361435063418 -0.012285463316651868 0.0010067236825193977 0.075170822510890134 0.040714720799723339 -0.060944261810527339
leaf_weight=1787.2888976037502 1055.6951073408127 110.9446117579937 933.87309974431992 253.72914737462997 206.70862010121346 1285.6112655699253
leaf_count=7330 4370 462 3845 1035 846 5360
internal_value=0.000563094 -0.0380998 0.0304148 0.0423021 0.00878065 -0.0573068
internal_weight=5633.85 2452.25 3181.6 2041.02 1140.58 1396.56
internal_count=23248 10192 13056 8365 4691 5822
is_linear=0
shrinkage=0.05


Tree=2
num_leaves=7
num_cat=0
split_feature=3 14 14 8 3 0
split_gain=2409.55 497.073 423.649 121.847 100.239 71.8002
threshold=2.5000000000000004 152.98000000000005 433.81000000000006 0.085775597792765182 4.5000000000000009 134.50000000000003
decision_type=2 2 2 2 2 2
left_child=1 -1 5 -3 -4 -2
right_child=2 3 4 -5 -6 -7
leaf_value=0.048904470377382242 -0.015970230797990471 0.019938425887197592 -0.035227779984180217 -0.0058883221636722568 -0.061855618840138377 0.018501861757709209
leaf_weight=1453.844782948494 360.41458822786808 1170.5636103898287 708.79238989949226 728.8289275765419 1012.1029543280602 230.78162658214569
leaf_count=5917 1495 4796 2958 3016 4278 945
internal_value=8.0159e-05 0.0270975 -0.0389995 0.0100702 -0.051419 -0.00234848
internal_weight=5665.33 3353.24 2312.09 1899.39 1720.9 591.196
internal_count=23405 13729 9676 7812 7236 2440
is_linear=0
shrinkage=0.05


Tree=3
num_leaves=7
num_cat=0
split_feature=11 3 14 0 15 3
split_gain=2297.74 385.858 299.391 113.628 103.464 85.9611
threshold=1.5000000000000002 4.5000000000000009 164.03500000000003 281.50000000000006 184.93500000000003 2.5000000000000004
decision_type=2 2 2 2 2 2
left_child=2 5 3 -1 -4 -2
right_child=1 -3 4 -5 -6 -7
leaf_value=0.034365546445164784 -0.0046919584916538682 -0.059461011555002899 0.019068264526545968 0.068041710903049266 -0.0096309098651981232 -0.029749077492687011
leaf_weight=1404.1443844586611 608.85982586443424 1041.8406715840101 1056.8912124186754 329.24040447175503 428.88570986688137 788.23844353854656
leaf_count=5694 2524 4470 4314 1327 1776 3311
internal_value=-0.000214397 -0.0366553 0.0274502 0.0414652 0.010766 -0.0190494
internal_weight=5658.1 2438.94 3219.16 1733.38 1485.78 1397.1
internal_count=23416 10305 13111 7021 6090 5835
is_linear=0
shrinkage=0.05


Tree=4
num_leaves=7
num_cat=0
split_feature=11 3 14 6 16 13
split_gain=2084.34 369.706 260.997 114.677 100.002 88.6441
threshold=1.5000000000000002 3.5000000000000004 164.03500000000003 5.688674054645781 0.35129356745093449 194.09500000000003
decision_type=2 2 2 2 2 2
left_child=2 -2 3 -1 -4 -3
right_child=1 5 4 -5 -6 -7
leaf_value=0.047855995099312099 -0.012539694638439642 -0.01617715749644907 -0.0092022960216233737 0.019354640768389303 0.01881845495022794 -0.057072273143622877
leaf_weight=1190.215684518218 1050.3841409236193 170.72008988261223 441.40239557623863 555.78015807271004 1036.5120048820972 1185.6848800480366
leaf_count=4797 4383 730 1829 2248 4221 5150
internal_value=-0.000110202 -0.0351571 0.0261092 0.0391055 0.0104385 -0.052235
internal_weight=5630.7 2406.79 3223.91 1746 1477.91 1356.4
internal_count=23358 10263 13095 7045 6050 5880
is_linear=0
shrinkage=0.05


Tree=5
num_leaves=7
num_cat=0
split_feature=11 2 14 8 0 19
split_gain=1886.17 329.344 242.978 105.063 95.6149 85.9206
threshold=1.5000000000000002 4.5000000000000009 164.03500000000003 3.0144796380090502 262.50000000000006 50.500000000000007
decision_type=2 2 2 2 2 2
left_child=2 -2 4 -3 -1 -4
right_child=1 3 5 -5 -6 -7
leaf_value=0.03046783313477491 -0.015517587336055579 -0.056330280690784711 0.016571417292333201 0.011886248861426002 0.058897640264511768 -0.011883156126583888
leaf_weight=1334.2542757242918 1290.9009235352278 1049.2896194010973 1147.0839994996786 52.915061578154564 417.66771507263184 327.58507987856865
leaf_count=5374 5430 4644 4678 230 1674 1351
internal_value=0.000450361 -0.0330316 0.0253338 -0.0529018 0.0378339 0.0101761
internal_weight=5619.7 2393.11 3226.59 1102.2 1751.92 1474.67
internal_count=23381 10304 13077 4874 7048 6029
is_linear=0
shrinkage=0.05


Tree=6
num_leaves=7
num_cat=0
split_feature=3 14 14 7 8 6
split_gain=1706.13 346.09 336.202 83.6536 77.3902 58.4157
threshold=2.5000000000000004 257.05000000000007 672.18500000000017 251.25000000000003 3.2764507377754257 2.4324473272817122
decision_type=2 2 2 2 2 2
left_child=1 3 4 -1 -2 -3
right_child=2 5 -4 -5 -6 -7
leaf_value=0.029846956734419956 -0.016543505101848786 0.013438132706395834 -0.049317667907224666 0.056644526919267059 0.019841170596561614 -0.0065713458877764246
leaf_weight=1573.172635614872 700.93334378302097 699.02539622783661 1357.9222946763039 390.43041658401489 165.32465623319149 722.5320013910532
leaf_count=6341 2970 2837 6020 1564 674 3008
internal_value=-0.000110618 0.0221966 -0.033957 0.0356926 -0.00930847 0.00331789
internal_weight=5609.34 3385.16 2224.18 1963.6 866.258 1421.56
internal_count=23414 13750 9664 7905 3644 5845
is_linear=0
shrinkage=0.05


Tree=7
num_leaves=7
num_cat=0
split_feature=11 3 4 0 19 14
split_gain=1552.33 329.797 213.073 107.054 71.6359 67.7733
threshold=1.5000000000000002 4.5000000000000009 458.25500000000005 279.50000000000006 47.500000000000007 672.18500000000017
decision_type=2 2 2 2 2 2
left_child=2 5 3 4 -1 -2
right_child=1 -3 -4 -5 -6 -7
leaf_value=0.029437210070342858 -0.0032530488316450581 -0.052971379547924094 0.0047762950072516835 0.061381427227379048 -0.0089167210584661007 -0.025495202417653615
leaf_weight=1717.986528262496 668.0743915438652 976.14786598086357 1152.5611498057842 256.39666324853897 122.17314554750919 697.4932394772768
leaf_count=6909 2814 4470 4706 1027 493 3000
internal_value=-0.00014943 -0.031036 0.022165 0.0315888 0.0268223 -0.0148177
internal_weight=5590.83 2341.72 3249.12 2096.56 1840.16 1365.57
internal_count=23419 10284 13135 8429 7402 5814
is_linear=0
shrinkage=0.05


Tree=8
num_leaves=7
num_cat=0
split_feature=11 3 14 6 16 14
split_gain=1422.81 303.048 171.819 88.2806 76.1817 72.3549
threshold=1.5000000000000002 4.5000000000000009 164.03500000000003 5.688674054645781 0.35129356745093449 446.51500000000004
decision_type=2 2 2 2 2 2
left_child=2 5 3 -1 -4 -2
right_child=1 -3 4 -5 -6 -7
leaf_value=0.039911493171311652 0.0049451985759803325 -0.050944232174248399 -0.0084675185986880456 0.015110551907322448 0.016122278025365727 -0.020864766209279365
leaf_weight=1185.1420839726925 359.96232432126999 949.53664508461952 431.24513033032417 561.3125776052475 1052.326855763793 1008.0053143054247
leaf_count=4748 1508 4433 1790 2256 4253 4338
internal_value=0.000249302 -0.0295026 0.0216461 0.0322018 0.00895695 -0.0140998
internal_weight=5547.53 2317.5 3230.03 1746.45 1483.57 1367.97
internal_count=23326 10279 13047 7004 6043 5846
is_linear=0
shrinkage=0.05


Tree=9
num_leaves=7
num_cat=0
split_feature=14 3 7 4 22 7
split_gain=1297.81 310.743 193.256 107.026 65.6234 49.8886
threshold=439.61000000000007 3.5000000000000004 136.16666666666671 258.5750000000001 0.49074074074074076 280.50000000000006
decision_type=2 2 2 2 2 2
left_child=2 4 3 -1 -2 -4
right_child=1 -3 5 -5 -6 -7
leaf_value=0.025796429123753607 -0.01514037900789616 -0.0456146254764963 0.029524227755586531 0.0014563488194860913 0.013565775705443159 0.054916577168103081
leaf_weight=708.62068754434586 915.01571430265903 1188.9488026350737 997.0258080214262 1194.8170291334391 236.16211360692978 281.84326499700546
leaf_count=2850 3848 5572 4013 4905 989 1136
internal_value=0.000241935 -0.0278914 0.0209749 0.0106918 -0.00912027 0.0358798
internal_weight=5522.43 2340.13 3182.31 1903.44 1151.18 1278.87
internal_count=23313 10409 12904 7755 4837 5149
is_linear=0
shrinkage=0.05


Tree=10
num_leaves=7
num_cat=0
split_feature=14 14 3 8 8 7
split_gain=1180.39 253.723 206.398 97.8201 57.1769 55.655
threshold=642.17000000000019 152.98000000000005 3.5000000000000004 0.085775597792765182 3.6706827309236951 280.50000000000006
decision_type=2 2 2 2 2 2
left_child=1 5 -2 -3 -4 -1
right_child=2 3 4 -5 -6 -7
leaf_value=0.025483594982972448 -0.012639701188637177 0.014554229491345345 -0.049863804354614502 -0.0070674539707685571 0.017123074921887676 0.051472783207566333
leaf_weight=1458.5307408571243 713.50955329835415 1038.354224935174 998.37053607404232 1016.8547454178333 23.735953003168106 255.42713445425034
leaf_count=5849 3024 4208 4793 4312 109 1034
internal_value=0.00011378 0.0158164 -0.0337786 0.00389147 -0.0480094 0.0299057
internal_weight=5504.78 3769.17 1735.62 2055.21 1022.11 1713.96
internal_count=23329 15403 7926 8520 4902 6883
is_linear=0
shrinkage=0.05


Tree=11
num_leaves=7
num_cat=0
split_feature=3 14 14 3 22 19
split_gain=1094.16 226.615 214.157 68.0876 55.6914 59.3235
threshold=2.5000000000000004 463.46000000000009 151.00000000000003 5.5000000000000009 0.73611111111111127 50.500000000000007
decision_type=2 2 2 2 2 2
left_child=2 -2 -1 -3 5 -4
right_child=1 3 4 -5 -6 -7
leaf_value=0.031233603082458546 -0.0027821207454462671 -0.028363573728623043 0.0070421523059707785 -0.051263612767940614 0.02792282610698453 -0.016326589298396532
leaf_weight=1451.2170960307121 600.53332595527172 832.3832223713398 1359.5556431263685 673.07361173629761 227.3093948662281 318.48795621097088
leaf_count=5829 2508 3794 5555 3336 923 1324
internal_value=-0.00080014 -0.0288959 0.0168946 -0.0391398 0.0057622 0.00246677
internal_weight=5462.56 2105.99 3356.57 1505.46 1905.35 1678.04
internal_count=23269 9638 13631 7130 7802 6879
is_linear=0
shrinkage=0.05


Tree=12
num_leaves=7
num_cat=0
split_feature=3 0 4 7 7 19
split_gain=1018.79 222.788 137.324 113.485 83.9822 56.7299
threshold=2.5000000000000004 113.50000000000001 258.5750000000001 103.12500000000001 203.50000000000003 45.500000000000007
decision_type=2 2 2 2 2 2
left_child=2 3 5 -2 -4 -1
right_child=1 -3 4 -5 -6 -7
leaf_value=0.031483047608798991 -0.039212926776086968 0.010011572653762143 0.0033455798766986963 0.0010185851548183027 0.028845168591942572 -0.014630940646945907
leaf_weight=1219.5746342092752 1574.8926361054182 318.98925806581974 1685.5039062947035 195.80633024871349 381.48901903629303 59.337645754218102
leaf_count=4905 7509 1314 6904 842 1544 239
internal_value=-0.00069196 -0.0279315 0.0163854 -0.0348024 0.00828317 0.0291512
internal_weight=5435.59 2089.69 3345.91 1770.7 2066.99 1278.91
internal_count=23257 9665 13592 8351 8448 5144
is_linear=0
shrinkage=0.05


Tree=13
num_leaves=7
num_cat=0
split_feature=11 4 4 8 11 19
split_gain=936.832 192.073 128.122 78.4109 62.437 58.4259
threshold=1.5000000000000002 884.61500000000012 438.69500000000011 2.7470707070707072 4.5000000000000009 47.500000000000007
decision_type=2 2 2 2 2 2
left_child=2 -2 5 4 -3 -1
right_child=1 3 -4 -5 -6 -7
leaf_value=0.026910788033343208 -0.0045594054784391701 -0.029270641582440405 0.004022965315767406 0.0082036217202269626 -0.053244780248408896 -0.0064683375637672588
leaf_weight=1907.6801164895296 771.71793828904629 874.40167319774628 1192.934591293335 89.504295617341995 483.90656079351902 133.21696843206882
leaf_count=7676 3304 4126 4869 412 2506 537
internal_value=7.7447e-06 -0.0248809 0.0171379 -0.035503 -0.0384603 0.0246904
internal_weight=5453.36 2219.53 3233.83 1447.81 1358.31 2040.9
internal_count=23430 10348 13082 7044 6632 8213
is_linear=0
shrinkage=0.05


Tree=14
num_leaves=7
num_cat=0
split_feature=14 7 3 15 14 22
split_gain=841.36 201.823 158.608 78.2666 63.0034 44.6917
threshold=642.17000000000019 136.16666666666671 3.5000000000000004 46.260000000000012 77.550000000000011 0.19803921568627456
decision_type=2 2 2 2 2 2
left_child=1 3 -2 5 -5 -1
right_child=2 -3 -4 4 -6 -7
leaf_value=0.0066352616273005153 -0.011370084968010194 0.028032988891889172 -0.042744685688736239 0.010803903660734429 -0.015869767665359375 0.028453601204374263
leaf_weight=1181.8812755048275 711.74149365723133 1337.6958260834217 969.10908897221088 314.7747091203928 645.78660261631012 279.64483135938644
leaf_count=4805 3058 5422 5004 1263 2796 1138
internal_value=-0.000547021 0.0125965 -0.0297493 0.00391131 -0.00708676 0.0111377
internal_weight=5440.63 3759.78 1680.85 2422.09 960.561 1461.53
internal_count=23486 15424 8062 10002 4059 5943
is_linear=0
shrinkage=0.05


Tree=15
num_leaves=7
num_cat=0
split_feature=11 14 0 0 8 19
split_gain=762.057 237.231 83.4249 81.0311 64.872 56.6193
threshold=2.5000000000000004 257.05000000000007 272.50000000000006 67.500000000000014 0.06859943977591039 57.500000000000007
decision_type=2 2 2 2 2 2
left_child=1 2 5 -2 -3 -1
right_child=3 4 -4 -5 -6 -7
leaf_value=0.019455338298711111 -0.038815603263983173 0.0072143212594184339 0.042570366807105853 0.0015864509504869414 -0.011180116180776342 -0.0070394908102010441
leaf_weight=1684.0820342004299 1101.8073884248734 845.27886945009232 358.76710844039917 137.81448508799076 1057.2589110583067 218.47645765542984
leaf_count=6780 5613 3438 1474 640 4586 887
internal_value=-0.000275792 0.00999017 0.0208646 -0.03437 -0.00301762 0.0163713
internal_weight=5403.49 4163.86 2261.33 1239.62 1902.54 1902.56
internal_count=23418 17165 9141 6253 8024 7667
is_linear=0
shrinkage=0.05


Tree=16
num_leaves=7
num_cat=0
split_feature=3 14 14 8 7 0
split_gain=712.607 176.254 152.817 55.4936 54.3728 52.9004
threshold=2.5000000000000004 758.68500000000017 257.05000000000007 4.3242490310077528 239.50000000000003 54.500000000000007
decision_type=2 2 2 2 2 2
left_child=2 3 4 -2 -1 -3
right_child=1 5 -4 -5 -6 -7
leaf_value=0.017905857559718418 -0.01210520251997952 -0.042258116228788521 0.0013523823410324829 0.022804758836936511 0.038307898037751413 -0.011205845383237073
leaf_weight=1512.6379995644093 801.49187181890011 894.59242869913578 1438.5302320718765 113.3320667296648 435.80345118045807 182.07458353042603
leaf_count=6083 3548 4716 5923 462 1797 890
internal_value=-0.000174222 -0.023772 0.013759 -0.00738505 0.022812 -0.037307
internal_weight=5378.46 1991.49 3386.97 914.824 1948.44 1076.67
internal_count=23419 9616 13803 4010 7880 5606
is_linear=0
shrinkage=0.05


Tree=17
num_leaves=7
num_cat=0
split_feature=11 3 0 22 4 8
split_gain=631.352 187.912 108.087 76.7188 73.3077 62.4717
threshold=1.5000000000000002 4.5000000000000009 281.50000000000006 0.49074074074074076 188.45000000000002 2.7470707070707072
decision_type=2 2 2 2 2 2
left_child=2 3 4 -2 -1 -3
right_child=1 5 -4 -5 -6 -7
leaf_value=0.023813687976806691 -0.014844472387137861 -0.043409043433071975 0.040728007326219444 0.016357630844377583 0.00571334518576193 0.012161090292870561
leaf_weight=746.21654723584652 1088.5482516586781 760.62768091261387 314.51954357326031 222.22339835762978 2147.3936851918697 45.829653397202492
leaf_count=3009 4856 4216 1312 974 8709 223
internal_value=-0.000247978 -0.0213264 0.0137088 -0.00938825 0.0105126 -0.0400332
internal_weight=5325.36 2117.23 3208.13 1310.77 2893.61 806.457
internal_count=23299 10269 13030 5830 11718 4439
is_linear=0
shrinkage=0.05


Tree=18
num_leaves=7
num_cat=0
split_feature=3 14 14 8 0 22
split_gain=609.052 163.725 118.34 53.8592 49.7204 47.4401
threshold=2.5000000000000004 932.99500000000012 274.09500000000008 3.2764507377754257 272.50000000000006 0.73611111111111127
decision_type=2 2 2 2 2 2
left_child=2 3 4 -2 -1 -4
right_child=1 -3 5 -5 -6 -7
leaf_value=0.017187699343334539 -0.013081634265718511 -0.03722659516795504 -0.0015553927390218871 0.016125232002433064 0.038765452921244267 0.026233667710087595
leaf_weight=1681.0591616481543 893.76124998927116 887.45980508625507 1210.5277411490679 173.03503614664078 323.45737253129482 155.60877129435539
leaf_count=6779 4089 4830 4998 711 1362 631
internal_value=0.000490577 -0.0215891 0.0133439 -0.00813469 0.0210181 0.00194274
internal_weight=5324.91 1954.26 3370.65 1066.8 2004.52 1366.14
internal_count=23400 9630 13770 4800 8141 5629
is_linear=0
shrinkage=0.05


Tree=19
num_leaves=7
num_cat=0
split_feature=3 13 7 7 4 8
split_gain=563.9 169.991 101.327 82.9334 82.5769 42.9378
threshold=2.5000000000000004 298.46000000000009 203.50000000000003 69.071428571428584 258.5750000000001 4.1650815217391317
decision_type=2 2 2 2 2 2
left_child=2 5 4 -3 -1 -2
right_child=1 3 -4 -5 -6 -7
leaf_value=0.019728515752384147 -0.0077155685201960814 -0.040536085540709865 0.028991237369508944 -0.010325374148652294 0.001364693977905932 0.022200126858264987
leaf_weight=940.08534753322601 607.60366328060627 867.46517370641232 726.00921908020973 328.06905075907707 1698.364055454731 128.42365643382072
leaf_count=3792 2720 4819 3006 1563 6965 532
internal_value=0.000338266 -0.0210681 0.0126797 -0.0325522 0.00800696 -0.00204661
internal_weight=5296.02 1931.56 3364.46 1195.53 2638.45 736.027
internal_count=23397 9634 13763 6382 10757 3252
is_linear=0
shrinkage=0.05


Tree=20
num_leaves=7
num_cat=0
split_feature=3 13 13 22 8 8
split_gain=524.538 142.458 99.0493 76.4697 60.221 59.9713
threshold=2.5000000000000004 602.45500000000004 153.27000000000004 0.32426470588235301 4.0054347826086962 0.46573521918166677
decision_type=2 2 2 2 2 2
left_child=2 4 5 -4 -2 -1
right_child=1 -3 3 -5 -6 -7
leaf_value=0.023121796596366258 -0.01376032164555911 -0.03765266751460096 -0.0078878590030465826 0.018728236319120899 0.01890615777396577 0.0035368088347302513
leaf_weight=1650.8736555874348 1038.8119968026876 725.01833261549473 824.7092694491148 376.57048991322517 144.99965377151966 520.79130552709103
leaf_count=6755 4907 4096 3391 1535 601 2130
internal_value=0.00034109 -0.0204798 0.0121754 0.00062567 -0.00951152 0.0185002
internal_weight=5281.77 1908.83 3372.94 1201.28 1183.81 2171.66
internal_count=23415 9604 13811 4926 5508 8885
is_linear=0
shrinkage=0.05


Tree=21
num_leaves=7
num_cat=0
split_feature=19 14 3 8 0 1
split_gain=485.399 124.338 113.187 68.3147 44.6119 44.2377
threshold=50.500000000000007 274.09500000000008 4.5000000000000009 4.0054347826086962 313.00000000000006 253.50000000000003
decision_type=2 2 2 2 2 2
left_child=1 4 5 -4 -1 -2
right_child=2 -3 3 -5 -6 -7
leaf_value=0.01620135937094782 -0.017520868399636985 0.00014499403035947623 -0.040667752970713122 0.01953801777649589 0.04118913609052207 0.0045471365304276283
leaf_weight=1839.1920346617699 678.8103968501091 1542.4284521788359 651.06119184195995 39.17906691133976 191.62607125937939 326.09367497265339
leaf_count=7491 3025 6745 3785 169 826 1414
internal_value=0.000427415 0.0108717 -0.0214585 -0.0367964 0.0189379 -0.0104108
internal_weight=5268.39 3573.25 1695.14 690.24 2030.82 1004.9
internal_count=23455 15062 8393 3954 8317 4439
is_linear=0
shrinkage=0.05


Tree=22
num_leaves=7
num_cat=0
split_feature=14 15 19 22 0 7
split_gain=437.671 94.8215 82.3412 67.5694 69.9293 63.4704
threshold=439.61000000000007 924.49000000000012 45.500000000000007 0.49074074074074076 64.500000000000014 106.10000000000001
decision_type=2 2 2 2 2 2
left_child=2 3 5 4 -2 -1
right_child=1 -3 -4 -5 -6 -7
leaf_value=0.0070928774364549217 -0.024109128813853208 -0.037696798671627042 -0.0049360364056345411 0.0095104032894255171 0.00068752557747657061 0.022976601846982768
leaf_weight=1225.9527262300253 925.18297763168812 452.91486068069935 601.63321824371815 287.9547154456377 405.09500947594643 1329.2023347318172
leaf_count=5002 4681 2640 2501 1299 1763 5484
internal_value=-0.000119058 -0.017882 0.0115743 -0.0119437 -0.0166597 0.0154699
internal_weight=5227.94 2071.15 3156.79 1618.23 1330.28 2555.16
internal_count=23370 10383 12987 7743 6444 10486
is_linear=0
shrinkage=0.05


Tree=23
num_leaves=7
num_cat=0
split_feature=3 8 3 7 1 1
split_gain=425.032 119.992 115.593 64.0161 58.5479 41.79
threshold=3.5000000000000004 2.9290744466800809 1.5000000000000002 69.071428571428584 259.50000000000006 311.50000000000006
decision_type=2 2 2 2 2 2
left_child=2 3 5 -2 -4 -1
right_child=1 -3 4 -5 -6 -7
leaf_value=0.013320409458154825 -0.037582671914493271 0.016349450087540966 -0.0075552046010902377 -0.0086401553197261987 0.012007083963254379 0.039107561615863519
leaf_weight=2039.6657333672047 835.93122796714306 140.01595577597618 1235.5563247203827 264.38349466025829 530.32186245918274 158.5264970511198
leaf_count=8301 4964 610 5325 1287 2189 706
internal_value=-8.99671e-05 -0.0253974 0.0079163 -0.0309068 -0.00161166 0.0155159
internal_weight=5204.4 1240.33 3964.07 1100.31 1765.88 2198.19
internal_count=23382 6861 16521 6251 7514 9007
is_linear=0
shrinkage=0.05


Tree=24
num_leaves=7
num_cat=0
split_feature=11 8 13 0 7 22
split_gain=359.039 124.752 63.1462 52.471 47.5366 49.1762
threshold=2.5000000000000004 0.085775597792765182 709.21000000000015 215.50000000000003 121.16666666666667 0.65686274509803932
decision_type=2 2 2 2 2 2
left_child=1 4 -2 -3 5 -1
right_child=2 3 -4 -5 -6 -7
leaf_value=0.0015301741412323501 -0.013252235735783355 -0.0069212752930285148 -0.037886247073800734 0.018368079607343133 0.020988220711444443 0.026786366942340642
leaf_weight=948.64839704334736 568.94920542836189 1512.632758885622 517.90666836500168 217.3244431912899 1194.5266172587872 222.77156166732311
leaf_count=3866 3020 6531 3199 879 4974 900
internal_value=-0.000183905 0.00661516 -0.0254633 -0.0035707 0.0140305 0.00670223
internal_weight=5182.76 4095.9 1086.86 1729.96 2365.95 1171.42
internal_count=23369 17150 6219 7410 9740 4766
is_linear=0
shrinkage=0.05


Tree=25
num_leaves=7
num_cat=0
split_feature=14 3 7 4 22 0
split_gain=371.006 111.854 95.2633 49.8039 40.672 37.9197
threshold=642.17000000000019 5.5000000000000009 136.16666666666671 258.5750000000001 0.49074074074074076 70.500000000000014
decision_type=2 2 2 2 2 2
left_child=2 4 3 -1 5 -2
right_child=1 -3 -4 -5 -6 -7
leaf_value=0.013806699129585162 -0.021951638990310222 -0.040445899607796897 0.019441658338590337 -0.0019946822769987167 0.010297973354224192 0.0012584577968874106
leaf_weight=688.36283884942532 605.51462413370609 468.29490974545479 1313.0018011927605 1671.1498563438654 171.64635810256004 241.96010045707226
leaf_count=2795 3086 3084 5471 7072 790 1077
internal_value=0.000221093 -0.0206827 0.00875355 0.0026925 -0.0109976 -0.0154488
internal_weight=5159.93 1487.42 3672.51 2359.51 1019.12 847.475
internal_count=23375 8037 15338 9867 4953 4163
is_linear=0
shrinkage=0.05


Tree=26
num_leaves=7
num_cat=0
split_feature=19 7 2 12 0 22
split_gain=345.282 85.4987 76.6305 46.3024 43.0008 41.7553
threshold=50.500000000000007 138.16666666666671 4.5000000000000009 153.06000000000003 113.50000000000001 0.49074074074074076
decision_type=2 2 2 2 2 2
left_child=1 3 -2 -1 -4 -5
right_child=2 -3 4 5 -6 -7
leaf_value=0.0069494965720400259 -0.0089687427631740656 0.019784686149749812 -0.035155817950878965 -0.019297619637274312 0.0041993269186225276 0.01130508350529247
leaf_weight=1844.9992392361164 911.56960745155811 1181.2256622612476 629.94904750585556 342.56954444944859 73.220147982239723 145.34324173629284
leaf_count=7776 4045 4950 4002 1630 309 620
internal_value=0.00015268 0.00894113 -0.0188489 0.00332919 -0.031055 -0.0100953
internal_weight=5128.88 3514.14 1614.74 2332.91 703.169 487.913
internal_count=23332 14976 8356 10026 4311 2250
is_linear=0
shrinkage=0.05


Tree=27
num_leaves=7
num_cat=0
split_feature=14 0 2 8 8 17
split_gain=319.401 90.6247 84.4829 66.5847 50.1216 29.5571
threshold=664.34500000000014 281.50000000000006 4.5000000000000009 0.074023338406900063 3.6706827309236951 8.5051020408163271
decision_type=2 2 2 2 2 2
left_child=1 3 -2 5 -4 -1
right_child=2 -3 4 -5 -6 -7
leaf_value=0.02160247702520628 -0.0086320141078610624 0.03346723713037008 -0.036174870879624947 -0.0025742879460371568 0.025333922006749665 0.0075490823073677549
leaf_weight=508.96008232235909 773.87003257870674 294.58448339998722 610.18305121362209 1489.5119443237782 21.384555906057358 1425.3571432232857
leaf_count=2099 3577 1310 4112 6367 106 5819
internal_value=7.37324e-05 0.00775204 -0.0200648 0.005358 -0.0333785 0.0114301
internal_weight=5123.85 3718.41 1405.44 3423.83 631.568 1934.32
internal_count=23390 15595 7795 14285 4218 7918
is_linear=0
shrinkage=0.05


Tree=28
num_leaves=7
num_cat=0
split_feature=14 6 3 20 13 20
split_gain=290.278 82.8457 75.4556 47.9615 39.9841 31.0137
threshold=748.97000000000014 2.4324473272817122 6.5000000000000009 0.13238120272987622 144.11500000000004 0.01630705548373516
decision_type=2 2 2 2 2 2
left_child=1 4 -2 -3 5 -1
right_child=2 3 -4 -5 -6 -7
leaf_value=0.020289863010113075 -0.013428379337728903 -0.0036295491257026351 -0.041052062155796126 0.029139286786744795 0.0019279888740112352 -0.0016193362361829741
leaf_weight=1240.0850102454424 888.8005283921957 1754.0539084672928 342.8280958533287 99.216467931866646 584.57129390537739 182.02924144268036
leaf_count=5194 4621 7569 2444 419 2353 761
internal_value=-0.000715686 0.00604138 -0.0216506 -0.00158286 0.0130289 0.0175019
internal_weight=5091.58 3859.96 1231.63 1853.27 2006.69 1422.11
internal_count=23361 16296 7065 7988 8308 5955
is_linear=0
shrinkage=0.05


Tree=29
num_leaves=7
num_cat=0
split_feature=19 11 0 22 22 0
split_gain=255.83 83.6741 65.1131 83.9763 46.2634 34.207
threshold=50.500000000000007 3.5000000000000004 63.500000000000007 0.49074074074074076 0.29893617021276603 328.50000000000006
decision_type=2 2 2 2 2 2
left_child=2 -2 3 -1 -4 -6
right_child=1 -3 4 -5 5 -7
leaf_value=-0.0091271469688213314 -0.0091520001236816886 -0.034483302617585775 0.017167053419576302 0.018240122935409445 -0.0040727465687156383 0.031398536620659237
leaf_weight=954.75761020183563 1128.3954165875912 452.2237134873867 1565.7987590432167 373.53385826945305 508.66829511523247 57.99980691075325
leaf_count=4332 5248 3131 6545 1565 2124 268
internal_value=-0.000196223 -0.0167397 0.0074124 -0.00127469 0.0127851 0.000504455
internal_weight=5041.38 1580.62 3460.76 1328.29 2132.47 566.668
internal_count=23213 8379 14834 5897 8937 2392
is_linear=0
shrinkage=0.05


Tree=30
num_leaves=7
num_cat=0
split_feature=19 13 11 22 22 15
split_gain=252.855 77.1915 76.0976 54.8191 42.5442 36.7066
threshold=50.500000000000007 153.27000000000004 3.5000000000000004 0.49074074074074076 0.32426470588235301 1.0000000180025095e-35
decision_type=2 2 2 2 2 2
left_child=1 4 -2 -3 -1 -6
right_child=2 3 -4 -5 5 -7
leaf_value=0.01772339020721166 -0.0092570608947789047 -0.0077934153842232484 -0.033654025255602217 0.014932254171034807 0.02557632513781995 -0.003791698568102415
leaf_weight=1548.591391518712 1116.2861757427454 997.12661522626877 442.44698417186737 339.28018470108509 113.38234913349152 508.57876805961132
leaf_count=6480 5218 4518 3135 1423 488 2130
internal_value=0.000110914 0.00755494 -0.0165208 -0.00188883 0.0133336 0.00219206
internal_weight=5065.69 3506.96 1558.73 1336.41 2170.55 621.961
internal_count=23392 15039 8353 5941 9098 2618
is_linear=0
shrinkage=0.05


Tree=31
num_leaves=7
num_cat=0
split_feature=14 7 3 8 4 0
split_gain=222.586 77.897 77.5594 47.7077 39.0122 24.1261
threshold=664.34500000000014 210.25000000000003 4.5000000000000009 4.0054347826086962 258.5750000000001 215.50000000000003
decision_type=2 2 2 2 2 2
left_child=1 4 -2 -4 -1 -6
right_child=2 -3 3 -5 5 -7
leaf_value=0.011302872646110516 -0.0072272447880721655 0.022079101981395146 -0.034732311470351156 0.029122763758872725 -0.0024676714746909561 0.015642306625144081
leaf_weight=957.38430976867676 817.00996500253677 633.51060707867146 512.7491040378809 16.349369660019875 1932.6774127185345 183.06821927428246
leaf_count=3934 3902 2760 3785 82 8194 742
internal_value=6.69809e-05 0.00639559 -0.017198 -0.0317703 0.00304065 -0.00076887
internal_weight=5052.75 3706.64 1346.11 529.098 3073.13 2115.75
internal_count=23399 15630 7769 3867 12870 8936
is_linear=0
shrinkage=0.05


Tree=32
num_leaves=7
num_cat=0
split_feature=3 0 7 0 19 20
split_gain=216.554 73.1092 77.4233 51.0395 40.4748 21.3171
threshold=2.5000000000000004 83.500000000000014 60.083333333333336 281.50000000000006 9.5000000000000018 0.062601452060565319
decision_type=2 2 2 2 2 2
left_child=3 2 -2 4 -1 -3
right_child=1 5 -4 -5 -6 -7
leaf_value=0.016536193626876198 -0.030672207442399242 -0.0021839871313692506 -0.0054860882939764995 0.028527708614232788 0.0026069735894972633 0.024554607059804723
leaf_weight=649.25938333570957 733.28859746456146 374.64420488476753 530.29230233281851 247.2885843962431 2411.1158667951822 72.266525208950043
leaf_count=2696 4916 1623 2669 1151 9944 310
internal_value=6.14675e-05 -0.0142851 -0.0203524 0.00752179 0.00565024 0.00300629
internal_weight=5018.16 1710.49 1263.58 3307.66 3060.38 446.911
internal_count=23309 9518 7585 13791 12640 1933
is_linear=0
shrinkage=0.05


Tree=33
num_leaves=7
num_cat=0
split_feature=14 2 7 8 4 22
split_gain=192.837 69.3329 59.279 46.6928 33.4758 24.0341
threshold=664.34500000000014 5.5000000000000009 280.50000000000006 3.0144796380090502 136.96000000000004 0.59729729729729741
decision_type=2 2 2 2 2 2
left_child=2 5 4 -3 -1 -2
right_child=1 3 -4 -5 -6 -7
leaf_value=0.016509855718700416 -0.010716368049556172 -0.036028928956742798 0.028383014393900164 0.021026631807017061 0.0019325672083785998 0.014796794933711711
leaf_weight=434.32219012081623 783.64089900255203 425.77216782420874 246.25083930790424 26.2250065356493 3018.4319209307432 86.686713546514511
leaf_count=1824 3915 3322 1155 140 12675 403
internal_value=-0.000236537 -0.0164805 0.00562779 -0.0319679 0.00385077 -0.00789989
internal_weight=5021.33 1322.32 3699 451.997 3452.75 870.328
internal_count=23434 7780 15654 3462 14499 4318
is_linear=0
shrinkage=0.05


Tree=34
num_leaves=7
num_cat=0
split_feature=19 7 0 3 8 8
split_gain=182.554 63.997 51.1316 37.4131 32.0093 59.9503
threshold=50.500000000000007 106.10000000000001 133.50000000000003 7.5000000000000009 2.9290744466800809 0.010256679991584264
decision_type=2 2 2 2 2 2
left_child=1 4 3 -2 5 -1
right_child=2 -3 -4 -5 -6 -7
leaf_value=0.0056174143794034239 -0.014524656161062598 0.013288553921414892 0.0043000997203964343 -0.036597695418532791 0.01462591202412891 -0.013168995079588018
leaf_weight=907.63435563445091 1006.7022394016385 1512.6367757171392 273.1626391261816 239.25112296640873 282.66710503399372 764.95553055405617
leaf_count=3709 5348 6434 1125 1901 1175 3668
internal_value=-0.000693572 0.00563869 -0.0150345 -0.0192744 -0.000354074 -0.00302859
internal_weight=4987.01 3467.89 1519.12 1245.95 1955.26 1672.59
internal_count=23360 14986 8374 7249 8552 7377
is_linear=0
shrinkage=0.05


Tree=35
num_leaves=7
num_cat=0
split_feature=19 11 7 4 14 8
split_gain=179.949 64.8312 53.8899 31.073 26.9637 26.0779
threshold=50.500000000000007 3.5000000000000004 237.25000000000003 755.5200000000001 77.550000000000011 2.0507666537817295
decision_type=2 2 2 2 2 2
left_child=2 4 3 -1 -2 -3
right_child=1 5 -4 -5 -6 -7
leaf_value=0.0061892549647319973 0.0084940073750871415 -0.035379744046412566 0.022503707417342964 -0.0059366070592713916 -0.011616108386725426 0.0055299311579349725
leaf_weight=2410.4306868612766 187.23225730657578 362.40909270942211 410.28886191546917 657.87710219621658 923.07021436840296 37.821287490427494
leaf_count=9989 761 2883 1874 3205 4502 236
internal_value=-0.00033998 -0.0146383 0.00591705 0.00356774 -0.00813461 -0.0314346
internal_weight=4989.13 1510.53 3478.6 3068.31 1110.3 400.23
internal_count=23450 8382 15068 13194 5263 3119
is_linear=0
shrinkage=0.05


Tree=36
num_leaves=7
num_cat=0
split_feature=3 8 13 7 4 17
split_gain=171.606 71.693 61.8946 33.7385 25.8254 22.8634
threshold=4.5000000000000009 2.7470707070707072 153.27000000000004 315.50000000000006 1584.9300000000001 9.6794871794871806
decision_type=2 2 2 2 2 2
left_child=2 4 3 5 -2 -1
right_child=1 -3 -4 -5 -6 -7
leaf_value=0.014678912224077988 -0.0094142318918917015 0.015186999309940533 -0.002660284715786017 0.031305167264511713 -0.034223815590177349 0.0041930791640369357
leaf_weight=790.51193410158157 159.91258218884468 99.146672606468201 1783.4220321625471 148.26698783040047 447.8419371843338 1520.0479270815849
leaf_count=3325 987 457 7960 731 3531 6355
internal_value=0.000589516 -0.0218676 0.00441668 0.00952975 -0.0282038 0.00787578
internal_weight=4949.15 706.901 4242.25 2458.83 607.755 2310.56
internal_count=23346 4975 18371 10411 4518 9680
is_linear=0
shrinkage=0.05


Tree=37
num_leaves=7
num_cat=0
split_feature=19 11 7 7 20 20
split_gain=150.064 60.5565 52.7666 31.2121 31.1373 50.9875
threshold=50.500000000000007 2.5000000000000004 106.10000000000001 58.937500000000007 0.12821548562335081 0.0045473767600928425
decision_type=2 2 2 2 2 2
left_child=2 -2 4 -3 5 -1
right_child=1 3 -4 -5 -6 -7
leaf_value=0.0030107461512745848 -0.0047015509317805682 -0.03128086751835276 0.012527702628144094 -0.0036994679729608587 0.023017049986341631 -0.016422594948790264
leaf_weight=1425.8608982786536 865.43957099318504 464.11324302852154 1515.8547595143318 137.56015453487635 118.62754335999489 420.52865614742041
leaf_count=6151 3882 3576 6491 821 524 1955
internal_value=-6.82943e-05 -0.0133744 0.00558433 -0.0252968 0.000155814 -0.00154389
internal_weight=4947.98 1467.11 3480.87 601.673 1965.02 1846.39
internal_count=23400 8279 15121 4397 8630 8106
is_linear=0
shrinkage=0.05


Tree=38
num_leaves=7
num_cat=0
split_feature=19 0 0 8 8 7
split_gain=133.109 55.5706 40.6081 40.061 40.5036 47.0705
threshold=81.500000000000014 313.00000000000006 114.50000000000001 0.058017765310892949 3.09945054945055 103.12500000000001
decision_type=2 2 2 2 2 2
left_child=1 3 -2 -1 5 -5
right_child=2 -3 -4 4 -6 -7
leaf_value=0.0072255771486875835 -0.023186532550734676 0.029746464865813407 0.0057920716350117873 -0.012283144505557765 0.012939943719810561 0.0060213565310959678
leaf_weight=2102.4098865240812 664.71987470239401 177.24431559443474 138.29838144779205 1026.3275827616453 317.5050602555275 513.78473897278309
leaf_count=8847 4418 863 580 5266 1326 2151
internal_value=0.000196111 0.00383236 -0.0181763 0.00252884 -0.00280717 -0.00617781
internal_weight=4940.29 4137.27 803.018 3960.03 1857.62 1540.11
internal_count=23451 18453 4998 17590 8743 7417
is_linear=0
shrinkage=0.05


Tree=39
num_leaves=7
num_cat=0
split_feature=3 8 7 4 8 8
split_gain=132.428 69.097 46.8965 29.149 28.1518 47.6763
threshold=4.5000000000000009 3.2764507377754257 103.12500000000001 1584.9300000000001 2.9290744466800809 1.0000000180025095e-35
decision_type=2 2 2 2 2 2
left_child=2 3 4 -2 5 -1
right_child=1 -3 -4 -5 -6 -7
leaf_value=0.004666300397933947 -0.0064734413112763388 0.020363898057613326 0.0097244712083642566 -0.032143626647009614 0.011657582034016029 -0.010696911152419653
leaf_weight=969.68430332839489 162.17697352916002 79.275024712085724 1864.3579704761505 431.55689951777458 358.12858624756336 1014.7357901334763
leaf_count=3970 1004 353 8006 3560 1491 4843
internal_value=0.000532616 -0.019729 0.00385202 -0.0255713 -0.000864426 -0.00321804
internal_weight=4879.92 673.009 4206.91 593.734 2342.55 1984.42
internal_count=23227 4917 18310 4564 10304 8813
is_linear=0
shrinkage=0.05


Tree=40
num_leaves=7
num_cat=0
split_feature=13 22 3 0 16 22
split_gain=119.616 85.4153 45.1772 44.5378 34.7195 28.653
threshold=276.83000000000004 0.49074074074074076 7.5000000000000009 313.00000000000006 0.40130351008547355 0.11237373737373739
decision_type=2 2 2 2 2 2
left_child=3 2 -2 5 -3 -1
right_child=1 4 -4 -5 -6 -7
leaf_value=0.0076954410541219698 -0.012183526914305277 -0.010887473894197176 -0.037432317713820273 0.027941643051857052 0.0194637454372159 -0.0025419228160269737
leaf_weight=1886.8974558636546 1186.5915220379829 124.70156535506248 199.0244324952364 189.850257396698 266.89761306345463 1052.8713346719742
leaf_count=7991 6260 630 1846 934 1209 4567
internal_value=-0.000219135 -0.010511 -0.0162912 0.00565491 0.00973925 0.00403655
internal_weight=4906.83 1777.22 1385.62 3129.62 391.599 2939.77
internal_count=23437 9945 8106 13492 1839 12558
is_linear=0
shrinkage=0.05


Tree=41
num_leaves=7
num_cat=0
split_feature=3 7 8 22 8 4
split_gain=111.083 52.5665 46.4366 46.0515 47.9874 25.9877
threshold=5.5000000000000009 136.16666666666671 1.8800119732500076 0.70714285714285718 3.3812751677852355 140.20500000000004
decision_type=2 2 2 2 2 2
left_child=1 3 -2 4 5 -1
right_child=2 -3 -4 -5 -6 -7
leaf_value=0.01031312201386173 -0.030002323805869081 0.01099339729171666 0.0079288653623963475 0.016245018032711177 0.015555503485103265 -0.0069522175272835121
leaf_weight=223.70192229747772 371.81612434238195 1335.3997249901295 92.499923944473267 330.79547745734453 290.95216029882431 2223.3788931667805
leaf_count=943 3222 5795 498 1386 1216 10261
internal_value=0.000304716 0.00279213 -0.0224304 -0.000824725 -0.00298985 -0.00530308
internal_weight=4868.54 4404.23 464.316 3068.83 2738.03 2447.08
internal_count=23321 19601 3720 13806 12420 11204
is_linear=0
shrinkage=0.05


Tree=42
num_leaves=7
num_cat=0
split_feature=3 8 0 15 17 22
split_gain=109.145 56.5818 48.1338 31.5244 30.8905 22.3364
threshold=4.5000000000000009 5.5906544435956205 281.50000000000006 861.90500000000009 9.6794871794871806 0.73611111111111127
decision_type=2 2 2 2 2 2
left_child=2 3 4 -2 -1 -6
right_child=1 -3 -4 -5 5 -7
leaf_value=0.009275168406339929 -0.0098190378610878946 0.032081432378107518 0.02342769237433736 -0.032977430762464698 -0.002505392246168716 0.0097104856438746667
leaf_weight=1035.398766964674 309.30504494160414 34.810001686215401 259.4983976483345 308.88922947645187 2505.2102154791355 419.38639841973782
leaf_count=4429 2265 148 1284 2547 10986 1752
internal_value=0.0003998 -0.0183075 0.00336762 -0.0220613 0.00194197 -0.000699582
internal_weight=4872.5 653.004 4219.49 618.194 3960 2924.6
internal_count=23411 4960 18451 4812 17167 12738
is_linear=0
shrinkage=0.05


Tree=43
num_leaves=7
num_cat=0
split_feature=19 0 0 22 12 20
split_gain=107.117 42.9104 33.7017 42.554 25.0268 23.8721
threshold=50.500000000000007 348.50000000000006 185.50000000000003 0.49074074074074076 270.77500000000003 0.013725826234312552
decision_type=2 2 2 2 2 2
left_child=1 5 3 4 -2 -1
right_child=2 -3 -4 -5 -6 -7
leaf_value=0.0058546379065229706 -0.012742273987494723 0.032415936818826152 0.0087601366092757982 0.003474353977925183 -0.030226262076197635 -0.004447813148065651
leaf_weight=2613.1315714120865 661.48068663477898 115.65788502991199 168.03708431124687 260.85664034634829 322.00672424584627 699.02253762632608
leaf_count=11320 3738 599 687 1300 2542 3115
internal_value=4.47017e-05 0.00481912 -0.0114482 -0.0142725 -0.0189551 0.00366668
internal_weight=4840.19 3427.81 1412.38 1244.34 983.487 3312.15
internal_count=23301 15034 8267 7580 6280 14435
is_linear=0
shrinkage=0.05


Tree=44
num_leaves=7
num_cat=0
split_feature=3 7 17 22 0 7
split_gain=96.0816 58.2273 37.157 37.0794 28.906 24.1426
threshold=7.5000000000000009 136.16666666666671 9.6794871794871806 0.70714285714285718 63.500000000000007 20.038461538461544
decision_type=2 2 2 2 2 2
left_child=1 2 -1 4 -4 -6
right_child=-2 -3 3 -5 5 -7
leaf_value=0.0069757104599024039 -0.029600180797067072 0.010255456310029061 -0.012834522302262003 0.012139715841563228 0.028095966967277744 -0.0031883727523032662
leaf_weight=819.62562829256058 242.94026567786932 1319.2881394028664 1128.0728204622865 256.35071519762278 45.656624555587769 1005.2410566359758
leaf_count=3655 2206 5760 6024 1082 194 4331
internal_value=-0.00020578 0.00147744 -0.00212136 -0.00521492 -0.0073485 -0.00132988
internal_weight=4817.18 4574.23 3254.95 2435.32 2178.97 1050.9
internal_count=23252 21046 15286 11631 10549 4525
is_linear=0
shrinkage=0.05


Tree=45
num_leaves=7
num_cat=0
split_feature=19 7 20 20 22 13
split_gain=90.5524 47.6171 32.2534 58.3368 26.7481 27.3489
threshold=94.500000000000014 103.12500000000001 0.0045473767600928425 0.12145902899892923 0.59729729729729741 693.3950000000001
decision_type=2 2 2 2 2 2
left_child=1 2 -1 -4 5 -2
right_child=4 -3 3 -5 -6 -7
leaf_value=0.0023080507485734735 -0.010398892039926555 0.0091778676575243866 -0.016178474512745983 0.018632199172827362 0.0095195622551800581 -0.03391185841918825
leaf_weight=1710.308314524591 304.00699396431446 1771.9852371811867 633.05258760601282 129.93486080318689 69.318409487605095 224.83720222860575
leaf_count=7705 1738 7685 3354 613 350 1990
internal_value=0.000379677 0.00297014 -0.00151532 -0.0099258 -0.0175066 -0.0212669
internal_weight=4843.44 4245.28 2473.3 762.987 598.163 528.844
internal_count=23435 19357 11672 3967 4078 3728
is_linear=0
shrinkage=0.05


Tree=46
num_leaves=7
num_cat=0
split_feature=3 3 8 8 20 20
split_gain=85.9845 49.0797 36.0971 30.5539 26.5266 24.2978
threshold=7.5000000000000009 1.5000000000000002 3.09945054945055 3.0144796380090502 0.13458271280987541 0.016107801178801364
decision_type=2 2 2 2 2 2
left_child=1 5 4 -2 -3 -1
right_child=3 2 -4 -5 -6 -7
leaf_value=0.0095408615430559399 -0.034183261446339111 -0.0066509467566518215 0.010589800718580141 0.013761544198474591 0.020015369958172682 -0.0059894460903561165
leaf_weight=1851.3126481324434 207.25482331961393 2009.6867177337408 400.6325990408659 27.808982208371162 78.666382901370525 277.17835599184036
leaf_count=7903 2082 10163 1684 135 378 1175
internal_value=0.000388614 0.00194156 -0.0028179 -0.0278769 -0.00546611 0.00748153
internal_weight=4852.54 4617.48 2488.99 235.064 2088.35 2128.49
internal_count=23520 21303 12225 2217 10541 9078
is_linear=0
shrinkage=0.05


Tree=47
num_leaves=7
num_cat=0
split_feature=19 0 11 8 0 22
split_gain=79.8369 30.6015 28.9135 23.2587 19.7964 40.5559
threshold=50.500000000000007 313.00000000000006 3.5000000000000004 2.0138423220615009 34.500000000000007 0.39827586206896559
decision_type=2 2 2 2 2 2
left_child=1 4 -2 -4 5 -1
right_child=2 -3 3 -5 -6 -7
leaf_value=-0.011682912105885717 -0.0057846911061067855 0.024199750245992351 -0.026862434626117128 0.010745366205363344 0.0051703615398669177 0.011281085710189695
leaf_weight=533.78699174523354 1067.9995073229074 159.16070418059826 299.6246806755662 36.268426559865475 2439.3237160891294 275.75650151073933
leaf_count=2560 5239 836 2907 247 10424 1198
internal_value=-7.39181e-05 0.00406002 -0.0100253 -0.022426 0.00293135 -0.00377725
internal_weight=4811.92 3408.03 1403.89 335.893 3248.87 809.543
internal_count=23411 15018 8393 3154 14182 3758
is_linear=0
shrinkage=0.05


Tree=48
num_leaves=7
num_cat=0
split_feature=3 7 22 8 8 20
split_gain=69.3766 43.994 29.2741 51.6684 29.5044 24.2549
threshold=7.5000000000000009 103.12500000000001 0.70714285714285718 4.6539558089807569 0.14048793859649125 0.13458271280987541
decision_type=2 2 2 2 2 2
left_child=1 2 3 5 -4 -1
right_child=-2 -3 4 -5 -6 -7
leaf_value=-0.0084159387247707239 -0.026211813820819881 0.0067837783290908187 0.020470741095164745 0.017830888811186985 -0.010282305164949265 0.01718063269508378
leaf_weight=2106.9872287660837 228.29502452164888 1869.4738462120295 217.34507431089878 205.44518300890923 101.27576015889645 78.54710728675127
leaf_count=10463 2232 8153 905 858 444 370
internal_value=-0.000469502 0.000922317 -0.00314184 -0.00505504 0.0106657 -0.00734856
internal_weight=4807.37 4579.07 2709.6 2390.98 318.621 2185.53
internal_count=23425 21193 13040 11691 1349 10833
is_linear=0
shrinkage=0.05


Tree=49
num_leaves=7
num_cat=0
split_feature=19 15 22 12 22 7
split_gain=64.3831 31.4896 30.0877 29.3109 33.6892 22.9367
threshold=81.500000000000014 924.49000000000012 0.3053997194950912 179.05000000000004 0.49074074074074076 315.50000000000006
decision_type=2 2 2 2 2 2
left_child=3 2 -2 5 -5 -1
right_child=1 -3 -4 4 -6 -7
leaf_value=0.0036571717646226264 -0.014469439669817752 -0.026108672601279956 0.010862989491729695 -0.014573929995345826 0.0083928955262285582 0.023203030470207955
leaf_weight=3266.933968283236 282.98895225673914 272.06523988395929 173.010776437819 441.16431111842394 228.15979024022818 138.47538214921951
leaf_count=14308 1812 2214 931 2454 1009 751
internal_value=0.000237819 -0.0132513 -0.00480548 0.00270098 -0.00672862 0.00458281
internal_weight=4802.8 728.065 456 4074.73 669.324 3405.41
internal_count=23479 4957 2743 18522 3463 15059
is_linear=0
shrinkage=0.05


Tree=50
num_leaves=7
num_cat=0
split_feature=19 18 4 20 20 17
split_gain=63.2072 28.998 27.5006 24.6661 23.2463 21.4425
threshold=76.500000000000014 64.292913608131002 3312.5550000000007 0.00059103121928520382 0.13238120272987622 1.9411764705882355
decision_type=2 2 2 2 2 2
left_child=1 3 -2 -1 -5 -6
right_child=2 -3 -4 4 5 -7
leaf_value=0.0040920648381690509 -0.007274414216791582 0.02185340368088233 -0.0291792973913228 -0.0082591667920225136 -0.030595354079122217 0.016031361506724944
leaf_weight=2751.7969233319163 618.55005416274071 165.93531612306833 175.8291112408042 865.89924073964357 9.6149880737066251 169.75042892992496
leaf_count=12084 3659 809 1694 4225 42 755
internal_value=-2.81439e-05 0.00256711 -0.0127204 0.00161419 -0.0048635 0.0107134
internal_weight=4757.38 3963 794.379 3797.06 1045.26 179.365
internal_count=23268 17915 5353 17106 5022 797
is_linear=0
shrinkage=0.05


Tree=51
num_leaves=7
num_cat=0
split_feature=13 22 0 18 0 8
split_gain=63.555 39.4129 35.8941 26.3945 26.1797 24.0081
threshold=722.69500000000005 0.59729729729729741 313.00000000000006 64.292913608131002 47.500000000000007 0.31066021867115229
decision_type=2 2 2 2 2 2
left_child=2 4 3 5 -2 -1
right_child=1 -3 -4 -5 -6 -7
leaf_value=0.003271359883324939 -0.025763496842958273 0.015079403401346229 0.023053942368341421 0.022269703974203865 0.0022860323964213141 -0.0046672322044978799
leaf_weight=2344.4327445700765 411.67694417387247 76.681789852678776 170.4058718085289 118.68749525398016 99.215776637196541 1574.734039247036
leaf_count=10214 3383 402 901 519 535 7540
internal_value=-0.000336602 -0.0154567 0.00183765 0.000833062 -0.0204353 7.41061e-05
internal_weight=4795.83 587.575 4208.26 4037.85 510.893 3919.17
internal_count=23494 4320 19174 18273 3918 17754
is_linear=0
shrinkage=0.05


Tree=52
num_leaves=7
num_cat=0
split_feature=19 0 8 7 22 18
split_gain=62.4948 30.1877 25.4089 34.5732 26.8497 20.0053
threshold=50.500000000000007 281.50000000000006 3.772312223858616 55.083333333333336 0.81534090909090928 64.292913608131002
decision_type=2 2 2 2 2 2
left_child=1 5 3 4 -2 -1
right_child=2 -3 -4 -5 -6 -7
leaf_value=0.0010347167036557606 -0.024759160720327744 0.020390969625436045 0.011889434637370232 -0.0043613514527598629 0.012368679665887977 0.018610041641193967
leaf_weight=3023.4341817945242 459.59263922274113 220.15908163785934 113.04681420326233 748.00928933918476 42.156550906598568 151.29215276241302
leaf_count=13139 3896 1165 484 3765 185 741
internal_value=-0.000343116 0.00328969 -0.0093095 -0.0113841 -0.0212852 0.00198353
internal_weight=4757.69 3394.89 1362.81 1249.76 501.749 3174.73
internal_count=23375 15045 8330 7846 4081 13880
is_linear=0
shrinkage=0.05


Tree=53
num_leaves=7
num_cat=0
split_feature=3 7 8 18 19 22
split_gain=61.6556 34.6009 29.7412 28.9912 19.8445 31.0404
threshold=7.5000000000000009 284.50000000000006 2.6074929971988801 64.292913608131002 50.500000000000007 0.28269230769230774
decision_type=2 2 2 2 2 2
left_child=1 3 -2 4 -1 -6
right_child=2 -3 -4 -5 5 -7
leaf_value=0.0022062134103129141 -0.031781786271610227 0.020868453144562985 0.013320474253125783 0.021278613511581796 -0.012152575134527348 0.0043473349401518492
leaf_weight=3010.8329929858446 182.37911958992481 208.50224195420742 32.875511899590492 147.69434262812138 679.26925112307072 467.36438240855932
leaf_count=13006 2065 1109 173 674 3867 2385
internal_value=0.000614167 0.00190669 -0.0243466 0.000896101 7.36041e-05 -0.00546803
internal_weight=4728.92 4513.66 215.255 4305.16 4157.47 1146.63
internal_count=23279 21041 2238 19932 19258 6252
is_linear=0
shrinkage=0.05


Tree=54
num_leaves=7
num_cat=0
split_feature=3 8 1 19 16 17
split_gain=49.2032 46.6165 29.0286 35.1103 25.1391 22.5404
threshold=5.5000000000000009 4.0054347826086962 343.50000000000006 46.500000000000007 -0.03638234129987479 39.690476190476197
decision_type=2 2 2 2 2 2
left_child=2 -2 3 5 -4 -1
right_child=1 -3 4 -5 -6 -7
leaf_value=0.0021831881749897644 -0.022150793647657933 0.025940107540634513 0.0015969547187098085 -0.0076030142998856302 0.026118920447169083 0.024247484087482282
leaf_weight=2808.8258187174797 360.22223258763552 41.001795947551727 209.14113908261061 1014.9485851451755 194.62270996719599 101.11765278875828
leaf_count=12143 3534 181 904 5137 998 424
internal_value=7.91049e-05 -0.016238 0.00165926 0.000315326 0.0140919 0.00311018
internal_weight=4729.88 401.224 4328.66 3924.89 403.764 2909.94
internal_count=23321 3715 19606 17704 1902 12567
is_linear=0
shrinkage=0.05


Tree=55
num_leaves=7
num_cat=0
split_feature=3 13 6 18 22 20
split_gain=51.745 37.6682 25.694 22.1859 20.9082 20.3905
threshold=1.5000000000000002 748.19500000000005 102.29862167865515 64.292913608131002 0.59729729729729741 0.016107801178801364
decision_type=2 2 2 2 2 2
left_child=3 2 -2 5 -3 -1
right_child=1 4 -4 -5 -6 -7
leaf_value=0.0066013676647987476 -0.0069303705849434825 -0.021388421556527436 0.0039145838131390961 0.028920681811659202 0.0089061210601554704 -0.0078792988627323542
leaf_weight=1745.1426692008972 1147.2512155473232 396.65074751526117 1008.4931252077222 79.870560318231583 54.712661005556583 264.66504967212677
leaf_count=7537 5380 3429 5075 348 312 1129
internal_value=-2.48969e-06 -0.00468556 -0.00186757 0.00582919 -0.0174941 0.00463561
internal_weight=4696.79 2607.11 2155.74 2089.68 451.363 2009.81
internal_count=23210 14196 10455 9014 3741 8666
is_linear=0
shrinkage=0.05


Tree=56
num_leaves=7
num_cat=0
split_feature=12 22 18 15 22 22
split_gain=42.1101 38.8591 27.6644 23.8927 49.7705 39.0375
threshold=300.49500000000006 0.49074074074074076 64.292913608131002 108.08000000000001 0.09232954545454547 0.32426470588235301
decision_type=2 2 2 2 2 2
left_child=2 -2 3 5 -5 -1
right_child=1 -3 -4 4 -6 -7
leaf_value=0.0008623741479400187 -0.0195292523605297 0.0060255728806936559 0.022271964448099701 0.0061032040158324535 -0.010512185757048435 0.018207987625257552
leaf_weight=1701.7149970531464 474.205795109272 201.6323446854949 132.27341493964195 754.64493724703789 1063.1689340174198 381.41835127025843
leaf_count=7504 3545 997 613 3564 5403 1691
internal_value=-0.000589854 -0.0119511 0.0013635 0.000544543 -0.00362314 0.00418128
internal_weight=4709.06 675.838 4033.22 3900.95 1817.81 2083.13
internal_count=23317 4542 18775 18162 8967 9195
is_linear=0
shrinkage=0.05


Tree=57
num_leaves=7
num_cat=0
split_feature=7 20 20 13 6 18
split_gain=46.6231 32.886 34.1391 18.1013 36.8286 17.3415
threshold=103.12500000000001 1.0000000180025095e-35 0.13238120272987622 975.41500000000008 391.41849175475357 24.015151515151519
decision_type=2 2 2 2 2 2
left_child=1 5 3 4 -3 -1
right_child=-2 2 -4 -5 -6 -7
leaf_value=-0.0020606542849778654 0.0057636960928059613 -0.01353807304025437 0.0121454864227301 -0.027979711096589418 0.025355268500045852 0.012639744869920456
leaf_weight=1577.8609174415469 1829.9786618947983 724.00618816912174 122.85375018417835 183.92869825661182 47.992148689925671 209.4273082241416
leaf_count=7325 8058 4113 596 1931 266 995
internal_value=-0.00043454 -0.00440462 -0.0112118 -0.014401 -0.010541 -0.000217307
internal_weight=4696.05 2866.07 1078.78 955.927 771.998 1787.29
internal_count=23284 15226 6906 6310 4379 8320
is_linear=0
shrinkage=0.05


Tree=58
num_leaves=7
num_cat=0
split_feature=13 0 3 18 5 17
split_gain=40.1111 34.2721 27.0292 20.8912 16.8177 23.6893
threshold=748.19500000000005 313.00000000000006 5.5000000000000009 64.292913608131002 96.575000000000003 3.8452380952380958
decision_type=2 2 2 2 2 2
left_child=1 3 -2 4 -1 -6
right_child=2 -3 -4 -5 5 -7
leaf_value=0.010293738667745821 -0.0050203022849129907 0.022287859629475243 -0.028923139469522099 0.019423886851052244 -0.021714980881469746 -0.00066025117776891042
leaf_weight=311.51715471595526 362.15332753956318 163.33373111486435 164.0110003054142 116.30994293093681 119.01023308932781 3475.486751422286
leaf_count=1365 2053 902 2084 512 529 15960
internal_value=-0.000511614 0.00114604 -0.0132574 0.000181508 -0.000487505 -0.00147365
internal_weight=4711.82 4185.66 526.164 4022.32 3906.01 3594.5
internal_count=23405 19268 4137 18366 17854 16489
is_linear=0
shrinkage=0.05


Tree=59
num_leaves=7
num_cat=0
split_feature=0 15 1 3 19 7
split_gain=40.2238 28.9792 28.9726 28.5239 15.7451 21.2182
threshold=32.500000000000007 148.31500000000003 351.50000000000006 7.5000000000000009 9.5000000000000018 26.041666666666668
decision_type=2 2 2 2 2 2
left_child=3 2 4 -1 -2 -6
right_child=1 -3 -4 -5 5 -7
leaf_value=-0.0049455906605040756 0.012404837290225344 -0.002466234173868668 0.0254609025051819 -0.028209965415854955 0.022174118741966412 -0.0003592109114156309
leaf_weight=1153.9456681907177 453.53438657522202 1541.7164161801338 167.39092852920294 131.16631000488997 94.771249428391457 1157.6972559168935
leaf_count=6070 1978 7348 871 1730 438 4942
internal_value=-0.000244616 0.00259544 0.00674301 -0.00771601 0.00463268 0.00166755
internal_weight=4700.22 3415.11 1873.39 1285.11 1706 1252.47
internal_count=23377 15577 8229 7800 7358 5380
is_linear=0
shrinkage=0.05


Tree=60
num_leaves=7
num_cat=0
split_feature=15 1 8 22 20 20
split_gain=37.584 38.9028 28.6747 25.3886 21.0265 15.5668
threshold=1170.8550000000002 342.50000000000006 0.074023338406900063 0.09232954545454547 0.13458271280987541 1.0000000180025095e-35
decision_type=2 2 2 2 2 2
left_child=1 2 -1 -2 5 -4
right_child=3 -3 4 -5 -6 -7
leaf_value=0.0035658911326485587 0.0084249067143781567 0.014913892150829618 -0.0023681236746867849 -0.022833796197769263 0.017297671861948888 -0.012262444941076154
leaf_weight=2175.3563199937344 73.623917981982231 453.62096074223518 1030.1857738867402 253.35150579363108 81.325260423123837 640.40274737775326
leaf_count=9452 479 2308 4914 2158 383 3740
internal_value=0.000128308 0.00137688 -0.00025436 -0.0157155 -0.00498468 -0.00626121
internal_weight=4707.87 4380.89 3927.27 326.975 1751.91 1670.59
internal_count=23434 20797 18489 2637 9037 8654
is_linear=0
shrinkage=0.05


Tree=61
num_leaves=7
num_cat=0
split_feature=3 1 5 18 15 13
split_gain=37.0327 20.9253 22.0954 20.4137 17.0793 16.8759
threshold=7.5000000000000009 313.00000000000006 76.364545454545478 64.292913608131002 245.87500000000003 837.18000000000018
decision_type=2 2 2 2 2 2
left_child=1 2 -1 -4 -3 -2
right_child=5 4 3 -5 -6 -7
leaf_value=0.016200534193845022 -0.0035231658684656054 0.0187437933493068 -0.0017459990511479407 0.01714133211044588 0.0023246074704154776 -0.032718919723366588
leaf_weight=176.87879785895348 94.527312636375427 265.51809713244438 3536.5768407583237 129.11582183092833 370.53966300189495 98.056274369359016
leaf_count=777 813 1355 16534 589 1843 1423
internal_value=0.000325966 0.00128825 -0.000120178 -0.00099133 0.00954115 -0.0200682
internal_weight=4671.21 4478.63 3842.57 3665.69 636.058 192.584
internal_count=23334 21098 17900 17123 3198 2236
is_linear=0
shrinkage=0.05


Tree=62
num_leaves=7
num_cat=0
split_feature=0 22 15 22 1 7
split_gain=30.4115 66.2209 22.2152 23.127 18.8681 18.7442
threshold=34.500000000000007 0.39827586206896559 148.31500000000003 0.09232954545454547 363.50000000000006 70.100000000000009
decision_type=2 2 2 2 2 2
left_child=1 5 4 -4 -2 -1
right_child=2 -3 3 -5 -6 -7
leaf_value=-0.019308873162633397 0.0038374096652148792 0.0086089527450664716 0.004188998518367979 -0.0080798132933601104 0.021324288379725415 -0.0032185717835015518
leaf_weight=631.80989150702953 1668.5030817240477 437.94345902651548 675.96519461274147 841.74942559748888 152.15197023749352 263.2502538561821
leaf_count=4557 7204 2212 3147 4071 799 1325
internal_value=-0.000735785 -0.00706204 0.00181729 -0.00263207 0.00551461 -0.0147503
internal_weight=4671.37 1333 3338.37 1517.71 1820.66 895.06
internal_count=23315 8094 15221 7218 8003 5882
is_linear=0
shrinkage=0.05


Tree=63
num_leaves=7
num_cat=0
split_feature=3 18 8 7 18 20
split_gain=30.2829 23.2267 22.2807 17.4563 20.9667 17.7286
threshold=7.5000000000000009 64.292913608131002 2.6074929971988801 105.12500000000001 30.871929824561409 0.13238120272987622
decision_type=2 2 2 2 2 2
left_child=1 3 -2 5 -5 -1
right_child=2 -3 -4 4 -6 -7
leaf_value=-0.0028676585811004832 -0.025491086549716397 0.019478171261250201 0.013656058249112993 0.005846700777126769 -0.017331003247126622 0.015859079670393343
leaf_weight=2489.4195826798677 156.27202854305506 150.17774606496096 32.183999091386795 1635.8187079653144 84.53291580080986 113.32149696350098
leaf_count=12235 2051 697 173 7246 375 520
internal_value=0.000495891 0.00135811 -0.0181369 0.00064185 0.00452174 -0.00193759
internal_weight=4661.73 4473.27 188.456 4323.09 1720.35 2602.74
internal_count=23297 21073 2224 20376 7621 12755
is_linear=0
shrinkage=0.05


Tree=64
num_leaves=7
num_cat=0
split_feature=19 7 8 15 22 8
split_gain=33.6773 23.629 20.2572 18.5263 17.5919 37.3181
threshold=93.500000000000014 103.12500000000001 3.772312223858616 900.07500000000016 0.70714285714285718 4.3242490310077528
decision_type=2 2 2 2 2 2
left_child=1 4 3 -2 5 -1
right_child=2 -3 -4 -5 -6 -7
leaf_value=-0.0058620472660614754 -0.0064944560416210695 0.0057060797272894216 0.015767437207880621 -0.026569241190455697 0.0088873241013843595 0.015563090054450028
leaf_weight=1876.7830631807446 301.90892016887665 1726.0905959606171 43.947115197777748 185.71313909813762 306.68068234622478 208.33177870512009
leaf_count=9387 2002 7645 192 1894 1292 877
internal_value=-0.000267016 0.00128113 -0.0118716 -0.0148856 -0.00193307 -0.00359386
internal_weight=4649.46 4117.89 531.569 487.622 2391.8 2085.11
internal_count=23289 19201 4088 3896 11556 10264
is_linear=0
shrinkage=0.05


Tree=65
num_leaves=7
num_cat=0
split_feature=12 22 18 0 18 4
split_gain=29.0673 25.2696 19.61 18.7383 17.8134 15.3732
threshold=300.49500000000006 0.36914203316510458 64.292913608131002 348.50000000000006 37.806055646481191 77.020000000000024
decision_type=2 2 2 2 2 2
left_child=2 -2 3 4 5 -1
right_child=1 -3 -4 -5 -6 -7
leaf_value=0.016789299401319759 -0.016919751857195454 0.0033098485087680179 0.018724854609182554 0.020215332037933794 -0.017952563649293211 -0.00011414911436320801
leaf_weight=119.83869181573391 428.52440746501088 226.66843758523464 133.25727757066488 96.703066155314445 115.17004302144051 3523.4902972839773
leaf_count=542 3304 1265 624 574 534 16452
internal_value=-0.00043462 -0.0100304 0.00118389 0.000484065 -0.000127919 0.000530476
internal_weight=4643.65 655.193 3988.46 3855.2 3758.5 3643.33
internal_count=23295 4569 18726 18102 17528 16994
is_linear=0
shrinkage=0.05


Tree=66
num_leaves=7
num_cat=0
split_feature=3 1 19 6 17 22
split_gain=30.1818 20.4603 26.1958 26.445 19.9759 18.857
threshold=8.5000000000000018 282.50000000000006 46.500000000000007 324.6477016158633 39.690476190476197 0.097619047619047633
decision_type=2 2 2 2 2 2
left_child=1 2 4 -4 -1 -3
right_child=-2 5 3 -5 -6 -7
leaf_value=0.0015077877608850895 -0.020378433467258223 0.018467569966809646 -0.010733493690011257 0.011728529496742881 0.022592517322090146 0.003104020967608733
leaf_weight=2593.2639993876219 141.59303467348218 285.03243761882186 793.10739968717098 139.08190898969769 97.668155044317245 609.15915900468826
leaf_count=11287 1781 1455 4415 849 408 3209
internal_value=0.000861334 0.00161398 -7.2196e-05 -0.00720622 0.0024341 0.00829819
internal_weight=4658.91 4517.31 3623.12 932.189 2690.93 894.192
internal_count=23404 21623 16959 5264 11695 4664
is_linear=0
shrinkage=0.05


Tree=67
num_leaves=7
num_cat=0
split_feature=12 7 18 18 17 7
split_gain=26.6131 15.151 14.2432 14.188 12.7911 12.3208
threshold=621.03000000000009 315.50000000000006 64.292913608131002 39.643333333333338 9.6794871794871806 19.174242424242429
decision_type=2 2 2 2 2 2
left_child=1 2 3 4 -1 -5
right_child=-2 -3 -4 5 -6 -7
leaf_value=0.0049359298370379463 -0.016661206264990021 0.016247925535782439 0.014504286601299926 0.014626488810678058 -0.0016532720411425172 -0.022387228056824394
leaf_weight=941.81020626798272 219.23438224196434 126.89719496667385 141.22852074354887 13.06947575882077 3124.3372405730188 101.44133253395557
leaf_count=4315 1854 766 655 62 15320 476
internal_value=-0.000415253 0.000456325 -8.00475e-05 -0.000639438 -0.000110377 -0.0166161
internal_weight=4668.02 4448.78 4321.89 4180.66 4066.15 114.511
internal_count=23448 21594 20828 20173 19635 538
is_linear=0
shrinkage=0.05


Tree=68
num_leaves=7
num_cat=0
split_feature=3 8 8 6 17 18
split_gain=27.6076 22.1308 18.8758 19.3746 15.0229 18.4021
threshold=7.5000000000000009 1.8491025111325348 0.27285388706001523 110.10448032721011 36.354166666666679 3.0721726190476195
decision_type=2 2 2 2 2 2
left_child=2 -2 -1 -4 -5 -6
right_child=1 -3 3 4 5 -7
leaf_value=0.003345755492611797 -0.027132847091925424 0.010093989671416765 -0.0080962150214872238 0.0052977906775730629 0.019046328908084456 -0.018459235820122665
leaf_weight=2659.8743434920907 137.69794941693544 41.672623999416828 949.06481903791428 705.66025473177433 24.369596347212791 130.42245028913021
leaf_count=12181 1965 275 4434 3687 128 745
internal_value=-0.000133447 -0.0183391 0.000675646 -0.00324291 0.00217251 -0.0110509
internal_weight=4648.76 179.371 4469.39 1809.52 860.452 154.792
internal_count=23415 2240 21175 8994 4560 873
is_linear=0
shrinkage=0.05


Tree=69
num_leaves=7
num_cat=0
split_feature=15 22 1 4 18 22
split_gain=29.9789 27.3284 27.0767 21.3061 18.6044 21.9831
threshold=148.31500000000003 0.09232954545454547 363.50000000000006 1682.5450000000003 27.453416149068328 0.39827586206896559
decision_type=2 2 2 2 2 2
left_child=2 -2 4 -3 5 -1
right_child=1 3 -4 -5 -6 -7
leaf_value=-0.0018098428947107025 0.0028466472868427656 -0.0045292772233392403 0.022084282843208822 -0.01882079200218878 0.014812548136585963 0.010206230235458908
leaf_weight=1791.04481626302 765.61315959692001 844.68326604738832 164.35004972666502 370.05080147460103 241.79188204184175 462.0312049947679
leaf_count=8137 3865 3980 888 3380 1089 2039
internal_value=0.000122322 -0.00450976 0.0035798 -0.00911731 0.00219487 0.000722376
internal_weight=4639.57 1980.35 2659.22 1214.73 2494.87 2253.08
internal_count=23378 11225 12153 7360 11265 10176
is_linear=0
shrinkage=0.05


Tree=70
num_leaves=7
num_cat=0
split_feature=0 15 15 1 1 15
split_gain=24.2948 21.8142 16.524 15.5102 13.5284 11.2942
threshold=34.500000000000007 873.54500000000019 148.31500000000003 282.50000000000006 253.50000000000003 155.79500000000004
decision_type=2 2 2 2 2 2
left_child=1 4 3 -2 -1 -4
right_child=2 -3 5 -5 -6 -7
leaf_value=-0.0057167500407726245 0.003535441500029394 -0.02244730489865171 -0.025995217123149929 0.017790255808738335 0.0084408798617951458 -0.00098727315309711039
leaf_weight=974.15482906624675 1616.5915829390287 153.80344761908054 26.647166103124619 199.49318426847458 184.83252837508917 1486.3850415162742
leaf_count=5114 6958 1919 122 1087 1123 7116
internal_value=-0.00018548 -0.00589424 0.00208744 0.00527803 -0.00335404 -0.0017611
internal_weight=4641.91 1312.79 3329.12 1816.08 1158.99 1513.03
internal_count=23439 8156 15283 8045 6237 7238
is_linear=0
shrinkage=0.05


Tree=71
num_leaves=7
num_cat=0
split_feature=3 1 6 6 17 22
split_gain=25.0544 22.5518 24.2428 27.481 19.2357 17.6927
threshold=7.5000000000000009 282.50000000000006 12.690047893819523 100.40109628863779 17.345238095238098 0.081666666666666679
decision_type=2 2 2 2 2 2
left_child=1 2 -1 -4 -5 -3
right_child=-2 5 3 4 -6 -7
leaf_value=0.0032251450533543058 -0.017175195628789136 0.018357062409031639 -0.012048683210769864 0.0086962465110535982 -0.0056206745321640984 0.0032144171917822457
leaf_weight=1967.3189873471856 172.55603595450521 278.1144330650568 729.8031046167016 408.28454092144966 499.16660890728235 578.29090497642756
leaf_count=8319 2232 1425 3509 2102 2843 2972
internal_value=0.000487829 0.00124466 -0.000501672 -0.00496468 0.000869481 0.00843863
internal_weight=4633.53 4460.98 3604.57 1637.25 907.451 856.405
internal_count=23402 21170 16773 8454 4945 4397
is_linear=0
shrinkage=0.05


Tree=72
num_leaves=7
num_cat=0
split_feature=20 8 7 6 3 20
split_gain=31.3876 22.5192 23.684 16.4703 16.461 15.0401
threshold=1.0000000180025095e-35 3.2764507377754257 87.083333333333357 5.688674054645781 1.5000000000000002 0.013725826234312552
decision_type=2 2 2 2 2 2
left_child=-1 2 4 5 -2 -4
right_child=1 -3 3 -5 -6 -7
leaf_value=0.0026017632781666329 0.0024049711684688418 0.010438886145356659 0.017879633026037785 0.0062530127621705199 -0.017167798241183762 -0.016122084984132545
leaf_weight=3169.2750044874847 123.07282400131226 162.5803349763155 21.761241272091866 339.16961096227169 634.54526991024613 177.955013692379
leaf_count=14624 507 705 97 1537 5141 787
internal_value=-0.000191083 -0.00621057 -0.00842527 -0.00035585 -0.0140082 -0.011127
internal_weight=4628.36 1459.08 1296.5 538.886 757.618 199.716
internal_count=23398 8774 8069 2421 5648 884
is_linear=0
shrinkage=0.05


Tree=73
num_leaves=7
num_cat=0
split_feature=7 8 15 6 19 6
split_gain=23.6085 24.7631 23.0997 17.3568 12.9599 9.76235
threshold=103.12500000000001 2.9290744466800809 861.90500000000009 524.58137510288714 4.5000000000000009 257.27726680081946
decision_type=2 2 2 2 2 2
left_child=1 2 4 -3 -1 -6
right_child=-2 3 -4 -5 5 -7
leaf_value=0.010885941730451605 0.0047179730234525761 0.0046027145910703627 -0.01787463371382824 0.037341469755614622 -0.0048953459930117967 0.0076764756396242922
leaf_weight=142.27043396234512 1806.383283443749 410.3105750605464 269.29297456145287 26.126561254262924 1792.9766485840082 151.01653515174985
leaf_count=622 8073 1773 2782 115 8963 951
internal_value=0.000292954 -0.00258317 -0.00461655 0.0081129 -0.00275173 -0.00385049
internal_weight=4598.38 2791.99 2355.56 436.437 2086.26 1943.99
internal_count=23279 15206 13318 1888 10536 9914
is_linear=0
shrinkage=0.05


Tree=74
num_leaves=7
num_cat=0
split_feature=12 3 8 8 1 3
split_gain=20.701 21.7627 14.6324 20.471 18.2391 14.4124
threshold=179.05000000000004 6.5000000000000009 5.5906544435956205 0.44619520264681561 251.50000000000003 3.5000000000000004
decision_type=2 2 2 2 2 2
left_child=2 -2 3 4 -1 -4
right_child=1 -3 5 -5 -6 -7
leaf_value=0.0015785248788003723 -0.003448910930949723 -0.025494209607695845 0.0045816424901966319 -0.0040317465741259743 0.013159151676649839 0.032220133147125636
leaf_weight=1792.933730147779 754.09722262620926 113.45856077969074 154.21732605993748 1320.4652993530035 401.71785406023264 53.79517163336277
leaf_count=7659 4018 1793 651 6753 2137 230
internal_value=2.39601e-05 -0.0068415 0.00165174 0.00085055 0.00379798 0.0139286
internal_weight=4590.69 867.556 3723.13 3515.12 2194.65 208.012
internal_count=23241 5811 17430 16549 9796 881
is_linear=0
shrinkage=0.05


Tree=75
num_leaves=7
num_cat=0
split_feature=0 22 22 15 4 17
split_gain=17.8283 42.0106 13.9265 52.4076 30.5737 25.4394
threshold=33.500000000000007 0.36055555555555557 0.09232954545454547 1.0000000180025095e-35 1915.0800000000002 46.058823529411775
decision_type=2 2 2 2 2 2
left_child=1 -1 4 -4 -2 -6
right_child=2 -3 3 -5 5 -7
leaf_value=-0.011230991635771202 0.0029364038279057476 0.0075819003336165111 0.021138495223745033 -0.0069733806465851868 0.036588624972365924 -0.017970678740275813
leaf_weight=842.59898971021175 2064.7469538152218 435.36232656240463 179.19070901721716 973.43688256666064 95.419798899441957 13.485849361866711
leaf_count=5722 9152 2311 840 4734 556 74
internal_value=0.000170968 -0.00480394 0.00209962 -0.00231704 0.00444143 0.0280925
internal_weight=4604.24 1277.96 3326.28 1152.63 2173.65 108.906
internal_count=23389 8033 15356 5574 9782 630
is_linear=0
shrinkage=0.05


Tree=76
num_leaves=7
num_cat=0
split_feature=12 22 8 8 6 14
split_gain=20.0206 20.5473 16.7167 22.7961 22.6546 13.7267
threshold=277.21500000000003 0.36914203316510458 0.44619520264681561 2.9290744466800809 524.58137510288714 1399.365
decision_type=2 2 2 2 2 2
left_child=2 -2 5 -4 -5 -1
right_child=1 -3 3 4 -6 -7
leaf_value=0.0035624339221479642 -0.013682634772932453 0.0042122918718560023 -0.0061066771426945242 0.0031966845121952415 0.040234860485076657 0.026181908876607454
leaf_weight=2319.1090782806277 443.90644558519125 233.4237292855978 1128.9196193963289 412.16356901824474 26.506491161882877 49.795346409082413
leaf_count=10407 3530 1325 5995 1779 116 271
internal_value=0.000241036 -0.00757169 0.00161681 -0.00237052 0.00709153 0.00425312
internal_weight=4613.82 677.33 3936.49 1567.59 438.67 2368.9
internal_count=23423 4855 18568 7890 1895 10678
is_linear=0
shrinkage=0.05


Tree=77
num_leaves=7
num_cat=0
split_feature=20 13 22 17 22 18
split_gain=21.9014 23.0459 28.6295 20.3455 16.7638 17.126
threshold=1.0000000180025095e-35 300.54500000000002 0.49074074074074076 46.058823529411775 0.44222222222222224 15.273863636363638
decision_type=2 2 2 2 2 2
left_child=3 4 -3 -1 -2 -6
right_child=1 2 -4 -5 5 -7
leaf_value=0.0039137361658402904 0.0052904817573481526 -0.016793196241426896 0.0076439407982481352 -0.0096822178824890297 -0.0022455125834583514 -0.034418238404014916
leaf_weight=2871.0808078236878 588.40058151260018 519.10808406025171 141.29801525175571 285.0165579020977 161.54949098080397 37.119993641972542
leaf_count=13306 2731 4436 768 1308 709 165
internal_value=0.000299852 -0.00475327 -0.0114937 0.00263269 0.00104711 -0.0108549
internal_weight=4603.57 1447.48 660.406 3156.1 787.07 198.669
internal_count=23423 8809 5204 14614 3605 874
is_linear=0
shrinkage=0.05


Tree=78
num_leaves=7
num_cat=0
split_feature=15 1 22 15 17 22
split_gain=15.504 23.5057 20.1795 14.8513 14.2787 14.1617
threshold=1170.8550000000002 281.50000000000006 0.09232954545454547 136.35500000000005 5.9824561403508776 0.28269230769230774
decision_type=2 2 2 2 2 2
left_child=1 3 -2 5 -3 -1
right_child=2 4 -4 -5 -6 -7
leaf_value=-0.00090206094484573387 0.010313147640538964 -0.0076394904096148963 -0.017965551352751182 -0.0058946418528559343 0.010869776376935755 0.0085530980390128523
leaf_weight=1893.1740034259856 70.545207314193249 107.49410606920719 221.97686914354563 1108.9240920208395 689.40382747724652 479.79475999996066
leaf_count=8611 473 567 2128 5729 3649 2138
internal_value=-0.000170317 0.00061214 -0.0109222 -0.0011724 0.00824714 0.0010652
internal_weight=4571.31 4278.79 292.522 3481.89 796.898 2372.97
internal_count=23295 20694 2601 16478 4216 10749
is_linear=0
shrinkage=0.05


Tree=79
num_leaves=7
num_cat=0
split_feature=20 20 4 8 7 17
split_gain=18.3245 21.2976 21.4125 14.8661 22.334 14.3893
threshold=0.00059103121928520382 0.15856846176662934 367.59500000000008 2.7470707070707072 71.90000000000002 46.058823529411775
decision_type=2 2 2 2 2 2
left_child=5 3 -3 4 -2 -1
right_child=1 2 -4 -5 -6 -7
leaf_value=0.0028594371303797086 -0.016582246263017235 -0.0072029601822586886 0.025846280232748899 0.0058406187510336065 -0.0023331356284345722 -0.0085265742623782011
leaf_weight=2865.8822779767215 526.96512296423316 78.290539026260376 86.088370680809021 173.98227134346962 568.47428781911731 287.59128131344914
leaf_count=13310 4528 343 436 778 2658 1330
internal_value=-0.000357395 -0.00500476 0.0110317 -0.00722023 -0.00936214 0.00177386
internal_weight=4587.27 1433.8 164.379 1269.42 1095.44 3153.47
internal_count=23383 8743 779 7964 7186 14640
is_linear=0
shrinkage=0.05


Tree=80
num_leaves=7
num_cat=0
split_feature=5 17 16 8 15 1
split_gain=17.769 15.3034 20.3596 16.8455 23.3098 24.9335
threshold=96.575000000000003 5.3431372549019613 0.99162755577201678 5.5906544435956205 1189.1250000000002 251.50000000000003
decision_type=2 2 2 2 2 2
left_child=-1 2 -2 4 5 -3
right_child=1 3 -4 -5 -6 -7
leaf_value=0.010890615449201132 -0.019620604857782539 -0.0019788948848916714 0.0038805955394402786 0.015079069891301047 -0.015442669938821027 0.0077151724606091491
leaf_weight=330.61241338402033 212.51667141541839 2642.2439450509846 143.26197797805071 159.38429969549179 227.27400936931372 863.47601335868239
leaf_count=1517 1112 12568 625 675 2237 4592
internal_value=7.04683e-05 -0.000818695 -0.0104545 0.000110993 -0.000605037 0.000439022
internal_weight=4578.77 4248.16 355.779 3892.38 3732.99 3505.72
internal_count=23326 21809 1737 20072 19397 17160
is_linear=0
shrinkage=0.05


Tree=81
num_leaves=7
num_cat=0
split_feature=10 5 5 5 4 0
split_gain=14.6054 14.2712 13.7223 18.3675 19.0571 11.5189
threshold=3.5000000000000004 1629.3950000000002 112.17000000000002 119.82666666666668 136.96000000000004 20.500000000000004
decision_type=2 2 2 2 2 2
left_child=1 2 -1 -4 -5 -2
right_child=5 -3 3 4 -6 -7
leaf_value=0.0079343007236175496 -0.023165006969087059 0.021431330487981345 -0.021763267277983278 0.018949412351930581 -0.0010612582470130264 0.0084004306635679128
leaf_weight=462.82381254434586 94.664259187877178 58.886391591280699 83.669513896107674 102.85656630992889 3760.1666017286479 27.080687876790762
leaf_count=2113 1361 279 373 475 18484 292
internal_value=-0.000147295 0.000352386 -2.46057e-05 -0.000993236 -0.000433599 -0.0159491
internal_weight=4590.15 4468.4 4409.52 3946.69 3863.02 121.745
internal_count=23377 21724 21445 19332 18959 1653
is_linear=0
shrinkage=0.05


Tree=82
num_leaves=7
num_cat=0
split_feature=11 18 8 5 17 20
split_gain=17.5031 17.0057 12.0387 11.0928 16.9661 19.6585
threshold=7.5000000000000009 59.937304075235112 2.1712406015037597 108.88000000000001 4.041666666666667 0.12145902899892923
decision_type=2 2 2 2 2 2
left_child=1 3 -2 -1 -5 -6
right_child=2 -3 -4 4 5 -7
leaf_value=0.0077189409819101501 -0.029701993389995671 0.01552834957463807 0.014582810334304811 -0.017087710917959017 -0.00080266741684232505 0.016036709901119918
leaf_weight=419.13114537298679 54.767248667776585 168.33670590445399 6.4298737719655028 131.1209353916347 3635.9723192304373 161.94071500375867
leaf_count=1916 1015 820 53 605 18209 758
internal_value=0.000408848 0.00081893 -0.0226032 0.000180972 -0.000658164 -4.40015e-06
internal_weight=4577.7 4516.5 61.1971 4348.17 3929.03 3797.91
internal_count=23376 22308 1068 21488 19572 18967
is_linear=0
shrinkage=0.05


Tree=83
num_leaves=7
num_cat=0
split_feature=15 22 1 22 0 13
split_gain=13.6736 21.2583 16.0053 12.8755 29.0498 18.8213
threshold=188.45000000000002 0.09232954545454547 235.50000000000003 0.59729729729729741 76.500000000000014 33.050000000000004
decision_type=2 2 2 2 2 2
left_child=3 2 -2 4 -1 -5
right_child=1 -3 -4 5 -6 -7
leaf_value=-0.0046791929706459234 -0.0045576478361183757 -0.0076268698979735459 0.010428740617282727 -0.0050554103865903316 0.0063612772765657445 0.016623404845663606
leaf_weight=1216.68435748294 318.32741283997893 1116.3901935629547 361.03593827411532 135.46038372814655 1129.9753396362066 295.07631148397923
leaf_count=5872 1618 7042 1877 684 4998 1290
internal_value=-5.55199e-05 -0.00343403 0.00347709 0.00213798 0.000645901 0.00988094
internal_weight=4572.95 1795.75 679.363 2777.2 2346.66 430.537
internal_count=23381 10537 3495 12844 10870 1974
is_linear=0
shrinkage=0.05


Tree=84
num_leaves=7
num_cat=0
split_feature=0 15 22 22 0 19
split_gain=14.3845 14.294 23.0554 19.8941 22.8846 19.6443
threshold=4.5000000000000009 108.08000000000001 0.09232954545454547 0.28269230769230774 64.500000000000014 5.5000000000000009
decision_type=2 2 2 2 2 2
left_child=-1 3 -3 4 -2 -4
right_child=1 2 5 -5 -6 -7
leaf_value=-0.01131547013912986 -0.0052002390369359211 0.0041341310391166597 -0.033370277607960804 0.012555263798848238 0.0058773668123914564 -0.0050007223459815698
leaf_weight=237.23504745215178 794.71089747920632 829.14072486758232 45.576093576848507 462.95366287231445 1071.1215460076928 1148.0143999196589
leaf_count=1747 3813 4136 212 2116 4713 6720
internal_value=0.00017583 0.000851213 -0.00221211 0.00350813 0.00115399 -0.00661608
internal_weight=4588.75 4351.52 2022.73 2328.79 1865.83 1193.59
internal_count=23457 21710 11068 10642 8526 6932
is_linear=0
shrinkage=0.05


Tree=85
num_leaves=7
num_cat=0
split_feature=12 22 1 18 8 6
split_gain=14.8147 24.5209 10.3818 15.6618 13.2004 25.28
threshold=164.00500000000002 0.31595925297113753 313.00000000000006 12.656854256854258 0.32544130008405719 94.345559474800424
decision_type=2 2 2 2 2 2
left_child=2 -2 4 -4 -1 -6
right_child=1 -3 3 -5 5 -7
leaf_value=0.0026707649252231931 -0.012899117544725428 0.0035198833364491334 0.012292215165215161 -0.004918888615623191 -0.011491894464990573 0.0028281227185624255
leaf_weight=1888.6789669394493 506.33798011019826 388.14338265359402 417.84266484901309 176.35195609554648 565.66677052527666 637.35030164197087
leaf_count=8176 3860 2212 2203 951 2648 3366
internal_value=-0.000154374 -0.00585324 0.00125274 0.00719027 7.2719e-05 -0.00398306
internal_weight=4580.37 894.481 3685.89 594.195 3091.7 1203.02
internal_count=23416 6072 17344 3154 14190 6014
is_linear=0
shrinkage=0.05


Tree=86
num_leaves=7
num_cat=0
split_feature=15 22 6 20 8 20
split_gain=12.9011 14.8866 13.8064 23.0319 18.0558 17.541
threshold=1189.1250000000002 0.09232954545454547 101.65279260579521 0.013725826234312552 0.23779840505411429 0.12821548562335081
decision_type=2 2 2 2 2 2
left_child=2 -2 3 4 -1 -4
right_child=1 -3 5 -5 -6 -7
leaf_value=0.0033089217288230924 0.0082408265096923766 -0.016291123846705311 0.0033136474314398251 -0.010097221795522712 -0.006124500471679329 0.026025829566558245
leaf_weight=1921.5750794112682 69.957556642591953 214.70811610668898 1060.8404718264937 569.27640318125486 666.92760655283928 73.488845989108086
leaf_count=8635 471 2118 5949 2733 3180 358
internal_value=-0.000174102 -0.0101171 0.000529214 -0.0011746 0.000850078 0.00521051
internal_weight=4576.77 284.666 4292.11 3157.78 2588.5 1134.33
internal_count=23444 2589 20855 14548 11815 6307
is_linear=0
shrinkage=0.05


Tree=87
num_leaves=7
num_cat=0
split_feature=8 8 11 1 6 18
split_gain=18.9058 27.1165 17.23 15.0299 14.1577 11.9626
threshold=2.9290744466800809 0.44619520264681561 4.5000000000000009 251.50000000000003 524.58137510288714 12.562843654227512
decision_type=2 2 2 2 2 2
left_child=1 2 3 -1 -2 -5
right_child=4 -3 -4 5 -6 -7
leaf_value=0.00031556580151852068 0.0062488781855163508 -0.0074924868986913674 -0.018423423288897022 0.013985738500259793 0.036208552823747506 -0.0018635389779645942
leaf_weight=2306.7518553063273 411.91087537258863 1190.2836244143546 85.995073601603508 386.2055048160255 25.747899420559406 162.32875828072429
leaf_count=10165 1783 6919 1280 2203 114 934
internal_value=-0.00012853 -0.00119118 0.00139222 0.00211302 0.00951675 0.00939487
internal_weight=4569.22 4131.56 2941.28 2855.29 437.659 548.534
internal_count=23398 21501 14582 13302 1897 3137
is_linear=0
shrinkage=0.05


Tree=88
num_leaves=7
num_cat=0
split_feature=8 15 6 1 22 22
split_gain=14.0113 22.9854 20.5179 16.397 14.4152 14.2812
threshold=2.9290744466800809 924.49000000000012 524.58137510288714 313.00000000000006 0.56696428571428581 0.09232954545454547
decision_type=2 2 2 2 2 2
left_child=1 3 4 -1 -2 -3
right_child=2 5 -4 -5 -6 -7
leaf_value=-0.001532903889430285 0.0083958515229382788 0.0040971839260762503 0.038495912065167434 0.0085353992373773131 -0.013424256431346744 -0.020015885189129719
leaf_weight=3386.5636889114976 339.37511523067951 73.593050818890333 28.815781190991402 438.88093077018857 76.88700046390295 228.42832684516907
leaf_count=16207 1479 526 127 2365 321 2438
internal_value=-0.000500467 -0.00142117 0.00773168 -0.000339415 0.00393485 -0.0142507
internal_weight=4572.54 4127.47 445.078 3825.44 416.262 302.021
internal_count=23463 21536 1927 18572 1800 2964
is_linear=0
shrinkage=0.05


Tree=89
num_leaves=7
num_cat=0
split_feature=15 22 8 15 20 6
split_gain=19.6124 21.6376 10.4424 10.1384 9.97233 35.1883
threshold=1170.8550000000002 0.09232954545454547 9.0976190476190499 1372.0700000000004 0.013725826234312552 177.25802759030583
decision_type=2 2 2 2 2 2
left_child=4 3 -3 -2 -1 -6
right_child=1 2 -4 -5 5 -7
leaf_value=0.0018816142635874212 -0.013149055902171969 -0.023130704984189204 0.010601997256091188 0.019402254776762849 -0.0088103418875346892 0.014263158062681261
leaf_weight=3338.8204689696431 19.372427262365818 196.82213517278433 14.155085220932959 50.915904480963945 746.86926954612136 191.53272755071521
leaf_count=15875 108 2092 59 365 3772 1139
internal_value=-0.00026519 -0.0125966 -0.0201454 0.00950531 0.000600562 -0.00390155
internal_weight=4558.49 281.266 210.977 70.2883 4277.22 938.402
internal_count=23410 2624 2151 473 20786 4911
is_linear=0
shrinkage=0.05


Tree=90
num_leaves=7
num_cat=0
split_feature=15 1 22 15 5 20
split_gain=12.8155 15.7331 15.0131 11.3315 9.72023 11.18
threshold=1170.8550000000002 311.50000000000006 0.09232954545454547 1372.0700000000004 1390.0250000000003 0.013548644999590123
decision_type=2 2 2 2 2 2
left_child=1 4 3 -2 5 -1
right_child=2 -3 -4 -5 -6 -7
leaf_value=0.00064028581757640988 -0.015659853240825257 0.0082664964522062272 -0.016403304100265411 0.018481662311644102 0.018704493177045662 -0.0060667713331515752
leaf_weight=2861.5562659986317 18.545465987175703 578.50053425133228 207.0404511615634 53.123208947479725 44.951555147767067 772.59179595112801
leaf_count=13360 108 3078 2153 377 204 4038
internal_value=4.88429e-05 0.000747834 -0.00996418 0.00815788 -0.000472701 -0.000810983
internal_weight=4536.31 4257.6 278.709 71.6687 3679.1 3634.15
internal_count=23318 20680 2638 485 17602 17398
is_linear=0
shrinkage=0.05


Tree=91
num_leaves=7
num_cat=0
split_feature=18 20 20 18 18 4
split_gain=10.8378 10.0974 12.4471 12.4799 21.3126 11.3729
threshold=64.292913608131002 1.0000000180025095e-35 0.12145902899892923 9.2859943977591062 8.8010152284263992 367.59500000000008
decision_type=2 2 2 2 2 2
left_child=1 -1 3 4 -3 -4
right_child=-2 2 5 -5 -6 -7
leaf_value=0.0013565703654485992 0.012210167056115046 -0.0037982622788339387 -0.0046931844875576448 -0.010448196620093471 0.025204362145209699 0.016895326810372518
leaf_weight=3014.9148534573615 161.30739087238908 479.34628713876009 102.76388627290726 632.1114061512053 52.54669900611043 108.96820754930377
leaf_count=14021 876 3019 451 4150 307 544
internal_value=0.000230127 -0.000263376 -0.00378204 -0.00581209 -0.000123493 0.00691664
internal_weight=4551.96 4390.65 1375.74 1164 531.893 211.732
internal_count=23368 22492 8471 7476 3326 995
is_linear=0
shrinkage=0.05


Tree=92
num_leaves=7
num_cat=0
split_feature=15 22 22 18 5 0
split_gain=13.7551 37.7537 30.4082 24.9667 31.5053 17.5312
threshold=53.600000000000001 0.09232954545454547 0.24885321100917435 25.762454212454216 139.19375000000005 62.500000000000007
decision_type=2 2 2 2 2 2
left_child=2 -2 3 4 -1 -6
right_child=1 -3 -4 -5 5 -7
leaf_value=0.010406367983897102 0.0050988384544491915 -0.0080958095399936945 0.013716220480134142 0.015366569854412877 -0.011905306527969031 -0.00040955048501712911
leaf_weight=360.44765884056687 889.50432672351599 1327.6528072915971 472.80668208003044 206.23785183951259 617.60932937264442 694.2209289893508
leaf_count=1628 4496 8145 2196 943 3089 2996
internal_value=8.42422e-06 -0.00280397 0.00266163 -0.000235903 -0.00231898 -0.00591926
internal_weight=4568.48 2217.16 2351.32 1878.52 1672.28 1311.83
internal_count=23493 12641 10852 8656 7713 6085
is_linear=0
shrinkage=0.05


Tree=93
num_leaves=7
num_cat=0
split_feature=17 1 1 15 19 18
split_gain=12.7224 12.0445 14.0939 10.2061 14.6591 10.29
threshold=9.6794871794871806 343.50000000000006 372.50000000000006 61.039999999999999 5.5000000000000009 64.292913608131002
decision_type=2 2 2 2 2 2
left_child=3 -2 -3 -1 5 -5
right_child=1 2 -4 4 -6 -7
leaf_value=0.0086746545652651597 -0.0023848656498706802 0.021057158958668273 0.0006058123220661466 -0.023468039915021936 0.0040115250873957791 0.0048843407261542123
leaf_weight=668.95258136466146 2963.2515969350934 101.67973635345697 277.85050093382597 78.463886983692646 409.52153900265694 38.604653097689152
leaf_count=3081 15140 685 1686 374 2221 183
internal_value=0.000285844 -0.00130011 0.00686474 0.00466866 -0.000551552 -0.0147701
internal_weight=4538.32 3342.78 379.53 1195.54 526.59 117.069
internal_count=23370 17511 2371 5859 2778 557
is_linear=0
shrinkage=0.05


Tree=94
num_leaves=7
num_cat=0
split_feature=0 16 19 8 8 6
split_gain=12.4824 15.5459 10.9838 10.763 15.9405 12.5515
threshold=4.5000000000000009 0.99948746456635518 86.500000000000014 0.23341793570219968 2.9290744466800809 524.58137510288714
decision_type=2 2 2 2 2 2
left_child=-1 3 -3 -2 -5 -6
right_child=1 2 -4 4 5 -7
leaf_value=-0.010879780907705116 0.0024025915401343031 0.032305904424929914 -0.0026684428569818223 -0.0051390803271726447 0.0028000811207715111 0.031685160196224471
leaf_weight=231.24495825171471 2325.6194916032255 44.548318155109882 30.057019513100386 1458.4178038015962 407.90320064872503 22.107817471027374
leaf_count=1737 10650 242 233 8568 1766 98
internal_value=-4.65998e-05 0.000585318 0.0206301 0.000134674 -0.0026542 0.00562732
internal_weight=4519.9 4288.65 74.6053 4214.05 1888.43 430.011
internal_count=23294 21557 475 21082 10432 1864
is_linear=0
shrinkage=0.05


Tree=95
num_leaves=7
num_cat=0
split_feature=8 22 15 1 17 1
split_gain=8.7759 18.0219 12.7347 13.9265 13.6144 10.6171
threshold=6.5993630573248412 0.65686274509803932 1189.1250000000002 282.50000000000006 5.5312500000000009 276.50000000000006
decision_type=2 2 2 2 2 2
left_child=2 -2 3 5 -5 -1
right_child=1 -3 -4 4 -6 -7
leaf_value=-0.00050353706626209594 0.019400404143879453 -0.012458334514867584 -0.011032845537426436 -0.010070496740094456 0.0091166348633863747 -0.017796229944756266
leaf_weight=3321.6729571484029 129.78055541217327 47.151547804474831 239.20951922610402 90.514803804457188 642.65430074557662 71.24827266857028
leaf_count=15869 562 196 2422 488 3461 382
internal_value=0.000182169 0.0105072 -0.000282332 0.000391141 0.00654334 -0.000968827
internal_weight=4542.23 176.932 4365.3 4126.09 733.169 3392.92
internal_count=23380 758 22622 20200 3949 16251
is_linear=0
shrinkage=0.05


Tree=96
num_leaves=7
num_cat=0
split_feature=5 5 19 5 5 17
split_gain=11.6567 18.8426 25.3704 12.2119 10.4256 9.92977
threshold=96.575000000000003 91.405000000000015 11.500000000000002 88.511250000000004 1629.3950000000002 35.535714285714292
decision_type=2 2 2 2 2 2
left_child=1 2 3 -1 5 -2
right_child=4 -3 -4 -5 -6 -7
leaf_value=0.014351521401718279 -0.00017003065474071038 0.033736183090384855 -0.02155591264843728 -0.018334984857973958 0.016692689248461796 -0.006772698981766862
leaf_weight=209.91016972064972 3455.7203230857849 41.657622538506985 60.63633943349123 15.298021897673605 62.541997522115707 662.03404427319765
leaf_count=997 17944 192 273 69 335 3451
internal_value=-0.000185094 0.00861657 0.00298904 0.0108168 -0.000912398 -0.00125918
internal_weight=4507.8 327.502 285.845 225.208 4180.3 4117.75
internal_count=23261 1531 1339 1066 21730 21395
is_linear=0
shrinkage=0.05


Tree=97
num_leaves=7
num_cat=0
split_feature=7 18 22 15 22 22
split_gain=11.3097 12.3013 11.6284 11.3993 44.5929 23.288
threshold=210.25000000000003 12.117217689995707 0.65686274509803932 53.600000000000001 0.16575091575091577 0.09232954545454547
decision_type=2 2 2 2 2 2
left_child=3 -2 -3 4 -1 -5
right_child=1 2 -4 5 -6 -7
leaf_value=-0.0015662013471990624 0.011772067262909353 0.0049417121435562424 -0.020380476005743164 0.0040532757768412106 0.015744059439617594 -0.0077512802054817229
leaf_weight=1791.5365154743195 393.10086071491241 115.65989347547293 49.112728647887707 652.02358051761985 448.62960923835635 1095.6599773094058
leaf_count=8129 1974 573 243 3359 2067 7115
internal_value=0.00060054 0.00713806 -0.00399495 -0.000345072 0.0020091 -0.00335122
internal_weight=4545.72 557.873 164.773 3987.85 2240.17 1747.68
internal_count=23460 2790 816 20670 10196 10474
is_linear=0
shrinkage=0.05


Tree=98
num_leaves=7
num_cat=0
split_feature=8 3 11 15 18 18
split_gain=11.9379 12.6961 12.2173 11.0252 10.5981 10.2128
threshold=6.5993630573248412 3.5000000000000004 7.5000000000000009 1.0000000180025095e-35 64.292913608131002 9.2859943977591062
decision_type=2 2 2 2 2 2
left_child=2 3 4 -2 5 -1
right_child=1 -3 -4 -5 -6 -7
leaf_value=0.0014791011845391713 0.017780310384100967 0.031165528428602082 -0.020717064170683207 -0.0080855484234854166 0.012288933298881503 -0.0034547841665563961
leaf_weight=2225.476894415915 50.304417446255684 40.033540561795235 54.933457188308239 80.795045211911201 139.81062027812004 1950.0867342539132
leaf_count=11011 219 175 1072 340 697 9940
internal_value=-0.000168238 0.012065 -0.00070005 0.00287924 -0.000350843 -0.000830624
internal_weight=4541.44 171.133 4370.31 131.099 4315.37 4175.56
internal_count=23454 734 22720 559 21648 20951
is_linear=0
shrinkage=0.05


Tree=99
num_leaves=7
num_cat=0
split_feature=0 22 22 1 1 17
split_gain=11.6389 35.1844 13.7128 27.4892 25.7704 16.6885
threshold=42.500000000000007 0.36055555555555557 0.09232954545454547 169.50000000000003 343.50000000000006 19.414285714285715
decision_type=2 2 2 2 2 2
left_child=1 -1 5 -4 -5 -2
right_child=2 -3 3 4 -6 -7
leaf_value=-0.0089046112291813646 0.0079471144477872152 0.0071651651647404854 0.025621105592320559 -0.0097914738744004012 0.0081483983064143724 -0.0012282685060789906
leaf_weight=968.7660220079124 1234.6620892547071 501.6838636957109 59.742415487766266 709.33626595884562 258.72936949506402 811.24596439674497
leaf_count=6601 5588 2643 256 3407 1293 3660
internal_value=0.000231441 -0.00339939 0.00197916 -0.002698 -0.0049289 0.00433221
internal_weight=4544.17 1470.45 3073.72 1027.81 968.066 2045.91
internal_count=23448 9244 14204 4956 4700 9248
is_linear=0
shrinkage=0.05


Tree=100
num_leaves=7
num_cat=0
split_feature=8 8 22 11 7 14
split_gain=10.334 23.628 18.6281 12.3161 11.205 10.0829
threshold=1.2744230435537049 0.44619520264681561 0.40370370370370373 4.5000000000000009 125.12500000000001 216.405
decision_type=2 2 2 2 2 2
left_child=1 3 -2 -1 -3 -6
right_child=2 4 -4 -5 5 -7
leaf_value=0.0014295874875977638 0.0089642096874535046 -0.012291366427495959 -0.0067052747987236191 -0.01634696228816079 -0.0080064356470681015 0.016437736961421059
leaf_weight=2823.1779568120837 670.71654812991619 564.63435658812523 244.85714270919561 80.938984259963036 74.362272277474403 57.426882788538933
leaf_count=13235 3373 3856 1072 1284 309 240
internal_value=3.56199e-05 -0.00117502 0.00471987 0.000825728 -0.00930837 0.00340747
internal_weight=4516.11 3600.54 915.574 2904.12 696.424 131.789
internal_count=23369 18924 4445 14519 4405 549
is_linear=0
shrinkage=0.05


Tree=101
num_leaves=7
num_cat=0
split_feature=11 6 7 6 6 5
split_gain=9.38142 9.4545 11.0807 14.4057 12.6615 13.1512
threshold=8.5000000000000018 317.2854880727258 73.100000000000009 391.41849175475357 391.41849175475357 597.18295454545466
decision_type=2 2 2 2 2 2
left_child=1 -1 4 -4 -3 -6
right_child=-2 2 3 -5 5 -7
leaf_value=2.7593238387211841e-05 -0.019475300727138392 -0.0036330677682899909 0.017799312476254225 -0.012927254547275833 0.040802712059104101 0.0076136876554685345
leaf_weight=4177.8216060400009 38.602862659841776 50.626834370195866 39.498916655778885 87.002184625715017 46.460821729153395 75.494054637849331
leaf_count=20685 805 351 201 445 282 575
internal_value=0.00040405 0.000661317 0.00895707 -0.00221298 0.0165242 0.0242249
internal_weight=4515.51 4476.9 299.083 126.501 172.582 121.955
internal_count=23344 22539 1854 646 1208 857
is_linear=0
shrinkage=0.05


Tree=102
num_leaves=7
num_cat=0
split_feature=12 6 20 20 15 7
split_gain=12.6132 10.3934 19.0768 14.7809 14.5328 14.3103
threshold=614.43000000000018 102.29862167865515 0.016107801178801364 0.043872814793522737 460.74500000000006 19.97058823529412
decision_type=2 2 2 2 2 2
left_child=1 2 4 5 -1 -3
right_child=-2 3 -4 -5 -6 -7
leaf_value=0.00231624922136035 -0.01135423798998021 0.019229684103902238 -0.0090947516592045086 0.016195608378086385 -0.010372628493538564 1.0707868305974252e-05
leaf_weight=2353.7470597326756 202.66352431476116 88.459478434175253 534.85032556205988 209.77852572500706 229.54593018069863 905.57503069937229
leaf_count=10684 1882 491 2601 1158 1238 5317
internal_value=0.000253552 0.000847653 -0.000680811 0.00475314 0.00111772 0.00206655
internal_weight=4524.62 4321.96 3118.14 1203.81 2583.29 994.035
internal_count=23371 21489 14523 6966 11922 5808
is_linear=0
shrinkage=0.05


Tree=103
num_leaves=7
num_cat=0
split_feature=1 22 18 18 0 20
split_gain=10.3315 15.0196 18.0944 18.4244 11.6444 11.1795
threshold=251.50000000000003 0.09232954545454547 12.562843654227512 2.6015267175572521 5.5000000000000009 0.013725826234312552
decision_type=2 2 2 2 2 2
left_child=4 -2 3 -3 -1 -6
right_child=1 2 -4 -5 5 -7
leaf_value=-0.012953265470083597 0.010809974560664128 -0.019069098211730522 -0.011067281966335538 0.0075137409306774003 0.00074261610263804203 -0.0066108388216430808
leaf_weight=191.55810271203518 449.63396298512816 54.674527298659086 251.62298543006182 528.80341471359134 2427.3480297923088 635.6452021561563
leaf_count=1203 2415 286 1761 3338 11206 3274
internal_value=-0.000106837 0.00365606 -0.000358481 0.00447339 -0.0016055 -0.00081639
internal_weight=4539.29 1284.73 835.101 583.478 3254.55 3062.99
internal_count=23483 7800 5385 3624 15683 14480
is_linear=0
shrinkage=0.05


Tree=104
num_leaves=7
num_cat=0
split_feature=6 20 19 7 19 18
split_gain=11.0739 10.2848 11.9467 10.5231 9.97279 14.7545
threshold=324.6477016158633 0.026218463112502855 92.500000000000014 24.950000000000003 50.500000000000007 3.8291793313069915
decision_type=2 2 2 2 2 2
left_child=4 2 -2 -3 5 -1
right_child=1 3 -4 -5 -6 -7
leaf_value=0.0094572251918823413 0.010779274505875147 -0.007019674921560623 -0.0112112866625675 0.029542196808536821 -0.0049269276873989522 -0.00061317876382784237
leaf_weight=398.2643851339817 143.24910642579198 16.990878254175186 80.028544589877129 65.026549555361271 1024.6809770427644 2774.9686245694757
leaf_count=1798 802 150 736 416 6818 12618
internal_value=-3.27139e-06 0.00888567 0.00262358 0.0220767 -0.000688791 0.000702049
internal_weight=4503.21 305.295 223.278 82.0174 4197.91 3173.23
internal_count=23338 2104 1538 566 21234 14416
is_linear=0
shrinkage=0.05


Tree=105
num_leaves=7
num_cat=0
split_feature=8 15 6 1 8 5
split_gain=8.70638 16.657 12.4541 10.943 11.0229 12.5985
threshold=2.7470707070707072 861.90500000000009 561.09945193207454 281.50000000000006 0.25217654629419339 359.70442307692309
decision_type=2 2 2 2 2 2
left_child=1 3 -2 4 5 -1
right_child=2 -3 -4 -5 -6 -7
leaf_value=-0.0012913073177483125 0.0037783875978721695 -0.011254265123312276 0.032156006064937098 0.0065134987123386598 -0.0054438933786424958 0.0069475488730345635
leaf_weight=1621.1899676769972 454.75543508678675 317.07334788143635 23.251102104783058 584.47505659982562 898.95175036042929 627.52606499567628
leaf_count=7268 1987 3139 106 3172 4953 2817
internal_value=0.00015506 -0.000609332 0.00639468 0.000350203 -0.000828129 0.0010488
internal_weight=4527.22 4049.22 478.007 3732.14 3147.67 2248.72
internal_count=23442 21349 2093 18210 15038 10085
is_linear=0
shrinkage=0.05


Tree=106
num_leaves=7
num_cat=0
split_feature=8 22 4 7 22 18
split_gain=8.59264 17.3895 9.15807 9.02361 21.5057 14.0449
threshold=6.5993630573248412 0.65686274509803932 308.91500000000008 59.055555555555564 0.60769230769230786 14.891812865497078
decision_type=2 2 2 2 2 2
left_child=3 2 -2 4 5 -1
right_child=1 -3 -4 -5 -6 -7
leaf_value=-0.0098950914601559688 -0.005929801020632521 -0.012689473035352991 0.024579105871756973 0.00073695877397406432 0.0079596932464591503 0.002385486877407565
leaf_weight=924.97441846132278 22.403230458498001 45.889898121356964 100.85706619918346 2827.8805443160236 285.04017585515976 299.96490162238479
leaf_count=6008 99 192 438 13240 1273 2133
internal_value=-0.000481009 0.00995509 0.0189802 -0.000931774 -0.00402575 -0.0068978
internal_weight=4507.01 169.15 123.26 4337.86 1509.98 1224.94
internal_count=23383 729 537 22654 9414 8141
is_linear=0
shrinkage=0.05


Tree=107
num_leaves=7
num_cat=0
split_feature=0 5 15 6 5 1
split_gain=10.6651 8.78893 8.99612 8.32025 11.5609 8.08373
threshold=409.50000000000006 1629.3950000000002 1189.1250000000002 313.13840920803318 335.06597222222229 311.50000000000006
decision_type=2 2 2 2 2 2
left_child=1 2 5 4 -4 -1
right_child=-2 -3 3 -5 -6 -7
leaf_value=-0.00094973572972393671 0.019580946581194025 0.015859696017556144 0.0027555298479560787 0.001478172118532896 -0.025403774705577094 0.005569804522244916
leaf_weight=3633.7209168039262 48.016431339085102 61.947526421397924 48.349138502031565 98.751529399305582 93.640209883451462 526.5996872112155
leaf_count=17529 343 336 550 915 956 2765
internal_value=-6.99939e-05 -0.000367827 -0.000666951 -0.00967634 -0.0166588 -0.000101814
internal_weight=4511.03 4463.01 4401.06 240.741 141.989 4160.32
internal_count=23394 23051 22715 2421 1506 20294
is_linear=0
shrinkage=0.05


Tree=108
num_leaves=7
num_cat=0
split_feature=1 19 5 22 20 20
split_gain=10.5068 13.5657 17.1649 10.8861 10.838 23.0319
threshold=251.50000000000003 50.500000000000007 378.18479166666674 0.32426470588235301 0.0093163699224090273 0.12145902899892923
decision_type=2 2 2 2 2 2
left_child=1 4 3 -3 -1 -6
right_child=-2 2 -4 -5 5 -7
leaf_value=0.0020002519918404702 0.0039737517615156676 -0.021106366493021264 0.00046289197358319865 -0.0021901858993687885 -0.012133046502612724 0.010388661120529559
leaf_weight=2034.2856648303568 1272.5281658284366 224.62356894463301 346.00617197901011 117.70540202781558 383.70374056324363 140.53191186487675
leaf_count=8901 7749 1573 2165 651 1789 612
internal_value=0.00015851 -0.00135196 -0.00747569 -0.0150822 0.000340755 -0.00593575
internal_weight=4519.38 3246.86 688.335 342.329 2558.52 524.236
internal_count=23440 15691 4389 2224 11302 2401
is_linear=0
shrinkage=0.05


Tree=109
num_leaves=7
num_cat=0
split_feature=16 17 14 0 5 18
split_gain=12.6788 10.9109 10.5477 9.96981 7.98904 12.0937
threshold=0.99938393676642823 51.046875000000007 2234.9900000000002 100.50000000000001 76.364545454545478 2.0330349434270918
decision_type=2 2 2 2 2 2
left_child=2 -2 4 -4 5 -1
right_child=1 -3 3 -5 -6 -7
leaf_value=-0.012355996946557129 0.020085407728892966 -0.0098743438828003509 -0.021150455510338912 0.016300410807904175 -0.0013571032142523634 0.014597788167898182
leaf_weight=37.968646310269833 104.13174083083868 26.744279805570841 87.881247857585549 6.0637550652027121 4109.4607924818993 153.91583970934153
leaf_count=181 720 145 1475 27 20165 738
internal_value=-0.000793371 0.0134658 -0.00127703 -0.0162963 -0.000875093 0.00860151
internal_weight=4526.17 130.876 4395.29 93.945 4301.35 191.884
internal_count=23451 865 22586 1502 21084 919
is_linear=0
shrinkage=0.05


Tree=110
num_leaves=7
num_cat=0
split_feature=0 16 19 18 17 1
split_gain=9.35363 7.41762 12.9978 9.12075 18.3568 15.627
threshold=4.5000000000000009 0.99948746456635518 86.500000000000014 11.081666666666669 18.267857142857146 281.50000000000006
decision_type=2 2 2 2 2 2
left_child=-1 3 -3 5 -5 -2
right_child=1 2 -4 4 -6 -7
leaf_value=-0.0095479420529487394 -0.00013000671294681847 0.026843971097463892 -0.0087791015448275191 0.00046509438207469511 -0.011643259978696053 0.0091066107017675115
leaf_weight=228.53342506848276 2120.1427823137492 46.604194175451994 29.010304156690836 1104.1687199659646 416.07187511026859 563.88001546263695
leaf_count=1734 10007 252 228 5643 2261 3262
internal_value=-0.000117226 0.000428416 0.0141993 0.00011469 -0.00295698 0.0018635
internal_weight=4508.41 4279.88 75.6145 4204.26 1520.24 2684.02
internal_count=23387 21653 480 21173 7904 13269
is_linear=0
shrinkage=0.05


Tree=111
num_leaves=7
num_cat=0
split_feature=20 6 3 18 20 18
split_gain=7.79471 14.6538 13.3435 10.6165 10.0932 9.24401
threshold=0.011400814429700963 177.25802759030583 5.5000000000000009 3.1286141228801783 0.043872814793522737 19.602521008403368
decision_type=2 2 2 2 2 2
left_child=-1 3 4 -2 5 -3
right_child=1 2 -4 -5 -6 -7
leaf_value=0.0015930682495236229 -0.025273058459999345 0.0080975248089921303 -0.01231649373501395 -0.0047500431109295327 0.021163821539340197 -0.019319064923224223
leaf_weight=3418.4423604961485 50.996147565543652 93.059735141694546 58.283086609095335 756.59349105879664 110.61279439926147 22.251848988234997
leaf_count=16945 292 541 914 4062 557 128
internal_value=0.000418049 -0.00322344 0.00624354 -0.00662544 0.0116438 0.000733402
internal_weight=4510.24 1091.8 284.207 807.59 225.924 115.312
internal_count=23439 6494 2140 4354 1226 669
is_linear=0
shrinkage=0.05


Tree=112
num_leaves=7
num_cat=0
split_feature=20 4 5 18 5 19
split_gain=8.6729 20.213 12.2072 10.6959 9.53134 16.4391
threshold=0.15233268533784877 367.59500000000008 96.575000000000003 6.1846590909090917 91.405000000000015 11.500000000000002
decision_type=2 2 2 2 2 2
left_child=2 3 4 -2 5 -1
right_child=1 -3 -4 -5 -6 -7
leaf_value=0.010728390329514573 0.01104925492518004 0.024885487642870081 -0.0013829339203658975 -0.019593300309402997 0.027639140956907889 -0.017409059684330715
leaf_weight=201.53511035442352 32.949277892708778 85.660238422453403 4056.0669719260186 46.035695806145668 36.656310349702835 48.56728870421648
leaf_count=970 147 442 21281 200 171 217
internal_value=-0.000213668 0.0104016 -0.000661951 -0.00716076 0.00896129 0.00437991
internal_weight=4507.47 164.645 4342.83 78.985 286.759 250.102
internal_count=23428 789 22639 347 1358 1187
is_linear=0
shrinkage=0.05


Tree=113
num_leaves=7
num_cat=0
split_feature=15 6 6 15 1 20
split_gain=7.81532 11.3531 19.0807 14.3401 13.6278 12.2376
threshold=1170.8550000000002 100.40109628863779 31.929772620609931 460.74500000000006 250.50000000000003 0.12821548562335081
decision_type=2 2 2 2 2 2
left_child=1 2 3 -1 5 -3
right_child=-2 4 -4 -5 -6 -7
leaf_value=0.0021784632616332739 -0.0079485328676682475 -0.0013554985864880917 -0.0077073950388877321 -0.014934130480040199 0.011903016052744042 0.02104863654742049
leaf_weight=2217.8222462125123 269.34295423142612 680.22988659888506 776.14028471335769 109.62571522966027 404.60678740590811 46.779643807560205
leaf_count=9885 2609 3928 4051 500 2200 222
internal_value=3.02965e-06 0.000543701 -0.0010235 0.00125207 0.00478507 0.00061105
internal_weight=4504.55 4235.2 3103.59 2327.45 1131.62 727.01
internal_count=23395 20786 14436 10385 6350 4150
is_linear=0
shrinkage=0.05


Tree=114
num_leaves=7
num_cat=0
split_feature=5 5 20 5 5 17
split_gain=9.05895 10.4856 9.9235 10.7197 16.9017 15.8936
threshold=76.364545454545478 68.03166666666668 0.071825883763033185 537.5350000000002 296.6756666666667 25.508064516129036
decision_type=2 2 2 2 2 2
left_child=1 -1 -2 4 5 -4
right_child=2 -3 3 -5 -6 -7
leaf_value=0.0026794585617689647 -0.0012969391606852025 0.027728659337285761 0.016762518818426917 0.026128865024473716 -0.010794669211029971 -0.020438304821031941
leaf_weight=153.9728687480092 3965.3749641478062 40.104003310203552 173.28757931664586 43.042860813438892 115.52250660210848 16.333202838897705
leaf_count=744 20808 188 823 223 591 81
internal_value=-7.82565e-05 0.00996257 -0.00057391 0.00728359 0.0031816 0.0119139
internal_weight=4507.64 194.077 4313.56 348.186 305.143 189.621
internal_count=23458 932 22526 1718 1495 904
is_linear=0
shrinkage=0.05


Tree=115
num_leaves=7
num_cat=0
split_feature=18 18 1 17 4 4
split_gain=9.65578 11.9256 17.0576 11.4832 13.4596 19.5662
threshold=64.292913608131002 34.690476190476197 107.50000000000001 9.6794871794871806 361.93000000000001 258.5750000000001
decision_type=2 2 2 2 2 2
left_child=1 3 -3 4 5 -1
right_child=-2 2 -4 -5 -6 -7
leaf_value=0.0050756130847496705 0.011366785993521065 0.010337243391980907 -0.021335590697976289 -0.001414871364670688 0.013016687284805695 -0.015612735830922889
leaf_weight=493.56703100353479 156.37037508189678 45.802633568644524 126.80360482819378 3236.3631379157305 308.66450163349509 127.0160866305232
leaf_count=2297 872 199 713 17101 1651 545
internal_value=-0.000103005 -0.000566698 -0.0127302 -4.26884e-06 0.00483485 0.000486033
internal_weight=4494.59 4338.22 172.606 4165.61 929.248 620.583
internal_count=23378 22506 912 21594 4493 2842
is_linear=0
shrinkage=0.05


Tree=116
num_leaves=7
num_cat=0
split_feature=8 6 17 18 18 17
split_gain=7.0656 25.0235 15.026 13.8142 24.0926 12.7175
threshold=0.33058390022675743 109.14244056563216 36.354166666666679 3.9506903353057203 3.1286141228801783 46.058823529411775
decision_type=2 2 2 2 2 2
left_child=3 -2 -3 4 5 -1
right_child=1 2 -4 -5 -6 -7
leaf_value=0.0076759239385555027 -0.0077362775333930994 0.006916708399745921 -0.0096941992216672389 0.00031709588003789595 0.024788414565272882 -0.011349131176292829
leaf_weight=271.92293080873787 897.8913847412914 736.6533253826201 147.69521512277424 2199.2523916494101 150.73361665010452 106.09318753518164
leaf_count=1287 4526 4484 948 10973 745 475
internal_value=0.000497209 -0.00193825 0.00398948 0.00209085 0.00918806 0.00203442
internal_weight=4510.24 1782.24 884.349 2728 528.75 378.016
internal_count=23438 9958 5432 13480 2507 1762
is_linear=0
shrinkage=0.05


Tree=117
num_leaves=7
num_cat=0
split_feature=15 6 0 14 0 18
split_gain=9.14436 10.759 16.4604 15.2305 14.733 10.3936
threshold=53.600000000000001 109.14244056563216 190.50000000000003 2181.2850000000003 65.500000000000014 5.7470930232558155
decision_type=2 2 2 2 2 2
left_child=-1 2 -2 5 -5 -3
right_child=1 3 -4 4 -6 -7
leaf_value=0.0024032603250890407 -0.0099068452079384556 -0.0069164731854955436 0.0012157621202361988 -0.023241522434054623 0.017080282301585231 0.0075163466713314645
leaf_weight=2310.3354854732752 716.44494765810668 138.79038019105792 599.46574380993843 76.870558235794306 13.770685166120527 610.26395604759455
leaf_count=10769 3857 826 2761 1372 82 3564
internal_value=0.000227842 -0.00210439 -0.00489758 0.002285 -0.0151355 0.0047318
internal_weight=4465.94 2155.61 1315.91 839.696 90.6412 749.054
internal_count=23231 12462 6618 5844 1454 4390
is_linear=0
shrinkage=0.05


Tree=118
num_leaves=7
num_cat=0
split_feature=0 8 8 7 16 1
split_gain=10.433 9.5738 16.306 8.76272 8.21345 9.83495
threshold=4.5000000000000009 0.40706818536433148 1.2917960662525882 41.81666666666667 0.99685579080912967 220.50000000000003
decision_type=2 2 2 2 2 2
left_child=3 4 -3 -1 5 -2
right_child=1 2 -4 -5 -6 -7
leaf_value=-0.018078372185234066 -0.0014239529196788956 -0.0072406983254778698 0.002627774148281619 0.00086810900268805837 0.0075524342492148816 0.0059444139940798999
leaf_weight=114.57044688798487 1232.6567302271724 746.97759384103119 904.96259642019868 108.46428429335356 694.39276596158743 690.70501517318189
leaf_count=1032 5462 4740 4415 696 3061 3999
internal_value=0.000530112 0.00109881 -0.00186781 -0.00955128 0.00297086 0.00125607
internal_weight=4492.73 4269.69 1651.94 223.035 2617.75 1923.36
internal_count=23405 21677 9155 1728 12522 9461
is_linear=0
shrinkage=0.05


Tree=119
num_leaves=7
num_cat=0
split_feature=8 22 15 22 15 6
split_gain=8.83338 11.329 10.718 9.00688 7.20496 6.80443
threshold=6.5993630573248412 0.65686274509803932 1170.8550000000002 0.16204051012753193 1610.8450000000003 100.40109628863779
decision_type=2 2 2 2 2 2
left_child=2 -2 5 4 -4 -1
right_child=1 -3 3 -5 -6 -7
leaf_value=-0.0016865094818627913 0.017129018492288074 -0.0088855296214342266 -0.011486163311664207 -0.017368608907047372 0.013254697358544313 0.0029253459785131631
leaf_weight=3027.9510509911925 122.85189910233021 44.661854058504105 34.310315737500787 155.92357173934579 44.971192955970764 1064.7266466580331
leaf_count=14162 538 186 285 1712 478 6033
internal_value=-0.000645133 0.00998518 -0.00110063 -0.0110428 0.00239074 -0.000478325
internal_weight=4495.4 167.514 4327.88 235.205 79.2815 4092.68
internal_count=23394 724 22670 2475 763 20195
is_linear=0
shrinkage=0.05


Tree=120
num_leaves=7
num_cat=0
split_feature=0 17 5 4 4 4
split_gain=15.2764 7.42671 13.5014 16.9399 8.93188 21.5571
threshold=4.5000000000000009 55.708333333333336 485.24000000000007 1682.5450000000003 452.92000000000007 361.93000000000001
decision_type=2 2 2 2 2 2
left_child=-1 4 -3 -4 5 -2
right_child=1 2 3 -5 -6 -7
leaf_value=-0.012149912223572095 0.0013824200023341516 -0.019157669659566719 0.017970129945202241 -0.016811064116411614 -0.00097771111890137099 0.015201775455907117
leaf_weight=217.88604479655623 1700.0851264446974 104.05264941602945 66.900739729404449 39.42236128076911 2034.4843804426491 319.61289201676846
leaf_count=1670 7619 501 292 263 11565 1389
internal_value=0.000183837 0.00086777 -0.00787364 0.00445417 0.0013578 0.00369692
internal_weight=4482.44 4264.56 210.376 106.323 4054.18 2019.7
internal_count=23299 21629 1056 555 20573 9008
is_linear=0
shrinkage=0.05


Tree=121
num_leaves=7
num_cat=0
split_feature=5 5 19 5 17 5
split_gain=6.43523 15.1455 19.4247 8.86609 8.66947 19.2703
threshold=96.575000000000003 91.405000000000015 11.500000000000002 88.511250000000004 5.3431372549019613 356.27600000000007
decision_type=2 2 2 2 2 2
left_child=1 2 3 -1 5 -2
right_child=4 -3 -4 -5 -6 -7
leaf_value=0.011971935979039436 -0.013978067894652666 0.029564551636103682 -0.019934578958539548 -0.015524882179678057 0.00035561723678882457 0.011477369847216728
leaf_weight=200.9394741281867 268.06515700742602 40.257733844220638 58.526762381196022 16.321269318461418 3789.6074552703649 83.34902124106884
leaf_count=976 1294 189 264 75 19980 462
internal_value=0.000181286 0.00683624 0.00174379 0.00877174 -0.000357041 -0.00764758
internal_weight=4457.07 316.045 275.788 217.261 4141.02 351.414
internal_count=23240 1504 1315 1051 21736 1756
is_linear=0
shrinkage=0.05


Tree=122
num_leaves=7
num_cat=0
split_feature=8 17 6 18 18 16
split_gain=6.42851 14.3221 17.4338 11.2439 14.828 10.9664
threshold=0.43250835104767699 36.67948717948719 398.44090674655075 3.8816526610644262 3.1286141228801783 0.99941363007200612
decision_type=2 2 2 2 2 2
left_child=3 2 5 4 -1 -2
right_child=1 -3 -4 -5 -6 -7
leaf_value=0.0024888059822260442 -0.0029615375122037982 -0.014590088358722107 0.017550307856715693 2.3338210437407313e-05 0.020714605341250129 0.023679100066289385
leaf_weight=381.40869637206197 1311.6554173883051 189.86685939133167 101.57784724980593 2337.4027380403131 141.8075339011848 19.927974075078964
leaf_count=1800 6982 1143 690 11868 712 157
internal_value=0.000106422 -0.00238982 -0.000594951 0.00152947 0.00800935 -0.00221835
internal_weight=4483.65 1623.03 1433.16 2860.62 523.216 1331.58
internal_count=23352 8972 7829 14380 2512 7139
is_linear=0
shrinkage=0.05


Tree=123
num_leaves=7
num_cat=0
split_feature=13 0 6 18 18 13
split_gain=10.2817 13.4535 9.70442 10.9185 9.73425 18.3166
threshold=748.19500000000005 20.500000000000004 101.65279260579521 3.4198484533222366 4.9353972567287796 511.13500000000005
decision_type=2 2 2 2 2 2
left_child=2 -2 -1 -4 5 -5
right_child=1 -3 3 4 -6 -7
leaf_value=-0.00069430673226624959 -0.015363415436598077 0.0015418406140248978 0.02055597017635602 -0.020070316986516915 0.0048916246832415369 0.023921197191835636
leaf_weight=2995.5056336186826 219.49660823307931 224.8820164501667 81.365944851189852 79.670302234590054 845.86364623531699 12.813656862825153
leaf_count=13862 2464 1621 416 410 4381 92
internal_value=-6.51666e-05 -0.0071104 0.000745931 0.00490874 0.00315127 -0.0108057
internal_weight=4459.6 444.379 4015.22 1019.71 938.348 92.484
internal_count=23246 4085 19161 5299 4883 502
is_linear=0
shrinkage=0.05


Tree=124
num_leaves=7
num_cat=0
split_feature=13 4 22 20 9 22
split_gain=9.70749 12.2448 11.0956 10.538 6.78589 8.18698
threshold=748.19500000000005 5977.1900000000014 0.29198717948717956 0.050452004220915496 1.5000000000000002 0.36914203316510458
decision_type=2 2 2 2 2 2
left_child=1 4 3 -2 -1 -6
right_child=2 -3 -4 -5 5 -7
leaf_value=0.00023262847389146735 -0.015502460926151512 0.026900436825360974 0.0038740344497697372 0.010022742555597139 -0.0010946579796892442 0.025440451480635087
leaf_weight=3905.1123409792781 260.21153475530446 24.71479668840766 152.57076980918646 33.186734342947602 53.769273329526186 39.486543953418732
leaf_count=18509 2573 152 1232 295 352 204
internal_value=9.04883e-05 0.000877685 -0.00674368 -0.0121599 0.000583746 0.0126493
internal_weight=4469.05 4023.08 445.969 293.398 3998.37 93.2558
internal_count=23317 19217 4100 2868 19065 556
is_linear=0
shrinkage=0.05


Tree=125
num_leaves=7
num_cat=0
split_feature=12 4 8 8 7 4
split_gain=8.3997 12.3293 8.03841 12.2972 8.29657 8.11899
threshold=277.21500000000003 3775.7050000000004 0.59529346622369894 1.2917960662525882 125.12500000000001 1031.9600000000003
decision_type=2 2 2 2 2 2
left_child=1 2 5 4 -4 -1
right_child=-2 -3 3 -5 -6 -7
leaf_value=0.0008154941340858615 -0.0055734732652140372 0.017589891977678823 -0.012565429609413465 0.00055733446574369224 0.0038882207203886432 0.010347867509887285
leaf_weight=2230.4280298687518 630.44530991464853 83.53364111110568 372.12303271889687 847.34546256065369 85.232165038585663 228.84542384371161
leaf_count=10036 4809 663 2166 3974 355 1315
internal_value=-0.000317587 0.000568001 9.92616e-05 -0.00304569 -0.00946471 0.00177884
internal_weight=4477.95 3847.51 3763.97 1304.7 457.355 2459.27
internal_count=23318 18509 17846 6495 2521 11351
is_linear=0
shrinkage=0.05


Tree=126
num_leaves=7
num_cat=0
split_feature=0 22 19 16 2 2
split_gain=7.37314 33.0626 8.74539 8.0107 7.46894 7.01018
threshold=32.500000000000007 0.27207792207792209 57.500000000000007 0.42400862795315891 11.500000000000002 10.500000000000002
decision_type=2 2 2 2 2 2
left_child=1 -1 3 -3 -4 -2
right_child=5 2 4 -5 -6 -7
leaf_value=-0.010463881304456218 0.00089459506860079462 -0.0099883554476223463 0.017414659600977243 0.0060388515438224884 -0.011095004018955924 0.019766790984794991
leaf_weight=677.35252873040736 3256.3515976183116 93.769949946552515 165.43047477304935 228.56947589293122 12.517107754945753 30.037837598472834
leaf_count=4787 15230 493 1173 1033 304 268
internal_value=-3.20667e-05 -0.00339324 0.00621413 0.00106532 0.0144909 0.00118561
internal_weight=4464.03 1177.64 500.287 322.339 177.948 3286.39
internal_count=23288 7790 3003 1526 1477 15498
is_linear=0
shrinkage=0.05


Tree=127
num_leaves=7
num_cat=0
split_feature=11 6 6 5 3 20
split_gain=9.81392 5.69823 14.7821 15.627 19.2334 14.3978
threshold=7.5000000000000009 102.29862167865515 31.929772620609931 200.20000000000002 2.5000000000000004 0.043872814793522737
decision_type=2 2 2 2 2 2
left_child=1 2 -1 4 -4 -3
right_child=-2 5 3 -5 -6 -7
leaf_value=0.001725624376247361 -0.018084164550298959 0.0011281249148536962 -0.0107775914363507 -0.012617568194919838 0.010552272730606049 0.014623338884202612
leaf_weight=2317.4032877497375 49.4175368193537 1090.02322749421 169.9968089312315 412.2398276347667 218.45067377015948 222.53441574797034
leaf_count=10379 1074 6538 720 2315 1180 1229
internal_value=0.000575926 0.000864382 -0.00030332 -0.00607458 0.001147 0.00360128
internal_weight=4480.07 4430.65 3118.09 800.687 388.447 1312.56
internal_count=23435 22361 14594 4215 1900 7767
is_linear=0
shrinkage=0.05


Tree=128
num_leaves=7
num_cat=0
split_feature=18 18 5 1 22 4
split_gain=6.75284 9.33861 8.55665 8.36503 12.4315 16.1894
threshold=64.292913608131002 37.806055646481191 530.88250000000005 251.50000000000003 0.09232954545454547 291.41500000000002
decision_type=2 2 2 2 2 2
left_child=1 3 -3 -1 -5 -6
right_child=-2 2 -4 4 5 -7
leaf_value=-0.0010373862630924751 0.0097588088747565058 -0.018960885769669065 0.0054672214857916027 0.010816488705824683 -0.017766093879006753 0.0029165876670181261
leaf_weight=2991.2818328794092 161.62383704632521 97.884664153680205 40.830679623410106 401.41775305196643 89.328668661415577 683.03960829786956
leaf_count=14509 898 489 254 2179 467 4498
internal_value=0.000314875 -8.32816e-05 -0.0119876 0.00036858 0.0039089 0.000136468
internal_weight=4465.41 4303.78 138.715 4165.07 1173.79 772.368
internal_count=23294 22396 743 21653 7144 4965
is_linear=0
shrinkage=0.05


Tree=129
num_leaves=7
num_cat=0
split_feature=0 7 22 7 4 22
split_gain=8.32687 13.4527 8.71444 7.53753 19.2905 9.15022
threshold=22.500000000000004 58.937500000000007 0.59729729729729741 19.97058823529412 1682.5450000000003 0.95833333333333337
decision_type=2 2 2 2 2 2
left_child=1 2 -1 4 5 -2
right_child=3 -3 -4 -5 -6 -7
leaf_value=-0.013070075665161794 0.0081841135580246176 0.0033426171267366637 0.0010211515904211101 0.0004941576579690878 0.035329724046813449 -0.016459041991029995
leaf_weight=379.49669012799859 97.587146207690239 334.31061720848083 147.47125149518251 3454.7972231972963 36.133288050070405 35.429871574044228
leaf_count=3445 434 1793 690 16679 224 147
internal_value=-2.57076e-05 -0.00438694 -0.00923352 0.00102918 0.0107491 0.000326918
internal_weight=4485.23 861.279 526.968 3623.95 169.15 133.017
internal_count=23412 5928 4135 17484 805 581
is_linear=0
shrinkage=0.05


Tree=130
num_leaves=7
num_cat=0
split_feature=4 4 20 16 4 4
split_gain=6.00937 21.5018 17.4771 17.4563 11.4989 14.7485
threshold=258.5750000000001 313.39000000000004 0.016498647910523679 0.99436952659526168 438.69500000000011 537.74000000000012
decision_type=2 2 2 2 2 2
left_child=2 -2 -1 -4 -3 -6
right_child=1 4 3 -5 5 -7
leaf_value=0.0050937987855032632 -0.012702261800030801 0.006280141658496283 -0.022936127400093605 0.012859641946870254 -0.011479238635042781 5.7803470785237456e-05
leaf_weight=1012.6689305603504 350.71261192113161 577.12906959652901 95.997040309011936 33.202705800533295 299.29845028370619 2090.2365471124649
leaf_count=4651 1505 2506 433 136 1296 12769
internal_value=-0.000271989 -0.00134901 0.00282635 -0.0132464 6.9218e-05 -0.00147054
internal_weight=4459.25 3317.38 1141.87 129.2 2966.66 2389.53
internal_count=23296 18076 5220 569 16571 14065
is_linear=0
shrinkage=0.05


Tree=131
num_leaves=7
num_cat=0
split_feature=16 16 13 18 6 4
split_gain=7.97775 15.1542 12.2655 9.38905 8.9239 13.9547
threshold=0.99685579080912967 0.99651014674726679 1558.0950000000003 48.516483516483525 313.13840920803318 1393.8100000000002
decision_type=2 2 2 2 2 2
left_child=1 2 4 -3 -1 -6
right_child=-2 3 -4 -5 5 -7
leaf_value=-0.00033886022321918659 0.003769034893309018 -0.018521878424273074 -0.018930667555171417 0.016400881436738731 -0.013295892993468334 0.017507582162803268
leaf_weight=2878.1879159677774 1195.265761397779 147.03813640773296 64.772255793213844 6.2911120951175681 31.958107650279999 136.77253285050392
leaf_count=14777 5785 604 1113 26 139 847
internal_value=0.000309069 -0.000972798 -0.000170195 -0.0153619 0.000349471 0.0108826
internal_weight=4460.29 3265.02 3111.69 153.329 3046.92 168.731
internal_count=23291 17506 16876 630 15763 986
is_linear=0
shrinkage=0.05


Tree=132
num_leaves=7
num_cat=0
split_feature=15 22 0 22 19 5
split_gain=8.6815 30.4355 16.6561 15.4497 15.3613 13.4497
threshold=61.039999999999999 0.16575091575091577 71.500000000000014 0.09232954545454547 5.5000000000000009 34.790000000000006
decision_type=2 2 2 2 2 2
left_child=1 2 -1 -2 -5 -3
right_child=3 5 -4 4 -6 -7
leaf_value=-0.0055488116633791032 0.0029168151492986578 -0.018232158153638531 0.0038632808468234249 -0.027154421379180428 -0.0042020947893400959 0.014936322320369852
leaf_weight=909.88296976312995 864.30486118048429 16.09346005320549 931.11473268270493 58.706035785377026 1241.7356014810503 461.55167505517602
leaf_count=4433 4430 82 4146 275 7849 2196
internal_value=4.20642e-05 0.00215904 -0.000798132 -0.00222442 -0.00563383 0.0131309
internal_weight=4483.39 2318.64 1841 2164.75 1300.44 477.645
internal_count=23411 10857 8579 12554 8124 2278
is_linear=0
shrinkage=0.05


Tree=133
num_leaves=7
num_cat=0
split_feature=11 1 22 1 1 19
split_gain=7.48926 8.05825 14.6332 12.4621 12.633 9.67299
threshold=8.5000000000000018 251.50000000000003 0.09232954545454547 266.50000000000006 313.00000000000006 47.500000000000007
decision_type=2 2 2 2 2 2
left_child=1 5 -3 -4 -5 -1
right_child=-2 2 3 4 -6 -7
leaf_value=0.00023596016481947579 -0.018586980045736348 0.010716520460980072 0.021082911339251966 -0.010112460621170848 0.0027621949040114351 -0.006225833976085041
leaf_weight=2472.4908589534461 34.582795321941376 426.16555092856288 41.835915209725499 289.96124808304012 478.47482047788799 735.77546513453126
leaf_count=10905 820 2284 247 1781 2960 4417
internal_value=-0.000178761 4.70878e-05 0.00344421 -0.000546695 -0.00222921 -0.00127536
internal_weight=4479.29 4444.7 1236.44 810.272 768.436 3208.27
internal_count=23414 22594 7272 4988 4741 15322
is_linear=0
shrinkage=0.05


Tree=134
num_leaves=7
num_cat=0
split_feature=16 19 14 20 0 11
split_gain=8.1316 9.79592 9.68504 7.00317 6.4253 5.07211
threshold=0.99956006597715563 86.500000000000014 2493.1100000000006 0.00059103121928520382 409.50000000000006 5.5000000000000009
decision_type=2 2 2 2 2 2
left_child=2 -2 4 -4 5 -1
right_child=1 -3 3 -5 -6 -7
leaf_value=-0.00078502633179711959 0.028319565884566807 -0.0056236574970831253 0.0045797022981166344 -0.024708766147897882 0.015314341712874102 0.012155427295407651
leaf_weight=4239.9618583768606 32.441608395427465 26.33847663551569 21.160783821716905 49.365273095667362 44.729348868131638 57.13196374475956
leaf_count=20517 188 229 220 1056 337 812
internal_value=-0.000382135 0.0155437 -0.000663474 -0.0168507 -0.00032448 -0.000557461
internal_weight=4471.13 58.7801 4412.35 70.5261 4341.82 4297.09
internal_count=23359 417 22942 1276 21666 21329
is_linear=0
shrinkage=0.05


Tree=135
num_leaves=7
num_cat=0
split_feature=20 6 3 5 5 18
split_gain=5.30187 13.2968 10.2743 12.2051 18.0586 14.803
threshold=0.011545786126285157 175.17372254529724 5.5000000000000009 434.32261904761907 288.20066666666673 20.428812316715547
decision_type=2 2 2 2 2 2
left_child=-1 -2 3 4 -3 -5
right_child=1 2 -4 5 -6 -7
leaf_value=0.00083725418285598204 -0.0063746596088480739 0.018934239581898677 -0.011178451870167166 0.028249040486255452 -0.017102654509629986 -0.0074632650220808339
leaf_weight=3417.6903716288507 804.77380918338895 40.191775932908058 52.437744844704866 94.59038370475173 62.662523537874222 29.335734508931637
leaf_count=17072 4376 191 872 531 346 162
internal_value=-0.00013145 -0.00314549 0.00596574 0.0105146 -0.0022308 0.0199329
internal_weight=4501.68 1083.99 279.218 226.78 102.854 123.926
internal_count=23550 6478 2102 1230 537 693
is_linear=0
shrinkage=0.05


Tree=136
num_leaves=7
num_cat=0
split_feature=13 22 16 6 6 8
split_gain=7.06911 11.8213 9.58909 8.72936 16.8167 14.5373
threshold=748.19500000000005 0.29198717948717956 0.99938393676642823 178.82164616532825 156.87594059996155 0.2242184982275218
decision_type=2 2 2 2 2 2
left_child=3 2 -2 4 -1 -6
right_child=1 -3 -4 -5 5 -7
leaf_value=0.00027473222436688821 -0.016676632294589652 0.0046812053564233942 0.0032732126108016403 0.0066425318796525488 0.01117655765853301 -0.025562708198506329
leaf_weight=3441.0444329679012 216.08658326417208 155.76355103030801 73.061798769980669 481.38710359856486 22.775294035673141 92.266626678407192
leaf_count=16244 2344 1243 537 2472 119 476
internal_value=-0.00020437 -0.00604358 -0.0117501 0.000465704 -0.000402926 -0.0177112
internal_weight=4482.39 444.912 289.148 4037.47 3556.09 115.042
internal_count=23435 4124 2881 19311 16839 595
is_linear=0
shrinkage=0.05


Tree=137
num_leaves=7
num_cat=0
split_feature=16 22 19 18 18 19
split_gain=8.4937 17.8055 10.4096 15.8241 13.9316 11.8596
threshold=0.99685579080912967 0.13944444444444448 52.500000000000007 19.273768216516313 7.5564037319762525 26.500000000000004
decision_type=2 2 2 2 2 2
left_child=-1 2 4 -4 5 -2
right_child=1 -3 3 -5 -6 -7
leaf_value=-0.0011709580839738682 -0.0025297284212705447 0.014512874609628674 -0.012955534281400477 0.023986357771979591 -0.00054182186201368521 0.02479834160723841
leaf_weight=3282.3925565332174 54.997735761106014 270.65513382479548 205.56841700151563 14.621029596775768 552.87439582869411 96.641733039170504
leaf_count=17581 231 1294 1235 90 2500 445
internal_value=0.000144906 0.00371801 0.000318063 -0.00870949 0.00330208 0.0157469
internal_weight=4477.75 1195.36 924.703 220.189 704.514 151.639
internal_count=23376 5795 4501 1325 3176 676
is_linear=0
shrinkage=0.05


Tree=138
num_leaves=7
num_cat=0
split_feature=0 22 17 0 9 13
split_gain=7.0576 7.18185 6.34924 5.63377 5.3799 10.6787
threshold=4.5000000000000009 0.27207792207792209 10.211111111111112 409.50000000000006 1.5000000000000002 1032.5950000000003
decision_type=2 2 2 2 2 2
left_child=1 -1 -3 4 -2 -6
right_child=3 2 -4 -5 5 -7
leaf_value=-0.016377286279696847 -0.0003784999672009436 0.016260540206624138 -0.0062265854704109842 0.014669750748607553 0.018830765062791594 -0.0086587271284248087
leaf_weight=113.31659605354071 4084.1081715580076 25.550388846546412 81.243299014866352 46.014827266335487 78.830204766243696 40.348343923687935
leaf_count=969 20200 162 587 348 522 602
internal_value=-0.000293928 -0.00863391 0.000869711 0.000176498 -5.08837e-05 0.0096172
internal_weight=4469.41 220.11 106.794 4249.3 4203.29 119.179
internal_count=23390 1718 749 21672 21324 1124
is_linear=0
shrinkage=0.05


Tree=139
num_leaves=7
num_cat=0
split_feature=6 20 18 6 6 4
split_gain=5.45093 14.1047 14.8479 13.13 10.9866 25.1359
threshold=100.40109628863779 0.042717005736958767 12.294696618805004 7.6683935014872082 152.54007946763366 610.7650000000001
decision_type=2 2 2 2 2 2
left_child=3 4 -3 -1 -2 -6
right_child=1 2 -4 -5 5 -7
leaf_value=0.00068441795343741386 0.0062782413694435456 0.021980441994796214 -0.0026712215293452587 -0.0060658174862241029 -0.027473800263339111 -0.00033572300337567941
leaf_weight=2029.6315326653421 385.14983168244362 140.14877857454121 92.382835324853659 1093.8156520426273 78.560802698135376 639.22952637262642
leaf_count=9080 2274 807 576 5681 337 4556
internal_value=-0.000562409 0.00209109 0.0127506 -0.00170303 -0.000343322 -0.00397018
internal_weight=4458.92 1335.47 232.532 3123.45 1102.94 717.79
internal_count=23311 8550 1383 14761 7167 4893
is_linear=0
shrinkage=0.05


Tree=140
num_leaves=7
num_cat=0
split_feature=16 22 0 1 5 22
split_gain=6.39962 15.4704 16.0467 11.625 18.9317 13.2487
threshold=0.99720783481496367 0.13944444444444448 20.500000000000004 220.50000000000003 163.45250000000004 0.09232954545454547
decision_type=2 2 2 2 2 2
left_child=3 -2 -3 4 -1 -5
right_child=1 2 -4 5 -6 -7
leaf_value=0.0025942383780961152 -8.4508777461500789e-05 0.00049166405389087565 0.025171542620392336 0.0076135897788584279 -0.0079950746654091093 -0.0015504692405794638
leaf_weight=676.30628277175128 818.82623403146863 123.4791619554162 123.17237991839647 613.29264167137444 1069.2794581633061 1031.6416660360992
leaf_count=3020 4066 628 559 3302 5158 6606
internal_value=-2.40994e-05 0.00331976 0.0137798 -0.00108822 -0.00390946 0.00191665
internal_weight=4456 1065.48 246.652 3390.52 1745.59 1644.93
internal_count=23339 5253 1187 18086 8178 9908
is_linear=0
shrinkage=0.05


Tree=141
num_leaves=7
num_cat=0
split_feature=16 22 7 18 16 18
split_gain=6.32765 14.5007 13.0634 12.2953 11.3477 12.3782
threshold=0.99685579080912967 0.13944444444444448 9.029411764705884 25.762454212454216 0.99651014674726679 30.871929824561409
decision_type=2 2 2 2 2 2
left_child=4 3 -3 -2 5 -1
right_child=1 2 -4 -5 -6 -7
leaf_value=-6.8951184100515849e-05 -0.0028510583149126429 -0.013129111517642084 0.016097055750015712 0.013160905682104443 -0.014195571627492909 -0.011344010930481239
leaf_weight=2866.9294649269432 808.87290852144361 29.36117522791028 241.24153820052743 120.19727450236678 152.98275016248226 246.03328335471451
leaf_count=15518 3971 124 1163 554 629 1451
internal_value=-0.000587081 0.00249174 0.0122406 -0.000545841 -0.0017263 -0.0010268
internal_weight=4465.62 1199.67 270.603 929.07 3265.95 3112.96
internal_count=23410 5812 1287 4525 17598 16969
is_linear=0
shrinkage=0.05


Tree=142
num_leaves=7
num_cat=0
split_feature=5 16 14 6 4 4
split_gain=6.61925 13.1556 9.93962 12.6084 10.9051 9.72533
threshold=137.17500000000004 0.99162755577201678 91.25500000000001 56.303639642514995 279.85500000000008 155.83000000000004
decision_type=2 2 2 2 2 2
left_child=1 2 3 -1 -4 -2
right_child=5 -3 4 -5 -6 -7
leaf_value=0.0092795539047466607 -0.014183741519147303 0.014868723053155446 -0.014662306081446672 -0.01710036677630181 0.0068164333641786388 -5.6289044764265051e-05
leaf_weight=299.43354208022356 106.04865268617868 200.71810231730342 147.20188117027283 34.014383651316166 76.681963903829455 3635.7725172266364
leaf_count=1498 484 885 643 150 412 19466
internal_value=0.000339871 0.00453672 0.000429555 0.00577323 -0.00734997 -0.000529962
internal_weight=4499.87 758.05 557.332 333.448 223.884 3741.82
internal_count=23538 3588 2703 1648 1055 19950
is_linear=0
shrinkage=0.05


Tree=143
num_leaves=7
num_cat=0
split_feature=18 18 12 15 15 6
split_gain=7.08819 8.68041 8.88626 6.89022 8.44212 6.42696
threshold=64.292913608131002 39.643333333333338 614.43000000000018 454.55000000000001 1610.8450000000003 100.40109628863779
decision_type=2 2 2 2 2 2
left_child=1 2 5 -2 -5 -1
right_child=3 -3 -4 4 -6 -7
leaf_value=-0.00026977913538622534 0.017074636319760163 -0.012140067436143471 -0.010306643627767145 -0.017754327823809687 0.012760174952824947 0.004151945364243812
leaf_weight=2890.7530396524817 100.2380884103477 120.36709414795041 162.1406173184514 26.74251276627183 24.833288116380572 1127.0018969736993
leaf_count=13634 483 643 1598 147 217 6621
internal_value=0.000489912 9.15927e-05 0.000499958 0.0104486 -0.00360179 0.00098496
internal_weight=4452.08 4300.26 4179.9 151.814 51.5758 4017.75
internal_count=23343 22496 21853 847 364 20255
is_linear=0
shrinkage=0.05


Tree=144
num_leaves=7
num_cat=0
split_feature=0 18 18 16 20 20
split_gain=7.94271 7.44571 11.5623 15.4185 10.5765 9.01934
threshold=3.5000000000000004 9.2859943977591062 8.5846182085168881 0.99848274500295686 0.21051390142860593 0.15233268533784877
decision_type=2 2 2 2 2 2
left_child=-1 2 -2 4 -4 -3
right_child=1 5 3 -5 -6 -7
leaf_value=-0.009580931129658167 0.0013559038189652158 -0.0022417876300478345 0.019879605827548875 -0.015278162605308824 -0.018413021022470246 0.012644289436721929
leaf_weight=178.76225066184998 1973.1877515949309 1987.1947479080409 199.52201104350388 26.776075702160597 4.2863945066928855 87.411727849394083
leaf_count=1404 9933 10462 993 147 20 424
internal_value=0.000191832 0.000642843 0.00265528 0.0127788 0.0175008 -0.00149983
internal_weight=4457.14 4278.38 2203.77 230.584 203.808 2074.61
internal_count=23383 21979 11093 1160 1013 10886
is_linear=0
shrinkage=0.05


Tree=145
num_leaves=7
num_cat=0
split_feature=3 5 5 14 19 17
split_gain=6.81706 6.65306 8.58891 17.5184 9.00302 8.67255
threshold=13.500000000000002 1629.3950000000002 732.49600000000009 861.78000000000009 39.500000000000007 18.267857142857146
decision_type=2 2 2 2 2 2
left_child=1 2 -1 4 -4 -5
right_child=-2 -3 3 5 -6 -7
leaf_value=0.0010083440879791693 -0.017396088799593038 0.014791913046098656 -0.037871299252286522 0.017147930950881438 -0.0061596898207267811 -0.0049898668127213693
leaf_weight=4118.3053206317127 32.66767119243741 62.242453165352345 36.532806783914566 42.88827932626009 52.768437087535858 130.41268520802259
leaf_count=20947 750 313 159 262 236 788
internal_value=0.000491971 0.000700855 0.000434342 -0.00800184 -0.0236887 0.00169614
internal_weight=4475.82 4443.15 4380.91 262.602 89.3012 173.301
internal_count=23455 22705 22392 1445 395 1050
is_linear=0
shrinkage=0.05


Tree=146
num_leaves=7
num_cat=0
split_feature=5 17 17 17 18 5
split_gain=6.4392 9.77423 9.12261 11.0109 20.1308 28.0927
threshold=96.575000000000003 5.3431372549019613 9.6794871794871806 11.514705882352944 14.658241758241759 367.16777777777787
decision_type=2 2 2 2 2 2
left_child=-1 -2 -3 4 -4 -6
right_child=1 2 3 -5 5 -7
leaf_value=0.0068771945990703885 -0.008113166489612765 0.0061947850693359428 -0.018175977116740311 0.00026586118409764489 0.028719868580337829 -0.023278185799796052
leaf_weight=312.75452712923288 349.59980187378824 557.19838309660554 188.67473565973341 2972.7622404862195 48.662176102399826 23.510599093511701
leaf_count=1504 1745 2814 945 15885 255 167
internal_value=0.000184953 -0.00035119 0.000403466 -0.000626408 -0.01009 0.0104057
internal_weight=4453.16 4140.41 3790.81 3233.61 260.848 72.1728
internal_count=23315 21811 20066 17252 1367 422
is_linear=0
shrinkage=0.05


Tree=147
num_leaves=7
num_cat=0
split_feature=16 19 14 13 20 11
split_gain=5.47222 8.02947 7.41146 8.58443 7.5216 6.75679
threshold=0.99966494366289549 86.500000000000014 2352.9850000000006 776.99000000000012 0.0031399255004534205 5.5000000000000009
decision_type=2 2 2 2 2 2
left_child=2 -2 5 -4 -5 -1
right_child=1 -3 3 4 -6 -7
leaf_value=2.8628652826045207e-05 0.028217564012573366 -0.0070902551747411254 0.010623683716987622 0.0010115252884575216 -0.028277229124064579 0.015172619482456568
leaf_weight=4264.1686128694564 20.241050209850073 16.000020325183868 18.290113478899002 30.453918209299445 47.612782178446651 54.95060265623033
leaf_count=20757 112 144 126 378 1048 762
internal_value=0.000153413 0.0156515 -4.37919e-05 -0.0124968 -0.0189755 0.000290346
internal_weight=4451.72 36.2411 4415.48 96.3568 78.0667 4319.12
internal_count=23327 256 23071 1552 1426 21519
is_linear=0
shrinkage=0.05


Tree=148
num_leaves=7
num_cat=0
split_feature=17 19 3 14 4 17
split_gain=6.54769 11.7046 12.7205 8.93128 8.36804 8.15366
threshold=9.6794871794871806 22.500000000000004 5.5000000000000009 134.95000000000002 1259.3650000000002 11.683333333333335
decision_type=2 2 2 2 2 2
left_child=1 -1 3 -3 -4 -2
right_child=5 2 4 -5 -6 -7
leaf_value=0.00099758201254457248 -0.0089876024193970405 -0.002004466218184718 0.016320218624614899 0.031209017800127154 -0.014760996387298287 -0.0004768930762888081
leaf_weight=1019.031304243952 290.81827373430133 22.812474623322487 15.216475032269953 74.617836363613605 37.868349207565188 3006.6474853139371
leaf_count=4784 1532 98 98 381 464 16056
internal_value=-0.000136554 0.00304669 0.0151755 0.0244154 -0.00382369 -0.00127715
internal_weight=4467.01 1169.55 150.515 97.4303 53.0848 3297.47
internal_count=23413 5825 1041 479 562 17588
is_linear=0
shrinkage=0.05


Tree=149
num_leaves=7
num_cat=0
split_feature=18 4 5 8 5 20
split_gain=5.4524 9.16491 9.95541 6.38896 6.41757 5.86605
threshold=64.292913608131002 438.69500000000011 347.54441176470596 0.89195533561730755 2250.4095454545454 1.0000000180025095e-35
decision_type=2 2 2 2 2 2
left_child=5 -2 -3 4 -4 -1
right_child=1 2 3 -5 -6 -7
leaf_value=0.001005976722229331 0.023409571546883452 -0.023701343030753552 -0.01115359160633129 0.019791083569252094 0.016006814755670732 -0.0029633952659658676
leaf_weight=2973.151216013357 46.382686048746109 14.413610998541115 48.863175405189395 32.972660236060619 12.239370934665201 1330.9739613030106
leaf_count=14021 230 78 307 182 71 8443
internal_value=0.000121071 0.00877619 -0.000150087 0.00698105 -0.00310745 -0.00022951
internal_weight=4459 154.872 108.489 94.0752 61.1025 4304.13
internal_count=23332 868 638 560 378 22464
is_linear=0
shrinkage=0.05


Tree=150
num_leaves=7
num_cat=0
split_feature=8 22 19 8 20 5
split_gain=9.00521 11.0528 10.1713 7.25058 10.7362 13.4322
threshold=6.5993630573248412 0.65686274509803932 14.500000000000002 0.06859943977591039 0.13458271280987541 288.20066666666673
decision_type=2 2 2 2 2 2
left_child=3 2 -2 -1 -5 -6
right_child=1 -3 -4 4 5 -7
leaf_value=0.0022635250056040005 -0.0043437687857108553 -0.0077707685871027561 0.025554513249893537 -0.0026432854364389752 0.026359175654807495 -0.0072816097186957172
leaf_weight=2217.0803451836109 31.189706705510616 43.082167088985443 91.751319035887718 1993.2637283485383 52.341467559337616 38.501665405929089
leaf_count=10358 139 181 406 11849 248 210
internal_value=0.000750161 0.0115211 0.0184229 0.000283008 -0.00182536 0.0133601
internal_weight=4467.21 166.023 122.941 4301.19 2084.11 90.8431
internal_count=23391 726 545 22665 12307 458
is_linear=0
shrinkage=0.05


Tree=151
num_leaves=7
num_cat=0
split_feature=15 1 18 16 18 18
split_gain=7.16492 10.5227 11.664 9.88453 9.30547 11.9061
threshold=900.07500000000016 282.50000000000006 19.602521008403368 0.068457120251510586 21.619148936170216 13.023558758314858
decision_type=2 2 2 2 2 2
left_child=1 -1 -3 4 5 -2
right_child=3 2 -4 -5 -6 -7
leaf_value=-0.00065422666868668582 0.00070843473406520063 0.0086034051932276385 -0.0093430965095804615 -0.021425343064146896 0.011872050681821301 -0.021411430836235864
leaf_weight=3350.0665890462697 177.59631932713091 595.31969770416617 89.224158685654402 67.025084985420108 69.652735225856304 71.57401229813695
leaf_count=16063 1346 3179 479 1139 453 520
internal_value=-0.000124393 0.000510176 0.00606542 -0.0064579 -0.00223239 -0.00676429
internal_weight=4420.46 4034.61 684.544 385.848 318.823 249.17
internal_count=23179 19721 3658 3458 2319 1866
is_linear=0
shrinkage=0.05


Tree=152
num_leaves=7
num_cat=0
split_feature=18 4 18 0 8 4
split_gain=4.89002 6.98451 6.77365 6.66739 7.16397 6.4643
threshold=64.292913608131002 438.69500000000011 37.806055646481191 107.50000000000001 0.058017765310892949 2809.6150000000007
decision_type=2 2 2 2 2 2
left_child=2 -2 -1 4 -4 -3
right_child=1 5 3 -5 -6 -7
leaf_value=0.00033118069863806649 0.021235290956271045 -0.0080573434225346945 0.014266866980438362 -0.020610728898422331 -0.010534246417930607 0.012964742084993928
leaf_weight=4163.015340000391 46.4885608330369 69.350116491317749 30.571252513676882 58.049262717366219 48.635430807247758 41.949979471042752
leaf_count=21792 233 315 144 259 329 339
internal_value=0.000283671 0.00840968 -5.20448e-05 -0.0102392 -1.54144e-05 0.000633975
internal_weight=4458.06 157.789 4300.27 137.256 79.2067 111.3
internal_count=23411 887 22524 732 473 654
is_linear=0
shrinkage=0.05


Tree=153
num_leaves=7
num_cat=0
split_feature=17 22 0 18 18 19
split_gain=5.67092 21.0892 27.8507 16.6023 16.6072 12.6879
threshold=18.267857142857146 0.2752525252525253 71.500000000000014 19.273768216516313 10.400704225352115 23.500000000000004
decision_type=2 2 2 2 2 2
left_child=-1 3 -3 4 -2 -6
right_child=1 2 -4 -5 5 -7
leaf_value=0.0019236467925744143 -0.0032505461518587647 0.013791201380352376 -0.0055945203005038991 0.016536355779226877 0.0043504612815950692 -0.020736489554042763
leaf_weight=2419.540470238775 933.02166489697993 393.3212002441287 320.37655938789248 62.716748310253024 54.045372232794762 257.40077122487128
leaf_count=12446 5011 2229 1456 365 231 1567
internal_value=0.000297858 -0.00164843 0.00517373 -0.00539503 -0.00674436 -0.0163833
internal_weight=4440.42 2020.88 713.698 1307.18 1244.47 311.446
internal_count=23305 10859 3685 7174 6809 1798
is_linear=0
shrinkage=0.05


Tree=154
num_leaves=7
num_cat=0
split_feature=0 16 16 22 14 4
split_gain=5.96724 6.04487 13.9703 10.3825 10.3539 10.0063
threshold=4.5000000000000009 0.99685579080912967 0.99651014674726679 0.13944444444444448 433.81000000000006 1754.345
decision_type=2 2 2 2 2 2
left_child=-1 2 -2 4 -3 -6
right_child=1 3 -4 -5 5 -7
leaf_value=-0.008231411254119891 -0.00025860128651899572 0.0090671272339867132 -0.01502896528418305 0.012120073795950682 -0.0051197643594570724 0.012479031598853475
leaf_weight=208.02477420866489 2977.7639653086662 238.97633123397827 149.23429469764233 233.60008496418595 561.45240418612957 74.43551717326045
leaf_count=1678 15762 992 614 1075 2720 470
internal_value=-0.00035224 7.16128e-05 -0.00105454 0.0032109 0.000614323 -0.00274199
internal_weight=4443.49 4235.46 3127 1108.46 874.864 635.888
internal_count=23311 21633 16376 5257 4182 3190
is_linear=0
shrinkage=0.05


Tree=155
num_leaves=7
num_cat=0
split_feature=14 22 18 8 13 14
split_gain=6.93085 11.8203 13.9296 12.7906 10.4726 10.4449
threshold=496.27500000000003 0.36055555555555557 12.206604460326917 4.0054347826086962 748.19500000000005 439.61000000000007
decision_type=2 2 2 2 2 2
left_child=5 3 -3 4 -2 -1
right_child=1 2 -4 -5 -6 -7
leaf_value=-0.00017029705587387294 0.0025384821053623077 0.019340996440094248 -0.0016571663017327931 0.020134497739643285 -0.0082952736940532356 -0.01253553379574399
leaf_weight=2899.9816112518311 731.01401630789042 191.13697335682809 121.46839575842023 59.317489705979824 297.48263772018254 161.50922542437911
leaf_count=12967 4366 1165 740 260 3154 745
internal_value=0.000434286 0.00332227 0.0115728 0.000785193 -0.000693536 -0.000899753
internal_weight=4461.91 1400.42 312.605 1087.81 1028.5 3061.49
internal_count=23397 9685 1905 7780 7520 13712
is_linear=0
shrinkage=0.05


Tree=156
num_leaves=7
num_cat=0
split_feature=16 22 14 0 4 5
split_gain=6.02067 9.70045 12.6531 11.5806 9.69434 9.67362
threshold=0.99720783481496367 0.13944444444444448 439.61000000000007 20.500000000000004 398.47000000000008 201.65968750000005
decision_type=2 2 2 2 2 2
left_child=-1 2 5 -3 -5 -2
right_child=1 3 -4 4 -6 -7
leaf_value=-0.0013563609630270364 -0.0069355011453971415 -0.00023043467442843826 -0.0027997400389515037 -0.011946243267013936 0.024438084498322563 0.018913421812625387
leaf_weight=3373.1141852978617 37.796237677335739 121.36273267492652 671.90144677832723 8.970867455005644 118.17384598404169 113.2119252383709
leaf_count=18032 163 620 3478 38 536 466
internal_value=-0.000318678 0.00291322 0.000215329 0.0111656 0.0205961 0.0123892
internal_weight=4444.53 1071.42 822.91 248.507 127.145 151.008
internal_count=23333 5301 4107 1194 574 629
is_linear=0
shrinkage=0.05


Tree=157
num_leaves=7
num_cat=0
split_feature=20 17 4 3 5 15
split_gain=6.70679 11.5461 8.11471 13.0511 9.81458 8.69449
threshold=0.13238120272987622 1.9411764705882355 367.59500000000008 4.5000000000000009 216.79833333333337 1210.2800000000004
decision_type=2 2 2 2 2 2
left_child=-1 -2 4 5 -3 -4
right_child=1 2 3 -5 -6 -7
leaf_value=-0.00029749619838083819 -0.020239197453548373 0.0099622403798935374 0.031851896803829438 -0.0095289905011109368 -0.020158729589778324 -0.0090940079806336362
leaf_weight=4244.6306973583996 12.930837690830229 63.466850869357586 79.322892166674137 19.360936928540468 20.009182348847389 6.1265701055526725
leaf_count=22400 62 279 356 154 88 29
internal_value=0.000143474 0.00863154 0.0123673 0.0204387 0.000241433 0.0277481
internal_weight=4445.85 201.217 188.286 104.81 83.476 85.4495
internal_count=23368 968 906 539 367 385
is_linear=0
shrinkage=0.05


Tree=158
num_leaves=7
num_cat=0
split_feature=7 8 19 7 2 19
split_gain=5.34719 7.50261 10.4225 11.2952 10.869 9.87409
threshold=9.029411764705884 3.0144796380090502 32.500000000000007 23.027777777777782 3.5000000000000004 57.500000000000007
decision_type=2 2 2 2 2 2
left_child=-1 -2 -3 -4 -5 -6
right_child=1 2 3 4 5 -7
leaf_value=-0.0080499642914839738 -0.00049736387938653225 -0.0033074912503313655 0.027812698075020344 0.016712128409285622 0.0113872511001881 -0.018840892248373247
leaf_weight=188.73079536855221 3909.7872476615012 141.98548404127359 67.246003016829491 66.455986365675926 27.547008603811264 48.889739111065865
leaf_count=922 20911 610 311 288 121 220
internal_value=-0.000236136 0.000145869 0.00693083 0.0135349 0.00422578 -0.00784467
internal_weight=4450.64 4261.91 352.124 210.139 142.893 76.4367
internal_count=23383 22461 1550 940 629 341
is_linear=0
shrinkage=0.05


Tree=159
num_leaves=7
num_cat=0
split_feature=8 7 16 5 18 22
split_gain=6.24868 9.10182 9.60526 14.9042 11.0065 14.6887
threshold=2.0138423220615009 52.94444444444445 0.99162755577201678 139.19375000000005 15.004424778761065 0.32426470588235301
decision_type=2 2 2 2 2 2
left_child=1 2 -1 -4 5 -5
right_child=-2 -3 3 4 -6 -7
leaf_value=-0.012326228753371447 0.0049691191265127735 0.0010971534604923064 0.017633045779311973 -0.012948429139566665 0.0079848523159720911 0.0041454881564176619
leaf_weight=258.97707051970065 624.75668561831117 2829.1474679335952 71.343201711773872 344.59951490163803 136.21699722111225 179.75025658681989
leaf_count=3264 2869 13580 329 1836 690 809
internal_value=0.000415739 -0.000350956 -0.00442546 -0.00137636 -0.00388729 -0.00715152
internal_weight=4444.79 3820.03 990.887 731.91 660.567 524.35
internal_count=23377 20508 6928 3664 3335 2645
is_linear=0
shrinkage=0.05


Tree=160
num_leaves=7
num_cat=0
split_feature=5 17 4 6 20 13
split_gain=6.0604 10.4271 8.2138 8.22089 5.95834 12.0376
threshold=1078.4125000000001 46.555555555555564 1629.2750000000003 865.7223658265433 0.00059103121928520382 495.21500000000009
decision_type=2 2 2 2 2 2
left_child=4 2 -2 -4 5 -1
right_child=1 -3 3 -5 -6 -7
leaf_value=-0.00068490503888372965 -0.009400013752765557 -0.0059848872112233603 0.034669341604647679 0.00073905926407221703 -0.0034554888878874875 0.0085872757957337342
leaf_weight=2621.1388639733195 10.67895086109638 56.670055476948619 42.642686391249299 26.20850471034646 1322.9795216303319 383.60988071747124
leaf_count=11952 45 279 224 213 8424 2283
internal_value=-0.0003401 0.00933858 0.019266 0.0248273 -0.00068626 0.000547807
internal_weight=4463.93 136.2 79.5301 68.8512 4327.73 3004.75
internal_count=23420 761 482 437 22659 14235
is_linear=0
shrinkage=0.05


Tree=161
num_leaves=7
num_cat=0
split_feature=5 5 4 17 5 5
split_gain=4.61101 15.9161 22.2572 9.92126 13.9132 9.62074
threshold=108.88000000000001 119.82666666666668 136.96000000000004 5.3431372549019613 356.27600000000007 50.418125000000011
decision_type=2 2 2 2 2 2
left_child=5 -2 -3 4 -4 -1
right_child=1 2 3 -5 -6 -7
leaf_value=-0.0074146973567782272 -0.016053109485196105 0.022077311912180236 -0.01551816078698855 0.00083179369910596739 0.007149133460799509 0.009589213769402187
leaf_weight=93.698286682367325 126.02194400504231 98.727838128805161 195.18471185490489 3520.3138027843088 84.677497658878565 320.6315570473671
leaf_count=467 583 470 958 18837 467 1504
internal_value=0.000684941 0.000155993 0.000759162 9.26379e-05 -0.00864036 0.00557952
internal_weight=4439.26 4024.93 3898.9 3800.18 279.862 414.33
internal_count=23286 21315 20732 20262 1425 1971
is_linear=0
shrinkage=0.05


Tree=162
num_leaves=7
num_cat=0
split_feature=18 20 18 19 19 19
split_gain=4.44861 10.8515 9.16959 8.42431 18.6531 14.8204
threshold=3.8291793313069915 0.051202451552119325 4.3601346801346805 45.500000000000007 62.500000000000007 37.500000000000007
decision_type=2 2 2 2 2 2
left_child=1 3 -2 5 -5 -1
right_child=2 -3 -4 4 -6 -7
leaf_value=0.0045805109367698304 -0.012106604905585893 -0.017178652088501729 0.00013907930154957623 -0.015920612252541079 0.0074531233637925177 0.028418768703975739
leaf_weight=272.36201149225235 139.63671208545566 37.972013588994741 3597.4591205958277 105.96758103370667 244.75675470195711 70.441570051014423
leaf_count=1262 751 192 19079 460 1384 319
internal_value=0.000323434 0.00383408 -0.000380492 0.00543383 -8.69008e-05 0.0107755
internal_weight=4468.6 731.5 3737.1 693.528 350.724 342.804
internal_count=23447 3617 19830 3425 1844 1581
is_linear=0
shrinkage=0.05


Tree=163
num_leaves=7
num_cat=0
split_feature=5 5 4 19 20 4
split_gain=6.42503 15.2128 14.2837 12.6875 7.09485 10.6042
threshold=112.17000000000002 119.82666666666668 136.96000000000004 28.500000000000004 0.15233268533784877 367.59500000000008
decision_type=2 2 2 2 2 2
left_child=-1 3 -3 -2 -4 -6
right_child=1 2 4 -5 5 -7
leaf_value=0.0054570653955460235 -0.030643444735233151 0.016855907903986608 -0.001157154166705706 0.0063520244398172186 -0.0073121512508570108 0.01964211875716796
leaf_weight=453.17255610600114 54.269003838300705 98.915576867759228 3691.35453235358 25.080754261463881 44.657310746610165 78.285896174609661
leaf_count=2151 243 478 19773 122 195 398
internal_value=-5.36957e-05 -0.000703272 -0.000211639 -0.0200253 -0.000739862 0.0101982
internal_weight=4445.74 3992.56 3913.21 79.3498 3814.3 122.943
internal_count=23360 21209 20844 365 20366 593
is_linear=0
shrinkage=0.05


Tree=164
num_leaves=7
num_cat=0
split_feature=4 4 17 18 4 5
split_gain=6.87165 14.874 13.3278 11.5664 13.9573 16.4156
threshold=361.93000000000001 438.69500000000011 46.058823529411775 55.125000000000007 258.5750000000001 310.42750000000007
decision_type=2 2 2 2 2 2
left_child=2 -2 3 4 -1 -6
right_child=1 -3 -4 -5 5 -7
leaf_value=0.0014254166576900796 0.011852230432920188 0.00037474830958805582 -0.019677015673129173 0.0186367346603824 -0.013642511023446914 0.0040483711265961158
leaf_weight=1053.3409673795104 300.59268760681152 2374.2295317370445 83.527676165103912 50.829568460583687 394.27930417656898 180.73664756119251
leaf_count=4837 1311 14078 353 248 1683 798
internal_value=0.000150463 0.00174296 -0.00225851 -0.00117066 -0.00200757 -0.00813281
internal_weight=4437.54 2674.82 1762.71 1679.19 1628.36 575.016
internal_count=23308 15389 7919 7566 7318 2481
is_linear=0
shrinkage=0.05


Tree=165
num_leaves=7
num_cat=0
split_feature=16 16 5 18 19 19
split_gain=5.39543 7.50772 9.69348 10.3212 10.326 8.56294
threshold=0.99518721653555486 0.99614829076833022 310.42750000000007 5.6005617977528095 122.50000000000001 6.5000000000000009
decision_type=2 2 2 2 2 2
left_child=-1 5 -3 4 -4 -2
right_child=1 2 3 -5 -6 -7
leaf_value=-0.00085092031397682893 -0.013744954268840174 -0.0035045066004487768 0.024628224088835401 0.0024557059519710548 -0.0074360072804422056 0.015123268934361203
leaf_weight=2844.3330017179251 13.888806104660032 575.41483288630843 86.476070273667574 760.39774962514639 22.690582569688559 168.18009170889854
leaf_count=15888 60 2748 378 3562 148 694
internal_value=0.000462539 0.00274112 0.00145713 0.00474535 0.0178441 0.0117786
internal_weight=4471.38 1627.05 1444.98 869.564 109.167 182.069
internal_count=23478 7590 6836 4088 526 754
is_linear=0
shrinkage=0.05


Tree=166
num_leaves=7
num_cat=0
split_feature=1 20 20 20 8 8
split_gain=6.95636 9.61545 9.56856 9.14724 8.71394 10.9111
threshold=251.50000000000003 0.32202633112484647 0.010019167622819557 0.048531654031466191 1.2408364661654139 0.16164640416137424
decision_type=2 2 2 2 2 2
left_child=1 2 4 -4 5 -1
right_child=-2 -3 3 -5 -6 -7
leaf_value=0.00016990469881590875 0.0027919052653442404 0.016176755664439723 -0.012242036175517251 -0.00046015505270686498 0.0068038311712134208 -0.0082937501989533945
leaf_weight=1707.454009367153 1246.0724222641438 54.730159539729357 370.38908650912344 287.81116209737957 327.77813751064241 469.8150069899857
leaf_count=7550 7728 240 2308 1418 1548 2669
internal_value=-0.000352322 -0.00157956 -0.00198649 -0.00725567 -0.000555505 -0.00171527
internal_weight=4464.05 3217.98 3163.25 658.2 2505.05 2177.27
internal_count=23461 15733 15493 3726 11767 10219
is_linear=0
shrinkage=0.05


Tree=167
num_leaves=7
num_cat=0
split_feature=16 17 20 6 11 7
split_gain=5.86182 9.21364 6.5722 11.6036 17.5948 8.58282
threshold=-0.99781370277386827 45.854166666666679 0.011545786126285157 175.17372254529724 2.5000000000000004 88.100000000000009
decision_type=2 2 2 2 2 2
left_child=1 -1 -2 -4 -5 -6
right_child=2 -3 3 4 5 -7
leaf_value=-0.010943937889351364 0.0012368921195880231 0.011173065059750581 -0.0064881763571212232 0.016106000126985272 -0.013481291269860911 0.01785746718358288
leaf_weight=235.40404745936394 3197.3572265952826 40.703466862440109 743.82546433992684 144.46189546957612 101.52060473524034 8.6304298192262632
leaf_count=1001 16201 170 4107 717 1255 49
internal_value=-0.00034982 -0.00714903 0.0001294 -0.00337183 0.00554175 -0.00865908
internal_weight=4471.9 276.108 4195.8 998.438 254.613 110.151
internal_count=23500 1171 22329 6128 2021 1304
is_linear=0
shrinkage=0.05


Tree=168
num_leaves=7
num_cat=0
split_feature=17 17 19 18 18 5
split_gain=4.9703 15.4615 13.2104 9.9219 11.2503 14.2365
threshold=27.343750000000004 26.019230769230774 26.500000000000004 19.273768216516313 11.081666666666669 494.69750000000005
decision_type=2 2 2 2 2 2
left_child=1 -1 -3 4 5 -2
right_child=3 2 -4 -5 -6 -7
leaf_value=0.0011730295438145306 -0.0048201222389188166 -0.016853832288337298 0.026720657738028793 0.017634239899632823 -0.014355206402821214 0.0087987427181251635
leaf_weight=3273.0799509063363 625.04577405005693 6.96472194045782 78.436300158500671 40.816958548501134 165.55084973946214 253.28706358931959
leaf_count=17113 3355 30 438 211 920 1333
internal_value=0.000838623 0.0017874 0.0206433 -0.00207819 -0.00316598 -0.000784361
internal_weight=4443.18 3358.48 85.401 1084.7 1043.88 878.333
internal_count=23400 17581 468 5819 5608 4688
is_linear=0
shrinkage=0.05


Tree=169
num_leaves=7
num_cat=0
split_feature=0 16 22 0 16 17
split_gain=5.4729 5.75644 7.56112 9.49704 8.49396 7.90035
threshold=3.5000000000000004 0.99685579080912967 0.13944444444444448 9.5000000000000018 0.99768290547180905 19.414285714285715
decision_type=2 2 2 2 2 2
left_child=-1 -2 5 -4 -5 -3
right_child=1 2 3 4 -6 -7
leaf_value=-0.0079837697148840078 -0.00046697329537287343 0.0065371605882712696 -0.0075644726055349694 -0.0024372365225338219 0.020621878340167574 -0.0028107106716322248
leaf_weight=172.74858787469566 3159.0445443578064 390.50538620352745 43.121610715985298 46.844259887933731 152.80063199996948 485.17408934235573
leaf_count=1380 16658 1882 215 197 712 2340
internal_value=0.000260239 0.000628783 0.00367757 0.0111242 0.0154821 0.00141082
internal_weight=4450.24 4277.49 1118.45 242.767 199.645 875.679
internal_count=23384 22004 5346 1124 909 4222
is_linear=0
shrinkage=0.05


Tree=170
num_leaves=7
num_cat=0
split_feature=1 18 1 20 6 7
split_gain=6.02168 12.2912 9.84351 8.5807 14.7876 12.5055
threshold=343.50000000000006 12.562843654227512 372.50000000000006 0.013725826234312552 175.17372254529724 46.708333333333336
decision_type=2 2 2 2 2 2
left_child=3 2 -2 -1 -5 -6
right_child=1 -3 -4 4 5 -7
leaf_value=0.00074832549353602486 0.02305295584663225 -0.0059789250515037895 0.0044925948011347921 -0.0085043719495904637 -0.0061353614059454949 0.01650866462996808
leaf_weight=3079.242369491607 89.195952173322439 151.92834901809692 246.23176985047758 651.91770293749869 98.662358896806836 111.53318578004837
leaf_count=15151 581 1053 1476 3474 929 625
internal_value=0.000164951 0.00529296 0.0104476 -0.000492658 -0.0048416 0.00627032
internal_weight=4428.71 487.356 335.428 3941.36 862.113 210.196
internal_count=23289 3110 2057 20179 5028 1554
is_linear=0
shrinkage=0.05


Tree=171
num_leaves=7
num_cat=0
split_feature=11 12 2 15 20 7
split_gain=6.00143 5.99693 4.63163 5.19437 7.15724 6.10208
threshold=7.5000000000000009 205.27500000000003 10.500000000000002 1170.8550000000002 0.0085114756530519763 17.968750000000004
decision_type=2 2 2 2 2 2
left_child=2 -2 3 -1 5 -5
right_child=1 -3 -4 4 -6 -7
leaf_value=0.00037793136705452124 0.0064536334867339928 -0.024009929388638662 0.013436958570835733 0.0095995301963214593 0.0030216288596899886 -0.018004349200015771
leaf_weight=4157.2034994959831 13.657670333981512 29.390071894973516 44.84397510997951 10.786788627505301 90.282006856054068 108.6302452031523
leaf_count=20212 184 862 606 47 699 769
internal_value=-4.59842e-05 -0.0153636 0.000172137 -2.47185e-05 -0.00734498 -0.0144915
internal_weight=4454.79 43.0477 4411.75 4366.9 209.699 119.417
internal_count=23379 1046 22333 21727 1515 816
is_linear=0
shrinkage=0.05


Tree=172
num_leaves=7
num_cat=0
split_feature=15 6 18 20 7 20
split_gain=4.86913 8.82903 12.142 9.99293 9.2842 8.49422
threshold=1189.1250000000002 100.40109628863779 22.543472445157843 0.013725826234312552 32.050000000000004 0.13238120272987622
decision_type=2 2 2 2 2 2
left_child=1 3 5 -1 -4 -3
right_child=-2 2 4 -5 -6 -7
leaf_value=0.00062043055772108041 -0.0061660501634628389 0.0050655913195949099 0.0087086604875538133 -0.0067957869492171743 -0.015096063933026718 0.023156117114972896
leaf_weight=2501.5128565207124 256.33944008499384 921.97388461232185 44.565056249499321 534.30162634328008 108.40298361331224 52.605063654482365
leaf_count=11650 2605 5281 255 2651 571 252
internal_value=0.000263618 0.000687081 0.00442405 -0.000720755 -0.00795583 0.00648808
internal_weight=4419.7 4163.36 1127.55 3035.81 152.968 974.579
internal_count=23265 20660 6359 14301 826 5533
is_linear=0
shrinkage=0.05


Tree=173
num_leaves=7
num_cat=0
split_feature=3 22 6 6 5 18
split_gain=4.97035 8.76716 6.15832 11.5552 12.218 11.8095
threshold=8.5000000000000018 0.09232954545454547 100.40109628863779 35.518376817177533 236.13175000000004 14.891812865497078
decision_type=2 2 2 2 2 2
left_child=2 -2 3 5 -5 -1
right_child=1 -3 -4 4 -6 -7
leaf_value=-0.001145150024935858 0.011199674404545721 -0.017303370097679432 0.0031117627394950959 -0.00087711850302189137 -0.013910848256689435 0.0073234398275673273
leaf_weight=1867.2068816907704 21.76846244558692 76.538544131442904 1278.6091387700289 426.04695960506797 294.82247065007687 506.75450063496828
leaf_count=8420 306 1488 7267 2067 1649 2286
internal_value=-5.25072e-05 -0.0101655 0.000220055 -0.000986944 -0.0064393 0.000708666
internal_weight=4471.75 98.307 4373.44 3094.83 720.869 2373.96
internal_count=23483 1794 21689 14422 3716 10706
is_linear=0
shrinkage=0.05


Tree=174
num_leaves=7
num_cat=0
split_feature=1 16 22 15 22 6
split_gain=10.1376 10.1032 10.5814 10.3949 8.85754 8.05671
threshold=250.50000000000003 -0.3007653743635566 0.41101055806938164 924.49000000000012 0.09232954545454547 161.70824978955156
decision_type=2 2 2 2 2 2
left_child=-1 2 -2 5 -5 -3
right_child=1 3 -4 4 -6 -7
leaf_value=-0.0019872666229909983 0.003869018107952254 0.0067405416119519727 -0.0088347756880432556 0.015330667745979749 -0.012900673632579358 0.021805287372544158
leaf_weight=3165.705866958946 404.90689676627517 403.66313008964062 247.22136130183935 19.484694700688124 82.892043048515916 108.05656978487968
leaf_count=15477 2109 2340 1165 190 1451 617
internal_value=-0.000476588 0.00327245 -0.00106656 0.0077685 -0.00590022 0.0106222
internal_weight=4431.93 1266.22 652.128 614.096 102.377 511.72
internal_count=23349 7872 3274 4598 1641 2957
is_linear=0
shrinkage=0.05


Tree=175
num_leaves=7
num_cat=0
split_feature=18 19 19 19 8 8
split_gain=6.32092 12.5977 15.498 11.3732 11.1762 9.30266
threshold=3.8291793313069915 45.500000000000007 69.500000000000014 36.500000000000007 0.13517320137038449 0.7447213779128673
decision_type=2 2 2 2 2 2
left_child=1 3 -3 5 -4 -1
right_child=-2 2 4 -5 -6 -7
leaf_value=0.0089922536419625356 -0.00024799226556360718 -0.013837147884781673 0.020495926438148883 0.025977515412875199 -0.0014335788438922209 -0.014750743129307985
leaf_weight=247.5417495071888 3729.5481064449996 138.68756747990847 68.117799043655396 78.789511784911156 163.65193485654891 30.235470905900002
leaf_count=1167 19818 602 359 358 982 130
internal_value=0.000591576 0.00478979 -0.00167242 0.011236 0.00612773 0.00559073
internal_weight=4456.57 727.024 370.457 356.567 231.77 277.777
internal_count=23416 3598 1943 1655 1341 1297
is_linear=0
shrinkage=0.05


Tree=176
num_leaves=7
num_cat=0
split_feature=6 7 5 14 7 14
split_gain=5.11566 20.7169 12.5402 9.74104 8.63629 8.19471
threshold=398.44090674655075 73.100000000000009 597.18295454545466 1508.6150000000002 32.81666666666667 1901.3000000000004
decision_type=2 2 2 2 2 2
left_child=-1 2 4 -3 -2 -5
right_child=1 3 -4 5 -6 -7
leaf_value=-0.00037529230025867751 0.0038176437088573937 -0.02225084956612431 0.004264692277707819 0.024376200239907584 0.047000831331665521 -0.0089793979330854319
leaf_weight=4232.6274995040148 20.48560500703752 46.80075791478157 78.733761295676231 12.820630542933939 26.695216935127974 25.273268159478903
leaf_count=21908 147 219 726 67 166 155
internal_value=1.82609e-05 0.00726784 0.0189861 -0.0104186 0.0349694 0.00677378
internal_weight=4443.44 210.809 125.915 84.8947 47.1808 38.0939
internal_count=23388 1480 1039 441 313 222
is_linear=0
shrinkage=0.05


Tree=177
num_leaves=7
num_cat=0
split_feature=7 18 20 17 4 4
split_gain=6.01047 9.90277 7.64462 8.89189 7.31091 6.9156
threshold=203.50000000000003 12.117217689995707 0.12821548562335081 1.0686274509803924 452.92000000000007 306.62000000000006
decision_type=2 2 2 2 2 2
left_child=2 5 3 4 -1 -2
right_child=1 -3 -4 -5 -6 -7
leaf_value=0.019627257938081462 0.0027888727867443359 -0.0046471815533401682 0.0089130187833544924 -0.0014660389223196133 -0.0083228224716155267 0.015701647841264949
leaf_weight=68.557417720556259 234.76177632063627 180.50173549354076 183.37433023005724 3569.2451822943985 19.082809012383223 182.30081244558096
leaf_count=318 1272 901 872 19049 90 863
internal_value=0.000206099 0.00478523 -0.000527538 -0.00104684 0.0131258 0.00889336
internal_weight=4437.82 597.564 3840.26 3656.89 87.6402 417.063
internal_count=23365 3036 20329 19457 408 2135
is_linear=0
shrinkage=0.05


Tree=178
num_leaves=7
num_cat=0
split_feature=18 19 19 19 8 17
split_gain=5.45717 16.5649 17.1198 12.7701 11.84 10.499
threshold=3.8291793313069915 45.500000000000007 59.500000000000007 36.500000000000007 0.38416280759595267 45.854166666666679
decision_type=2 2 2 2 2 2
left_child=1 3 -3 -1 -4 -6
right_child=-2 2 4 -5 5 -7
leaf_value=0.0056225856057963396 -0.00045671049841211343 -0.019037484156163069 0.013459382778954494 0.02708485504412575 -0.015094035574741385 0.0095876754235342358
leaf_weight=275.86664215475321 3714.0980729237199 98.405687712132931 130.66458819806576 80.282998271286488 91.910265175625682 52.897941745817661
leaf_count=1286 19773 427 708 367 537 293
internal_value=0.000326544 0.00421736 -0.00308864 0.0116435 0.00351165 -0.00600853
internal_weight=4444.13 730.028 373.878 356.15 275.473 144.808
internal_count=23391 3618 1965 1653 1538 830
is_linear=0
shrinkage=0.05


Tree=179
num_leaves=7
num_cat=0
split_feature=17 22 17 7 14 17
split_gain=5.60346 14.3478 13.3952 14.8337 12.9242 12.883
threshold=21.522727272727277 0.2752525252525253 33.958333333333336 71.90000000000002 248.67500000000004 53.045454545454554
decision_type=2 2 2 2 2 2
left_child=-1 2 -2 -4 -3 -5
right_child=1 4 3 5 -6 -7
leaf_value=0.001431377306541479 -0.011055570489989975 -0.0045647150547203537 -0.0092634040193193684 0.014603359540699698 0.010328081240691577 -0.0067111118572775246
leaf_weight=2850.1220512706786 534.82598141022027 237.39861904829741 211.52510618045926 188.04332788661122 323.44858897291124 93.077562931925058
leaf_count=14790 2984 1056 1374 878 1858 435
internal_value=0.000107901 -0.00225525 -0.00572748 0.000262452 0.00408406 0.00756924
internal_weight=4438.44 1588.32 1027.47 492.646 560.847 281.121
internal_count=23375 8585 5671 2687 2914 1313
is_linear=0
shrinkage=0.05


Tree=180
num_leaves=7
num_cat=0
split_feature=7 7 20 5 8 6
split_gain=6.87617 10.5836 6.40049 7.07096 6.85256 6.77845
threshold=148.16666666666671 156.50000000000003 0.13238120272987622 300.8300000000001 15.32291666666667 561.09945193207454
decision_type=2 2 2 2 2 2
left_child=2 -2 5 4 -4 -1
right_child=1 -3 3 -5 -6 -7
leaf_value=-0.0024628122526448755 0.017549334731164223 0.0013307128155997472 0.01945110167741862 -0.0052296899339264128 -0.010067144862782337 0.010287354525676787
leaf_weight=3087.8017381988466 92.164582058787346 1019.8165742084384 86.307004079222679 55.935832370072603 11.073646128177641 88.406744429841638
leaf_count=16715 394 4849 400 291 50 711
internal_value=-0.000409897 0.00296128 -0.00154675 0.00783448 0.0149511 -0.00204577
internal_weight=4441.51 1111.98 3329.52 153.316 97.3807 3176.21
internal_count=23410 5243 18167 741 450 17426
is_linear=0
shrinkage=0.05


Tree=181
num_leaves=7
num_cat=0
split_feature=8 22 2 19 19 1
split_gain=5.12354 12.9946 13.0842 11.3895 14.3427 11.033
threshold=0.44619520264681561 0.09232954545454547 5.5000000000000009 28.500000000000004 57.500000000000007 207.50000000000003
decision_type=2 2 2 2 2 2
left_child=-1 2 5 -3 -5 -2
right_child=1 3 -4 4 -6 -7
leaf_value=0.0014440070411246432 -0.0049175388538279952 -0.015912595772806192 0.019847829856461358 0.0066420914949989309 -0.0091089077802988389 0.0072837134149159426
leaf_weight=2856.7440891861916 433.47219002619386 214.40154029987752 74.511881729587913 228.35762207582593 328.85527904517949 293.27606873959303
leaf_count=14528 2156 991 645 1139 2521 1363
internal_value=0.000185123 -0.00209076 0.00234725 -0.00664214 -0.00264734 6.9429e-05
internal_weight=4429.62 1572.87 801.26 771.614 557.213 726.748
internal_count=23343 8815 4164 4651 3660 3519
is_linear=0
shrinkage=0.05


Tree=182
num_leaves=7
num_cat=0
split_feature=7 18 18 20 19 8
split_gain=5.47169 11.2376 8.29058 7.86658 7.74822 9.27022
threshold=210.25000000000003 28.29893617021277 64.292913608131002 0.061604543886269673 17.500000000000004 0.16164640416137424
decision_type=2 2 2 2 2 2
left_child=-1 3 -3 4 -2 -6
right_child=1 2 -4 -5 5 -7
leaf_value=-0.00072319416752255781 0.016572707616499829 -0.023400117409730803 0.0084011135301558394 -0.010008488013284019 -0.001558877117836332 0.020404242584805096
leaf_weight=3896.4956815000623 182.45374609529972 38.456674858927727 18.865241378545761 43.597891420125961 215.6213787868619 40.964075490832329
leaf_count=20586 1010 185 108 212 1096 175
internal_value=-6.24846e-05 0.00456092 -0.0134681 0.00715289 0.00921888 0.00316944
internal_weight=4436.45 539.959 57.3219 482.637 439.039 256.585
internal_count=23372 2786 293 2493 2281 1271
is_linear=0
shrinkage=0.05


Tree=183
num_leaves=7
num_cat=0
split_feature=17 19 3 18 1 18
split_gain=4.32795 9.23038 12.103 10.0053 11.0027 16.9281
threshold=9.6794871794871806 22.500000000000004 8.5000000000000018 18.96997200594874 175.50000000000003 24.015151515151519
decision_type=2 2 2 2 2 2
left_child=1 3 -3 -1 5 -5
right_child=-2 2 -4 4 -6 -7
leaf_value=0.0047225788225191611 -0.00091284221109227753 0.018741908912103675 -0.013569226072811177 -0.022480329250079679 -0.012852233781611933 0.010176191485887671
leaf_weight=610.64281225204468 3266.8580505512655 131.84040723741055 20.582511017099023 31.201450988650322 203.21836581453681 159.9761004447937
leaf_count=2831 17519 739 321 140 1065 715
internal_value=1.90298e-05 0.00262001 0.0133109 0.000770558 -0.00528096 0.00322215
internal_weight=4424.32 1157.46 152.423 1005.04 394.396 191.178
internal_count=23330 5811 1060 4751 1920 855
is_linear=0
shrinkage=0.05


Tree=184
num_leaves=7
num_cat=0
split_feature=20 11 1 8 17 4
split_gain=4.67736 10.7392 8.87549 9.10384 10.2373 8.78668
threshold=0.00059103121928520382 1.5000000000000002 253.50000000000003 1.2408364661654139 38.029411764705891 248.77500000000003
decision_type=2 2 2 2 2 2
left_child=1 -1 3 -3 -5 -2
right_child=5 2 -4 4 -6 -7
leaf_value=-0.00086989752947883188 -0.014438785357237058 -0.00075679183253252701 0.015828290774928061 0.015433774752791105 -0.013920117922303112 -0.0012042922472681708
leaf_weight=2252.4140840545297 120.19318421185017 482.91120509617031 154.04008049704134 176.99316410534084 18.984060380607843 1239.9843272585422
leaf_count=10069 525 2619 1052 834 105 8237
internal_value=-0.000144783 0.000932289 0.0057119 0.00302922 0.0115646 -0.00256605
internal_weight=4445.52 3085.34 832.929 678.888 195.977 1360.18
internal_count=23441 14679 4610 3558 939 8762
is_linear=0
shrinkage=0.05


Tree=185
num_leaves=7
num_cat=0
split_feature=15 7 12 22 6 2
split_gain=5.64383 9.19622 8.26701 7.24804 6.78368 7.38926
threshold=1189.1250000000002 19.97058823529412 345.91500000000002 0.15504807692307696 324.6477016158633 2.5000000000000004
decision_type=2 2 2 2 2 2
left_child=-1 2 -2 4 5 -3
right_child=1 3 -4 -5 -6 -7
leaf_value=0.00017857210306160764 0.023441039287214246 0.012441732414350974 -0.013136698033480818 -0.016620263011573471 0.014189800854264099 -0.020010873433470064
leaf_weight=4174.3274665959179 24.145206885412335 10.728483453392981 8.1637716591358167 149.15018703788519 34.430558741092682 29.880385162308812
leaf_count=20746 159 48 327 1481 268 323
internal_value=-0.000278819 -0.00719702 0.0127097 -0.0108719 0.00164694 -0.0101608
internal_weight=4430.83 256.499 32.309 224.19 75.0394 40.6089
internal_count=23352 2606 486 2120 639 371
is_linear=0
shrinkage=0.05


Tree=186
num_leaves=7
num_cat=0
split_feature=17 18 22 17 19 17
split_gain=3.70971 13.8347 14.7249 12.6497 11.1985 9.67848
threshold=27.804761904761907 19.273768216516313 0.2752525252525253 33.958333333333336 86.500000000000014 26.019230769230774
decision_type=2 2 2 2 2 2
left_child=5 2 3 -2 -3 -1
right_child=1 4 -4 -5 -6 -7
leaf_value=0.00016473077609938653 -0.019133151989629584 0.030140299080754714 0.0037298389294817651 -0.0038182286826415274 -0.012670796406764946 0.014353314117393354
leaf_weight=3273.542339913547 177.88560379110277 34.049490213394165 377.35779705457389 467.96733319200575 8.5210340358316881 104.7926350645721
leaf_count=17121 1001 149 1930 2569 68 580
internal_value=-0.000126754 -0.0026705 -0.00399465 -0.00848438 0.0202601 0.000686729
internal_weight=4444.12 1065.78 1023.21 645.853 42.5705 3378.33
internal_count=23418 5717 5500 3570 217 17701
is_linear=0
shrinkage=0.05


Tree=187
num_leaves=7
num_cat=0
split_feature=13 14 14 5 8 6
split_gain=5.98859 6.6254 9.78425 9.13105 7.94289 9.30542
threshold=1917.8900000000001 361.88000000000005 385.19500000000011 367.16777777777787 4.3242490310077528 324.6477016158633
decision_type=2 2 2 2 2 2
left_child=1 -1 3 -3 5 -4
right_child=-2 2 4 -5 -6 -7
leaf_value=-0.0016347938421155527 -0.012408470697703469 0.00080428132027583895 -0.00086815758756320278 0.030722722031469647 0.015902213746983276 0.010782680606900401
leaf_weight=2620.8294461369514 80.346392471343279 48.274910107254982 1402.5341971106827 36.825114160776138 69.026144459843636 174.91136502288282
leaf_count=11786 1133 217 8688 154 293 1105
internal_value=-0.000332205 -5.35361e-05 0.00233112 0.0171335 0.0013696 0.000542543
internal_weight=4432.75 4352.4 1731.57 85.1 1646.47 1577.45
internal_count=23376 22243 10457 371 10086 9793
is_linear=0
shrinkage=0.05


Tree=188
num_leaves=7
num_cat=0
split_feature=0 17 6 7 13 13
split_gain=3.75948 6.68 5.27769 16.9072 8.51269 6.38175
threshold=3.5000000000000004 8.3484848484848495 375.26363973326221 73.100000000000009 1047.5400000000002 1917.8900000000001
decision_type=2 2 2 2 2 2
left_child=1 -1 -2 -4 -5 -6
right_child=2 -3 3 4 5 -7
leaf_value=0.0097342893156602602 7.1448268348327213e-05 -0.011056577165492678 0.018272166173229357 -0.017711427836815303 0.019353340811034389 -0.011455276091332978
leaf_weight=33.612593300640583 4042.2768755704165 144.51415909081697 128.62677905522287 56.247321479022503 23.085081659257412 10.966673407703636
leaf_count=233 20538 1182 991 271 124 69
internal_value=0.00018782 -0.00654673 0.000498606 0.00771952 -0.0078998 0.00886388
internal_weight=4439.33 178.127 4261.2 218.926 90.2991 34.0518
internal_count=23408 1415 21993 1455 464 193
is_linear=0
shrinkage=0.05


Tree=189
num_leaves=7
num_cat=0
split_feature=0 8 17 22 5 4
split_gain=5.35535 4.59246 13.1466 9.24603 14.2089 17.2833
threshold=409.50000000000006 0.43250835104767699 36.67948717948719 0.09232954545454547 559.44600000000003 477.31000000000012
decision_type=2 2 2 2 2 2
left_child=1 -1 3 4 5 -3
right_child=-2 2 -4 -5 -6 -7
leaf_value=0.00087851341528648915 0.014344706148478834 0.011386293384667854 -0.014145457759864472 -0.0048659211032080832 0.020782851088741072 -0.0052004431550889815
leaf_weight=2813.4508321937174 42.982727393507957 217.94729084521532 189.57493635639548 676.60949712619185 78.952173760160804 442.08183073066175
leaf_count=14186 342 944 1162 4037 416 2408
internal_value=-0.000133584 -0.000338425 -0.00245597 -0.000715267 0.00311314 0.000450433
internal_weight=4461.6 4418.62 1605.17 1415.59 738.981 660.029
internal_count=23495 23153 8967 7805 3768 3352
is_linear=0
shrinkage=0.05


Tree=190
num_leaves=7
num_cat=0
split_feature=8 18 15 8 17 22
split_gain=4.89758 9.42117 7.03332 5.69214 7.01359 5.98183
threshold=24.669781931464179 8.9033672891907205 1.0000000180025095e-35 8.3084158415841607 12.877500000000003 0.29198717948717956
decision_type=2 2 2 2 2 2
left_child=3 2 -2 -1 5 -5
right_child=1 -3 -4 4 -6 -7
leaf_value=-6.2991429747351373e-05 0.0064077113621501579 0.0054859896534496765 -0.037931468928308155 0.0090819515232867 0.022515350778323756 -0.018905807404879738
leaf_weight=4293.7331877928227 5.1996834874153164 28.31061140447855 15.231431886553763 27.433788895606995 41.920920558273792 12.453866869211195
leaf_count=22807 24 127 65 123 182 53
internal_value=6.70337e-06 -0.0132362 -0.0290595 0.000213777 0.0118988 -0.00305197
internal_weight=4424.28 48.7417 20.4311 4375.54 81.8086 39.8877
internal_count=23381 216 89 23165 358 176
is_linear=0
shrinkage=0.05


Tree=191
num_leaves=7
num_cat=0
split_feature=1 7 22 17 17 8
split_gain=4.50819 4.66243 8.2081 7.70392 10.4296 9.47761
threshold=16.500000000000004 20.038461538461544 0.73611111111111127 7.0224719101123609 42.055555555555564 0.97081701016294797
decision_type=2 2 2 2 2 2
left_child=-1 2 3 -2 5 -5
right_child=1 -3 -4 4 -6 -7
leaf_value=-0.0068887863060740065 -0.0048511676726688512 -1.8504526201539063e-06 -0.0064579329266607685 -0.001173124454582288 -0.01270499715346894 0.02765351259039114
leaf_weight=200.64785844087601 44.976945072412491 3989.0532175004482 73.053771063685417 35.403684679418802 13.452169286087154 99.190595950931311
leaf_count=856 285 20892 321 458 96 563
internal_value=8.09848e-05 0.000440329 0.00660621 0.0116927 0.016698 0.0209001
internal_weight=4455.78 4255.13 266.077 193.023 148.046 134.594
internal_count=23471 22615 1723 1402 1117 1021
is_linear=0
shrinkage=0.05


Tree=192
num_leaves=7
num_cat=0
split_feature=17 19 19 17 4 4
split_gain=4.82279 10.994 14.4987 10.0089 13.872 8.08807
threshold=35.535714285714292 46.500000000000007 37.500000000000007 33.958333333333336 398.47000000000008 367.59500000000008
decision_type=2 2 2 2 2 2
left_child=3 2 -2 -1 -5 -3
right_child=1 5 -4 4 -6 -7
leaf_value=-9.4630463817475184e-05 -0.015743447730736122 -0.019839757359561023 0.015117764702881771 -0.0096229396158515699 0.028431799714928981 -0.0043061904687003117
leaf_weight=3671.9343564081937 34.492262534797192 88.526193797588348 117.19721627235413 24.36250763386488 49.198674598708749 452.59545503370464
leaf_count=19319 152 373 531 109 278 2627
internal_value=-0.00039944 -0.00416941 0.00708383 0.00031634 0.0164656 -0.00746401
internal_weight=4438.31 692.811 151.689 3745.5 73.5612 541.122
internal_count=23389 3683 683 19706 387 3000
is_linear=0
shrinkage=0.05


Tree=193
num_leaves=7
num_cat=0
split_feature=5 5 6 20 8 20
split_gain=6.74778 8.27512 11.2722 8.52983 8.48225 7.71144
threshold=1078.4125000000001 651.7075000000001 506.76164072374951 0.043872814793522737 0.96114789529657974 0.011400814429700963
decision_type=2 2 2 2 2 2
left_child=1 2 -1 5 -5 -3
right_child=-2 3 -4 4 -6 -7
leaf_value=0.00011069304173009489 0.010338457845249062 -0.0060723505989711806 0.025058431483619217 0.021127801185891672 -0.013947419472351261 -0.027006864797071862
leaf_weight=4010.4666288271546 137.23954678140581 203.30271268077195 25.797182621434331 27.978139048442245 10.109964925795792 43.816337667405605
leaf_count=20883 785 1107 169 156 52 326
internal_value=0.000163804 -0.000205457 0.000392911 -0.00814442 0.010221 -0.0115284
internal_weight=4458.71 4321.47 4036.26 285.207 38.0881 247.119
internal_count=23478 22693 21052 1641 208 1433
is_linear=0
shrinkage=0.05


Tree=194
num_leaves=7
num_cat=0
split_feature=16 22 20 6 18 19
split_gain=6.0142 17.7052 12.8098 11.6066 15.3759 9.60641
threshold=0.99162755577201678 0.13944444444444448 0.12145902899892923 11.942119384890351 25.762454212454216 15.500000000000002
decision_type=2 2 2 2 2 2
left_child=-1 2 3 4 5 -2
right_child=1 -3 -4 -5 -6 -7
leaf_value=-0.0015196960653365626 -0.0079658242209334276 0.011372080636957764 0.017420341013676746 -0.007077886552174454 0.018020445688621482 0.0030547480783950295
leaf_weight=2465.4497390091419 270.02226479351521 394.04667568579316 76.79171135276556 540.65475475229323 109.07307927310467 601.78289395943284
leaf_count=14327 1131 1815 333 2928 461 2508
internal_value=0.000126047 0.00215743 -0.000226795 -0.0013319 0.0019134 -0.000460724
internal_weight=4457.82 1992.37 1598.32 1521.53 980.878 871.805
internal_count=23503 9176 7361 7028 4100 3639
is_linear=0
shrinkage=0.05


Tree=195
num_leaves=7
num_cat=0
split_feature=16 14 13 11 8 8
split_gain=4.47083 12.2842 8.75994 7.27905 5.23119 11.478
threshold=0.99966494366289549 2352.9850000000006 871.88000000000011 5.5000000000000009 0.62803291075476464 1.2917960662525882
decision_type=2 2 2 2 2 2
left_child=1 3 -3 4 -1 -6
right_child=-2 2 -4 -5 5 -7
leaf_value=0.0014557847033065232 0.014371568601808344 0.008036614325956145 -0.022983064148563791 0.01610817132575439 -0.0086249014752560887 0.0010971370188511129
leaf_weight=2937.7045962642878 35.883292257785797 18.978874363005161 72.420834185555577 54.002890018746257 447.9120788089931 853.73672759905457
leaf_count=14285 261 149 1401 749 2490 4005
internal_value=0.000318202 0.000138462 -0.0162555 0.000561221 0.00028847 -0.00232822
internal_weight=4420.64 4384.76 91.3997 4293.36 4239.35 1301.65
internal_count=23340 23079 1550 21529 20780 6495
is_linear=0
shrinkage=0.05


Tree=196
num_leaves=7
num_cat=0
split_feature=7 17 20 15 20 17
split_gain=5.33566 6.02593 8.56452 7.42994 5.50577 11.1054
threshold=284.50000000000006 32.898989898989903 0.0074351953575247974 383.11000000000007 0.13238120272987622 1.9411764705882355
decision_type=2 2 2 2 2 2
left_child=4 2 3 -2 -1 -6
right_child=1 -3 -4 -5 5 -7
leaf_value=-0.00071159381706665354 0.021375853374785654 -0.0084312165807802469 -0.0084711624172994632 -0.010697456961370214 -0.020286150083606971 0.011510432525695877
leaf_weight=4052.9309313055128 106.50500907748938 29.561733141541481 27.39196502417326 8.6843168511986715 13.305965952575205 177.42248540744185
leaf_count=21281 735 182 158 49 62 841
internal_value=6.23266e-05 0.00821249 0.0122759 0.0177329 -0.000305255 0.00757737
internal_weight=4415.8 172.143 142.581 115.189 4243.66 190.728
internal_count=23308 1124 942 784 22184 903
is_linear=0
shrinkage=0.05


Tree=197
num_leaves=7
num_cat=0
split_feature=1 1 22 18 5 20
split_gain=4.69073 9.74151 9.01607 11.334 16.7691 15.7424
threshold=220.50000000000003 216.50000000000003 0.09232954545454547 12.562843654227512 266.03750000000008 0.0074351953575247974
decision_type=2 2 2 2 2 2
left_child=1 -1 -2 4 -4 -6
right_child=2 -3 3 -5 5 -7
leaf_value=-0.00035419934854144497 0.0071548968052628538 -0.016119666315619754 -0.0039976901818376013 -0.0082184021254160904 0.00071717630653042174 0.022064497949707461
leaf_weight=2689.9030448179692 606.6450240239501 81.733784180134535 387.05265439487994 305.35534042865038 181.87911847606301 146.88234112039208
leaf_count=12848 3306 480 2168 2156 1148 1135
internal_value=0.000318955 -0.000931267 0.00243314 -0.000455462 0.00298946 0.010973
internal_weight=4399.45 2771.64 1627.81 1021.17 715.814 328.761
internal_count=23241 13328 9913 6607 4451 2283
is_linear=0
shrinkage=0.05


Tree=198
num_leaves=7
num_cat=0
split_feature=5 5 5 5 18 22
split_gain=3.8387 9.34746 9.11311 17.9965 15.4367 9.91227
threshold=76.364545454545478 68.03166666666668 91.405000000000015 96.575000000000003 14.749045801526719 0.95833333333333337
decision_type=2 2 2 2 2 2
left_child=1 -1 4 -4 5 -2
right_child=2 -3 3 -5 -6 -7
leaf_value=0.00023127619718845804 -0.032339036126891936 0.023779791437129202 0.027302515750764447 -0.00011868051463155448 0.014685865734668567 0.0075114747449975599
leaf_weight=150.87916239351034 52.288684912025928 38.688989512622356 40.714549750089645 4120.5068919248879 19.305651031434536 11.58692868798971
leaf_count=748 239 187 193 21940 89 60
internal_value=0.000242065 0.00684805 -8.37121e-05 0.000278929 -0.0147628 -0.0250428
internal_weight=4433.97 189.568 4244.4 4161.22 83.1813 63.8756
internal_count=23456 935 22521 22133 388 299
is_linear=0
shrinkage=0.05


Tree=199
num_leaves=7
num_cat=0
split_feature=18 19 13 4 19 18
split_gain=6.35924 12.1122 17.1091 14.2554 11.1872 11.4154
threshold=3.8291793313069915 45.500000000000007 260.77500000000009 775.48000000000013 37.500000000000007 2.7257053291536053
decision_type=2 2 2 2 2 2
left_child=1 4 3 -3 5 -1
right_child=-2 2 -4 -5 -6 -7
leaf_value=-0.0037622776650659503 -0.00059913890320901608 -0.015460327180898329 0.011818089637082635 0.011767356023169291 0.026308333822732205 0.01532842237852192
leaf_weight=151.33339538425207 3693.2054835818708 189.78506206721067 126.62318757735193 46.314830001443624 70.530953988432884 129.53765887767076
leaf_count=706 19710 826 862 243 327 606
internal_value=0.000242669 0.00449392 -0.00190788 -0.00961732 0.0108489 0.00547601
internal_weight=4407.33 714.125 362.723 236.1 351.402 280.871
internal_count=23280 3570 1931 1069 1639 1312
is_linear=0
shrinkage=0.05


end of trees

feature_importances:
share_q4_orders=109
overdue_ratio=103
avg_units_per_line=94
return_rate=75
recency_days=74
n_distinct_products=74
avg_gap_days=73
avg_order_value=69
avg_items_per_order=65
monetary_total=64
std_order_value=60
n_order_days=59
revenue_prev_180d=54
tenure_days=51
revenue_180d=50
revenue_trend=36
revenue_90d=32
orders_180d=30
revenue_30d=14
n_orders=11
orders_30d=2
orders_90d=1

parameters:
[boosting: gbdt]
[objective: binary]
[metric: binary_logloss]
[tree_learner: serial]
[device_type: cpu]
[data_sample_strategy: bagging]
[data: ]
[valid: ]
[num_iterations: 200]
[learning_rate: 0.05]
[num_leaves: 7]
[num_threads: 4]
[seed: 42]
[deterministic: 0]
[force_col_wise: 0]
[force_row_wise: 0]
[histogram_pool_size: -1]
[max_depth: -1]
[min_data_in_leaf: 20]
[min_sum_hessian_in_leaf: 0.001]
[bagging_fraction: 0.8]
[pos_bagging_fraction: 1]
[neg_bagging_fraction: 1]
[bagging_freq: 1]
[bagging_seed: 400]
[bagging_by_query: 0]
[feature_fraction: 0.8]
[feature_fraction_bynode: 1]
[feature_fraction_seed: 30056]
[extra_trees: 0]
[extra_seed: 12879]
[early_stopping_round: 0]
[early_stopping_min_delta: 0]
[first_metric_only: 0]
[max_delta_step: 0]
[lambda_l1: 0]
[lambda_l2: 20]
[linear_lambda: 0]
[min_gain_to_split: 0]
[drop_rate: 0.1]
[max_drop: 50]
[skip_drop: 0.5]
[xgboost_dart_mode: 0]
[uniform_drop: 0]
[drop_seed: 17869]
[top_rate: 0.2]
[other_rate: 0.1]
[min_data_per_group: 100]
[max_cat_threshold: 32]
[cat_l2: 10]
[cat_smooth: 10]
[max_cat_to_onehot: 4]
[top_k: 20]
[monotone_constraints: ]
[monotone_constraints_method: basic]
[monotone_penalty: 0]
[feature_contri: ]
[forcedsplits_filename: ]
[refit_decay_rate: 0.9]
[cegb_tradeoff: 1]
[cegb_penalty_split: 0]
[cegb_penalty_feature_lazy: ]
[cegb_penalty_feature_coupled: ]
[path_smooth: 0]
[interaction_constraints: ]
[verbosity: -1]
[saved_feature_importance_type: 0]
[use_quantized_grad: 0]
[num_grad_quant_bins: 4]
[quant_train_renew_leaf: 0]
[stochastic_rounding: 1]
[linear_tree: 0]
[max_bin: 255]
[max_bin_by_feature: ]
[min_data_in_bin: 3]
[bin_construct_sample_cnt: 200000]
[data_random_seed: 175]
[is_enable_sparse: 1]
[enable_bundle: 1]
[use_missing: 1]
[zero_as_missing: 0]
[feature_pre_filter: 1]
[pre_partition: 0]
[two_round: 0]
[header: 0]
[label_column: ]
[weight_column: ]
[group_column: ]
[ignore_column: ]
[categorical_feature: ]
[forcedbins_filename: ]
[precise_float_parser: 0]
[parser_config_file: ]
[objective_seed: 16083]
[num_class: 1]
[is_unbalance: 0]
[scale_pos_weight: 1]
[sigmoid: 1]
[boost_from_average: 1]
[reg_sqrt: 0]
[alpha: 0.9]
[fair_c: 1]
[poisson_max_delta_step: 0.7]
[tweedie_variance_power: 1.5]
[lambdarank_truncation_level: 30]
[lambdarank_norm: 1]
[label_gain: ]
[lambdarank_position_bias_regularization: 0]
[eval_at: ]
[multi_error_top_k: 1]
[auc_mu_weights: ]
[num_machines: 1]
[local_listen_port: 12400]
[time_out: 120]
[machine_list_filename: ]
[machines: ]
[gpu_platform_id: -1]
[gpu_device_id: -1]
[gpu_device_id_list: ]
[gpu_use_dp: 0]
[num_gpu: 1]

end of parameters

pandas_categorical:[]
