tree
version=v4
num_class=1
num_tree_per_iteration=1
label_index=0
max_feature_idx=22
objective=tweedie
feature_names=recency_days tenure_days n_orders n_order_days monetary_total avg_order_value std_order_value avg_gap_days overdue_ratio orders_30d orders_90d orders_180d revenue_30d revenue_90d revenue_180d revenue_prev_180d revenue_trend avg_items_per_order avg_units_per_line n_distinct_products return_rate is_uk share_q4_orders
feature_infos=[0:555] [0:555] [1:240] [1:167] [1.3:372545.49655999377] [1.3:12066.127213332817] [0:8138.3953525930638] [1:555] [0:553] [0:40] [0:79] [0:124] [0:65155.581639998447] [0:90663.731639998441] [0:149845.59163999846] [0:149742.28409999612] [-0.99996982282679847:0.99997976232469366] [1:240] [1:4921.333333333333] [1:2015] [0:1] [0:1] [0:1]
tree_sizes=1649 1721 1739 1732 1730 1729 1729 1735 1730 1725 1745 1727 1719 1737 1734 1734 1723 1725 1732 1735 1736 1738 1728 1725 1715 1725 1723 1728 1731 1728 1741 1734 1723 1734 1721 1738 1729 1714 1736 1735 1729 1727 1732 1744 1746 1737 1731 1745 1742 1725 1736 1749 1735 1738 1742 1731 1731 1743 1732 1748 1735 1738 1749 1736 1737 1732 1743 1746 1743 1742 1740 1748 1738 1745 1745 1736 1753 1750 1751 1748 1743 1745 1751 1750 1754 1738 1751 1738 1759 1756 1753 1747 1754 1749 1746 1749 1758 1763 1756 1755 1748 1748 1744 1760 1758 1754 1760 1759 1739 1746 1751 1764 1752 1755 1754 1760 1762 1762 1752 1771 1755 1751 1759 1758 1758 1757 1767 1757 1748 1756 1763 1760 1766 1761 1744 1760 1759 1751 1761 1752 1760 1772 1753 1742 1751 1753 1746 1762 1752 1775 1777 1767 1762 1739 1752 1768 1754 1756 1746 1779 1745 1758 1761 1754 1753 1745 1750 1769 1763 1772 1740 1767 1734 1742 1757 1764 1769 1768 1765 1764 1773 1761 1749 1738 1767 1770 1756 1766 1755 1760 1762 1757 1780 1747 1779 1755 1753 1753 1743 1759 1763 1753 1783 1774 1745 1762 1755 1757 1746 1756 1744 1769 1756 1759 1751 1768 1750 1752 1752 1761 1743 1741 1759 1771 1757 1741 1750 1759 1752 1755 1769 1735 1755 1767 1761 1769 1774 1764 1742 1743 1749 1749 1761 1746 1764 1755 1762 1778 1761 1760 1753 1752 1751 1753 1757 1737 1741 1769 1769 1768 1752 1747 1752 1768 1744 1751 1738 1778 1765 1770 1765 1739 1750 1748 1764 1760 1732 1764 1755 1746 1750 1751 1749 1731 1751 1774 1751 1775 1747 1756 1759 1772 1732 1733 1756 1745 1745 1749 1768 1755 1747 1737 1753 1742 1753 1747 1753 1747 1728 1748 1740 1750 1764 1750 1749 1753 1754 1740 1741 1758 1759 1743 1754 1742 1760 1759 1749 1734 1758 1752 1762 1728 1758 1758 1750 1761 1741 1763 1765 1761 1753 1741 1746 1764 1754 1747 1727 1757 1761 1739 1758 1754 1763 1743 1768 1747 1740 1765 1740 1746 1765 1746 1782 1743 1746 1749 1765 1763 1757 1752 1748 1748 1743 1767 1744 1731 1770 1745 1762 1742 1761 1746 1744 1760 1756 1775 1747 1757 1765 1761 1760 1726 1752 1753 1751 1758 1761 1766 1770 1750 1750 1754 1746 1766 1734 1756 1740 1761 1738 1737 1760 1737 1758 1739 1747 1739 1761 1739 1746 1744 1737 1737 1741 1746 1744 1754 1758 1745 1743 1739 1747 1758 1732 1759 1726 1749 1733 1751 1752 1760 1737 1743 1751 1746 1754 1762 1772 1761 1746 1752 1757 1743 1782 1761 1762 1765 1745 1748 1748 1750 1750 1772 1759 1757 1745 1767 1753 1755 1757 1742 1753 1745 1756 1754 1750 1742 1752 1753 1745 1745 1753 1758 1744 1752 1775 1733 1730 1754 1749 1751 1751 1726 1749 1775 1755 1759 1734 1753 1759 1733

Tree=0
num_leaves=15
num_cat=0
split_feature=14 14 14 4 4 14 14 14 15 14 15 17 14 8
split_gain=1.46579e+06 213008 135927 31295.2 25615.3 16865.4 11933.8 9733.68 9581.44 7335.68 5792.75 5445.6 3872.56 3604.39
threshold=1862.3550000000002 593.30000000000007 5210.4150000000018 438.69500000000011 1682.5450000000003 15577.125000000002 3255.7500000000005 142.22000000000006 1027.6500000000001 955.85000000000014 1395.4350000000002 6.5131578947368434 145.04500000000004 0.62803291075476464
decision_type=2 2 2 2 2 2 2 2 2 2 2 2 2 2
left_child=1 3 6 7 9 -4 -2 -1 -5 -3 11 13 -9 -6
right_child=2 4 5 8 10 -7 -8 12 -10 -11 -12 -13 -14 -15
leaf_value=6.8082800124922089 6.8717628156896806 6.8363179228413538 6.9018783013165841 6.8241553535363924 6.8521579455287664 6.9188176996598454 6.8871876340886278 6.8484937593621931 6.8401958648314993 6.84755526526674 6.8657715023699177 6.8506238482655197 6.8172679194826182 6.890897336462551
leaf_weight=190448.37475204468 119864.08826065063 127686.47383499146 88569.202281951904 217519.46853637695 3639.800350189209 133017.70257568359 72566.986595153809 3643.684928894043 39651.551723480225 88531.00825881958 48177.591693878174 84874.301738739014 188895.23466110229 5316.1873359680176
leaf_count=4813 1363 2443 423 4741 57 142 580 60 725 1476 611 1358 4402 38
internal_value=6.84858 6.8289 6.89603 6.81853 6.84742 6.91205 6.87758 6.81309 6.82663 6.84092 6.85732 6.85297 6.81786 6.8752
internal_weight=1.4124e+06 998384 414018 640158 358225 221587 192431 382987 257171 216217 142008 93830.3 192539 8955.99
internal_count=23232 20724 2508 14741 5983 565 1943 9275 5466 3919 2064 1453 4462 95
is_linear=0
shrinkage=1


Tree=1
num_leaves=15
num_cat=0
split_feature=4 13 4 4 4 4 4 1 1 17 1 13 13 1
split_gain=1.41316e+06 182023 172421 26481.7 25668 18240.3 18039.6 16717.3 11902.1 9617.87 8227.82 8197.38 6195.12 4204.08
threshold=2619.2950000000005 2600.1450000000004 755.5200000000001 16231.560000000003 1682.5450000000003 438.69500000000011 4537.7400000000007 220.50000000000003 282.50000000000006 3.4529914529914536 313.00000000000006 602.45500000000004 141.38500000000002 337.50000000000006
decision_type=2 2 2 2 2 2 2 2 2 2 2 2 2 2
left_child=2 6 5 -3 7 12 10 -4 9 -6 -2 -8 -1 -9
right_child=1 3 4 -5 8 -7 11 13 -10 -11 -12 -13 -14 -15
leaf_value=-0.037587321279897529 0.020881390472820869 0.04724653285887178 -0.0042169790950939267 0.068302038834490195 0.050238063245746242 -0.023326590661667198 0.012190608742187822 -0.015615470915455206 -0.0083597071703687704 0.0086497425369860773 0.0036994732576505619 0.0367634358142363 -0.029125664609332393 -0.027956608949066437
leaf_weight=264991.63114547729 81272.293285369873 80366.800857543945 148312.33168792725 163838.14443969727 5284.3786392211914 173532.72824478149 14389.416664123535 82362.851722717285 41047.1399269104 89005.854179382324 36291.029197692871 81921.588577270508 110946.9807510376 35649.717002868652
leaf_count=6682 951 475 2585 231 28 3785 196 1650 751 1286 564 673 2577 814
internal_value=0.000391975 0.04368 -0.0204566 0.0613772 -0.00551666 -0.0313771 0.0234693 -0.0109226 0.00512143 0.0109907 0.015579 0.0330954 -0.0350918 -0.0193476
internal_weight=1.40921e+06 458079 951134 244205 401662 549471 213874 266325 135337 94290.2 117563 96311 375939 118013
internal_count=23248 3090 20158 706 7114 13044 2384 5049 2065 1314 1515 869 9259 2464
is_linear=0
shrinkage=0.03


Tree=2
num_leaves=15
num_cat=0
split_feature=14 14 13 14 14 14 16 14 6 16 16 18 6 6
split_gain=1.3313e+06 209576 115177 26548.9 16975.5 15899.5 12037 10352.5 9487.31 9184.51 8103.13 4332.57 3444.12 4843.21
threshold=1985.2150000000004 642.17000000000019 3996.1200000000003 261.27500000000003 1240.0250000000003 3761.2500000000005 -0.99891057433627528 15577.125000000002 1071.7076944637413 -0.072654049404252699 -0.3347871712245285 125.42857142857144 78.114684937900293 82.091207535150872
decision_type=2 2 2 2 2 2 2 2 2 2 2 2 2 2
left_child=1 3 5 6 9 8 -1 -4 -2 -3 -5 -6 -8 -14
right_child=2 4 7 10 11 -7 12 -9 -10 -11 -12 -13 13 -15
leaf_value=-0.012976525219975011 0.022894836966403969 0.0086808557440561148 0.053508325234229742 -0.0056967937497932617 0.007566160544708783 0.042219298095326686 -0.03654922726208272 0.069467482901831204 0.053638868488577962 -0.007890207465664106 -0.023296650129706643 0.03836896549649 0.0070417677805642651 -0.030605346548815183
leaf_weight=23305.436298370361 118519.4174118042 36222.016914367676 52527.210544586182 25966.987674713135 129303.09743499756 81195.371063232422 296228.39278411865 124022.18424987793 9774.693675994873 177731.42960357666 253879.80457687378 4226.2038192749023 3257.2051849365234 53132.763137817383
leaf_count=454 1314 521 232 464 1895 554 7547 138 44 3258 5634 33 50 1267
internal_value=-0.000465532 -0.0186824 0.0468757 -0.0286632 0.000154007 0.0318275 -0.0338721 0.0647259 0.0252452 -0.0050842 -0.0216641 0.00854667 -0.0352524 -0.028429
internal_weight=1.38929e+06 1.00325e+06 386039 655771 347483 209489 375924 176549 128294 213953 279847 133529 352618 56390
internal_count=23405 21123 2282 15416 5707 1912 9318 370 1358 3779 6098 1928 8864 1317
is_linear=0
shrinkage=0.03


Tree=3
num_leaves=15
num_cat=0
split_feature=13 3 13 16 13 15 15 13 15 13 13 6 18 13
split_gain=1.21554e+06 150668 131577 54487.6 30409.4 23266.5 17106.7 15214.6 12040.8 10312.6 9770.87 8929.26 7365.18 7140.24
threshold=1162.7600000000002 3.5000000000000004 3660.7900000000004 0.99862399207002583 591.75000000000011 500.0800000000001 1790.9450000000004 260.77500000000009 1281.1900000000003 1975.4650000000001 6493.2300000000005 1213.5252770697982 43.747252747252752 196.345
decision_type=2 2 2 2 2 2 2 2 2 2 2 2 2 2
left_child=1 3 6 5 8 7 9 -1 13 -2 -4 -5 -6 -3
right_child=2 4 10 11 12 -7 -8 -9 -10 -11 -12 -13 -14 -15
leaf_value=-0.033222216150433186 0.01471447023685917 -0.0206222272085629 0.051197716244158871 -0.0040899692425254517 0.010001519877731546 -0.012791971338113974 0.039745505609612188 -0.021752971005467473 0.0065685924295582525 0.032813482764008306 0.067094566455222299 0.05558955195575243 0.039336320229595205 -0.0064703203052574468
leaf_weight=391883.36448287964 77556.098163604736 50463.778469085693 46355.216762542725 84291.439735412598 115407.52122497559 79705.378765106201 72371.835433959961 141981.96403503418 42845.100860595703 44685.08345413208 144591.83613204956 2298.4369964599609 8237.6231079101562 88131.7060546875
leaf_count=9859 999 1094 220 1469 1623 1575 525 3133 637 389 223 9 62 1599
internal_value=0.000264136 -0.0171052 0.0455486 -0.0247717 0.000489603 -0.0279155 0.0281847 -0.0301729 -0.00732883 0.0213348 0.0632411 -0.00249337 0.0119619 -0.0116254
internal_weight=1.39081e+06 1.00525e+06 385560 700161 305086 613571 194613 533865 181441 122241 190947 86589.9 123645 138595
internal_count=23416 21060 2356 16045 5015 14567 1913 12992 3330 1388 443 1478 1685 2693
is_linear=0
shrinkage=0.03


Tree=4
num_leaves=15
num_cat=0
split_feature=14 14 4 4 4 4 14 18 15 14 18 4 4 6
split_gain=1.24701e+06 195926 124192 29310.8 24556.9 19227.8 9877.54 14067.2 8833.48 8183.17 6762.66 5468.16 4839.26 4462.5
threshold=1985.2150000000004 593.30000000000007 13175.960000000001 438.69500000000011 1538.9300000000003 5027.4100000000008 142.22000000000006 1.0217391304347829 1027.6500000000001 15577.125000000002 72.239726027397282 3210.2900000000004 755.5200000000001 1071.7076944637413
decision_type=2 2 2 2 2 2 2 2 2 2 2 2 2 2
left_child=1 3 5 6 12 13 -1 -8 -5 -4 11 -6 -3 -2
right_child=2 4 9 8 10 -7 7 -9 -10 -11 -12 -13 -14 -15
leaf_value=-0.038840295205772785 0.020057977229946886 -0.017510452924854238 0.053913032135294851 -0.022901961811734144 0.0031794529655994898 0.039306139384572371 0.053258007693174098 -0.029713476129873337 -0.0075138865916284962 0.06878604429795443 0.034044188575137267 0.016144153427169652 -0.0057350527516136628 0.048382791043851001
leaf_weight=177785.66519165039 101031.05520629883 39546.540233612061 46106.692989349365 213607.67251968384 135161.71818161011 111580.01636886597 1840.6861915588379 178228.70051193237 39864.627147674561 124704.83991622925 8076.7748794555664 37361.049373626709 152576.65653991699 5259.5830917358398
leaf_count=4841 1153 836 189 4843 2109 795 9 4399 734 144 70 467 2741 28
internal_value=0.000131492 -0.0178387 0.0456263 -0.0282908 -0.000694958 0.0306066 -0.03382 -0.0288595 -0.0204826 0.0647782 0.00724693 0.0059886 -0.00816047 0.0214684
internal_weight=1.37273e+06 984050 388682 611327 372723 217871 357855 180069 253472 170812 180600 172523 192123 106291
internal_count=23358 21049 2309 14826 6223 1976 9249 4408 5577 333 2646 2576 3577 1181
is_linear=0
shrinkage=0.03


Tree=5
num_leaves=15
num_cat=0
split_feature=14 14 14 15 14 14 14 15 14 17 7 14 14 15
split_gain=1.2532e+06 193098 128190 23281.3 20770.8 17316.4 17022 8021.14 7487.84 6112.57 4969.64 4952.15 5171.07 4712.48
threshold=1985.2150000000004 642.17000000000019 8907.1250000000018 530.76500000000021 142.22000000000006 3761.2500000000005 1240.0250000000003 1210.2800000000004 15577.125000000002 2.3416666666666672 55.083333333333336 446.51500000000004 145.04500000000004 1302.1500000000003
decision_type=2 2 2 2 2 2 2 2 2 2 2 2 2 2
left_child=1 3 5 4 -1 10 7 -3 -4 -8 -2 12 -6 -11
right_child=2 6 8 -5 11 -7 9 -9 -10 13 -12 -13 -14 -15
leaf_value=-0.03768042026674074 0.02645148508006839 -0.0072598561949902629 0.05324489405557311 -0.014782487535304454 0.0057171573123985745 0.040625730820559806 0.043095248496002415 0.01000917900453128 0.068573486367619951 0.004316062929671175 0.011101871236476473 -0.01920433968875174 -0.02824289488797975 0.017728705458264313
leaf_weight=202117.76153564453 108826.01850128174 182946.62035751343 37095.949272155762 106963.67411804199 4101.164134979248 94111.67887878418 4464.3195419311523 27880.300811767578 133514.42459869385 100273.55277633667 23043.92847442627 85599.545372009277 230082.8299369812 30811.082096099854
leaf_count=5553 1077 3368 151 2204 67 626 29 386 153 1533 302 1886 5676 370
internal_value=0.000655018 -0.0176301 0.0456177 -0.027537 -0.0301504 0.0307934 0.000357017 -0.00497542 0.0652472 0.00865037 0.0237713 -0.0253889 -0.0276477 0.00747089
internal_weight=1.37183e+06 975241 396592 628865 521901 225982 346376 210827 170610 135549 131870 319784 234184 131085
internal_count=23381 21072 2309 15386 13182 2005 5686 3754 304 1932 1379 7629 5743 1903
is_linear=0
shrinkage=0.03


Tree=6
num_leaves=15
num_cat=0
split_feature=14 14 14 14 14 14 6 5 14 6 17 5 7 3
split_gain=1.15696e+06 178670 123837 22469 21634 16690.7 10726.6 10544.6 7136.57 6743.16 6711.55 5287.03 3950.33 3292.57
threshold=1985.2150000000004 606.23000000000013 8907.1250000000018 261.27500000000003 3761.2500000000005 1088.7650000000003 1071.7076944637413 449.74454545454552 15577.125000000002 31.929772620609931 2.025641025641026 796.00716666666688 55.083333333333336 4.5000000000000009
decision_type=2 2 2 2 2 2 2 2 2 2 2 2 2 2
left_child=1 3 4 7 6 13 12 9 -4 -1 -7 -5 -2 -3
right_child=2 5 8 11 -6 10 -8 -9 -10 -11 -12 -13 -14 -15
leaf_value=-0.036417101169102947 0.022171587346994193 -0.0092345545794375559 0.052829100817298878 -0.020590229850777492 0.040654604986597828 0.042030767615826685 0.053627463463989285 -0.016216517181014117 0.068226217592871521 -0.026822901306278728 0.0051453510628383485 0.022148846228454807 0.007773831493181226 -0.00069917875467405736
leaf_weight=226796.69701004028 98148.596824645996 135131.45971679688 35342.460060119629 244943.44657516479 100483.68507003784 4538.2121200561523 8986.3659439086914 34793.78120803833 122596.14710617065 93418.074779510498 171588.98086547852 2617.5111274719238 20816.302951812744 58192.612789154053
leaf_count=6284 1042 2581 142 5588 651 30 37 743 142 2301 2585 31 286 971
internal_value=0.000449634 -0.0170059 0.0443622 -0.0270769 0.0302355 -0.000579723 0.0220481 -0.0319153 0.0647879 -0.03362 0.00610043 -0.0201366 0.019654 -0.00666565
internal_weight=1.35839e+06 972021 386374 602570 228435 369451 127951 355009 157939 320215 176127 247561 118965 193324
internal_count=23414 21114 2300 14947 2016 6167 1365 9328 284 8585 2615 5619 1328 3552
is_linear=0
shrinkage=0.03


Tree=7
num_leaves=15
num_cat=0
split_feature=14 4 4 4 14 14 4 14 15 7 14 14 4 0
split_gain=1.07288e+06 155736 140038 25192.2 24489.9 22057.9 7322.31 5873.97 5562.63 5450.48 5147.35 4269.21 3902.03 3343.44
threshold=1818.0000000000002 755.5200000000001 16231.560000000003 6338.4900000000007 980.39000000000021 257.05000000000007 1707.6000000000001 593.30000000000007 1241.5600000000002 56.900000000000006 15577.125000000002 2574.0750000000003 164.47000000000006 238.50000000000003
decision_type=2 2 2 2 2 2 2 2 2 2 2 2 2 2
left_child=1 5 3 9 6 12 7 -3 -6 11 -4 -2 -1 -8
right_child=2 4 10 -5 8 -7 13 -9 -10 -11 -12 -13 -14 -15
leaf_value=-0.038695325053801084 0.017083322063501809 -0.018930126522407661 0.052837911388217369 0.039923950061277379 0.0013537103215301252 -0.021263915326426176 0.00062416185602529723 -0.0081605540663032324 0.01394001800710299 0.008464140062424989 0.067186728150068764 0.028036859880074833 -0.031384575825401863 -0.024920047508937917
leaf_weight=100904.50629997253 59659.743045806885 88390.743450164795 28287.997478485107 95037.752464294434 149493.33878707886 215983.85696411133 56997.211429595947 94198.715774536133 40056.377662658691 28433.345615386963 119962.66635513306 69499.47928237915 191853.98575019836 4997.477653503418
leaf_count=2926 701 1977 111 617 2403 5034 944 1778 510 383 154 632 5133 116
internal_value=0.000201196 -0.0172778 0.0413108 0.0277243 -0.00407894 -0.0285404 -0.0103512 -0.0133756 0.00401469 0.020363 0.0644563 0.0229808 -0.0339068 -0.00144236
internal_weight=1.34376e+06 942876 400881 252630 434134 508742 244584 182589 189550 157593 148251 129159 292758 61994.7
internal_count=23419 20821 2598 2333 7728 13093 4815 3755 2913 1716 265 1333 8059 1060
is_linear=0
shrinkage=0.03


Tree=8
num_leaves=15
num_cat=0
split_feature=11 6 12 11 6 3 16 6 7 3 18 19 11 7
split_gain=813989 165688 110298 45360.6 37303.3 32786.9 26852.4 19028.9 9578.83 9339.21 8430.07 8134.73 7815.28 7220.71
threshold=5.5000000000000009 151.10385687264809 1706.3000000000002 1.5000000000000002 1071.7076944637413 3.5000000000000004 0.99839770551172558 240.50155502661838 57.071428571428577 4.5000000000000009 145.15053763440864 6.5000000000000009 9.5000000000000018 280.50000000000006
decision_type=2 2 2 2 2 2 2 2 2 2 2 2 2 2
left_child=1 3 7 6 5 -3 13 12 11 -5 -9 -7 -2 -1
right_child=2 4 -4 9 -6 8 -8 10 -10 -11 -12 -13 -14 -15
leaf_value=-0.027881620186559524 0.011818195344151666 -0.009044855503264327 0.063153543161090522 -0.014909537234965232 0.0409817155156336 0.057698231498633665 -0.0025513245866660883 0.034269776336548881 0.00093347501953862703 -0.0023603851016969143 0.064638676266625603 0.014748305653735957 0.029806651673383863 -0.041857497360482651
leaf_weight=378586.54242515564 63473.901649475098 132922.31115531921 133305.78642272949 167736.9563331604 23818.893291473389 4115.0615577697754 37334.73628616333 67561.931049346924 54450.740852355957 78290.708015441895 9387.26171875 100544.65873336792 33078.627510070801 36560.66407585144
leaf_count=9859 829 2559 263 3588 152 14 647 510 876 1360 16 1261 287 1105
internal_value=-0.000182056 -0.0131327 0.0426332 -0.0212857 0.00489789 0.00195221 -0.0269229 0.0268614 0.0111392 -0.0109167 0.0379904 0.0164477 0.0179859 -0.0291144
internal_weight=1.32117e+06 1.01436e+06 306808 698510 315852 292033 452482 173502 159110 246028 76949.2 104660 96552.5 415147
internal_count=23326 21421 1905 16559 4862 4710 11611 1642 2151 4948 526 1275 1116 10964
is_linear=0
shrinkage=0.03


Tree=9
num_leaves=15
num_cat=0
split_feature=14 14 4 4 4 4 14 18 14 4 18 20 4 4
split_gain=958803 162424 122338 28736.1 19680.5 13836.3 10685.3 13356.1 10526.8 7786.13 6224.55 6163.23 4684.08 4020.98
threshold=1985.2150000000004 593.30000000000007 13175.960000000001 438.69500000000011 1776.0850000000003 5027.4100000000008 142.22000000000006 1.0217391304347829 15577.125000000002 1682.5450000000003 125.42857142857144 0.74787502801791794 715.79000000000008 3210.2900000000004
decision_type=2 2 2 2 2 2 2 2 2 2 2 2 2 2
left_child=1 3 5 6 12 -2 -1 -8 -4 -5 13 -9 -3 -6
right_child=2 4 8 9 10 -7 7 11 -10 -11 -12 -13 -14 -15
leaf_value=-0.037133826589946399 0.018996467844853895 -0.016989261058350132 0.048647809954228662 -0.020165869621913374 0.0037516409977533735 0.03428185453336572 0.052277233570140975 -0.027838374507259418 0.066455497922068826 -0.004606155344252196 0.040836583333923815 0.029139134723576831 -0.0042872552003347855 0.014973800359630963
leaf_weight=161553.86952590942 107863.44882202148 30081.525341033936 41135.541847229004 207873.8215637207 99930.542186737061 105555.10260772705 1903.9027709960938 167847.53687858582 112251.85676574707 33641.85765838623 5044.8709411621094 1710.8558979034424 198220.99290466309 40325.939781188965
leaf_count=4818 1182 663 183 4885 1524 774 10 4416 146 618 34 20 3542 498
internal_value=6.62675e-05 -0.0158674 0.041251 -0.02588 -0.000469375 0.026559 -0.0315942 -0.0263709 0.0616868 -0.017999 0.00816083 -0.0272601 -0.00596223 0.00697986
internal_weight=1.31494e+06 948136 366806 574532 373604 213419 333016 171462 153387 241516 145301 169558 228303 140256
internal_count=23313 21028 2285 14767 6261 1956 9264 4446 329 5503 2056 4436 4205 2022
is_linear=0
shrinkage=0.03


Tree=10
num_leaves=15
num_cat=0
split_feature=14 14 13 15 14 14 14 14 15 20 15 22 14 14
split_gain=910663 166505 99051.1 19940.3 18983.6 16677.4 11107.7 10052.2 7396.88 5371.46 4314.02 4693.6 4251.53 4634.97
threshold=2181.2850000000003 593.30000000000007 4528.9550000000008 465.43500000000012 142.22000000000006 1354.5250000000003 3761.2500000000005 15577.125000000002 1153.9650000000004 0.96485701519213596 1508.2600000000002 0.12451550387596901 145.04500000000004 257.05000000000007
decision_type=2 2 2 2 2 2 2 2 2 2 2 2 2 2
left_child=1 3 6 4 -1 8 -2 -4 -3 12 -5 -12 -6 -14
right_child=2 5 7 10 9 -7 -8 -9 -10 -11 11 -13 13 -15
leaf_value=-0.035823768124533702 0.021736248630928635 -0.0063253631403815567 0.04827934997097335 -0.016679466501245705 0.0063029577535515524 0.008905271569565755 0.036037993858639671 0.066094544761056764 0.0079657943009243271 0.030545454659310353 -0.027678429723976175 0.0073732505490554578 -0.029913480525691989 -0.021448490048968295
leaf_weight=177190.7920627594 106288.30339813232 226870.15402603149 39829.519222259521 93773.36439704895 4209.3167629241943 128268.93662261963 90717.073246002197 103075.83367156982 38046.124019622803 1643.0482635498047 4492.5363998413086 14421.766674041748 84243.667568206787 189999.6194934845
leaf_count=5311 1082 4217 173 2112 73 1765 614 134 535 18 106 222 2326 4641
internal_value=-9.26855e-05 -0.0149915 0.0421224 -0.0253511 -0.0281368 2.67344e-05 0.0283249 0.0611367 -0.00427248 -0.0232718 -0.0140438 -0.000972687 -0.0235915 -0.0240508
internal_weight=1.30307e+06 963159 339911 569974 457286 393185 197005 142905 264916 280096 112688 18914.3 278453 274243
internal_count=23329 21326 2003 14809 12369 6517 1696 307 4752 7058 2440 328 7040 6967
is_linear=0
shrinkage=0.03


Tree=11
num_leaves=15
num_cat=0
split_feature=14 14 4 4 4 4 4 14 14 17 6 13 4 4
split_gain=868820 143453 117338 27369.8 17090.8 13125.8 11337.8 9711.8 6969.29 5380.72 5225.84 4996.64 4736.39 4254.86
threshold=1985.2150000000004 446.51500000000004 13175.960000000001 1538.9300000000003 465.41000000000003 5645.1050000000005 37112.035000000011 142.22000000000006 729.0150000000001 8.5051020408163271 1071.7076944637413 3996.1200000000003 3210.2900000000004 1146.1000000000001
decision_type=2 2 2 2 2 2 2 2 2 2 2 2 2 2
left_child=1 4 5 8 7 10 11 -1 -3 -5 -2 -4 -11 -6
right_child=2 3 6 9 13 -7 -8 -9 -10 12 -12 -13 -14 -15
leaf_value=-0.035597874688118744 0.017593461402343996 -0.014187990910386127 0.033536482569805529 0.018908720089483442 -0.021602911758150753 0.034008913358192665 0.067435161482685871 -0.025289808416905517 -0.0044059957223279494 0.0010411919276738615 0.044142832306693053 0.054734166606603726 0.01304435011474251 -0.010852067728418973
leaf_weight=158701.22684669495 117172.05557632446 129317.36596107483 12507.534400939941 24107.334671020508 98761.969638824463 93255.149578094482 83391.636131286621 171481.50355148315 132966.69411849976 130546.68161964417 7067.0295066833496 52698.860469818115 38239.007957458496 49958.96665763855
leaf_count=4873 1279 2838 86 283 2435 657 89 4536 2394 2085 38 160 484 1032
internal_value=0.000372167 -0.0149807 0.0395435 -0.00292126 -0.0264421 0.0255011 0.0600905 -0.0302462 -0.00922966 0.00565657 0.0191105 0.0506797 0.00376177 -0.0179934
internal_weight=1.30017e+06 934081 366092 455177 478904 217494 148598 330183 262284 192893 124239 65206.4 168786 148721
internal_count=23269 20960 2309 8084 12876 1974 335 9409 5232 2852 1317 246 2569 3467
is_linear=0
shrinkage=0.03


Tree=12
num_leaves=15
num_cat=0
split_feature=4 4 4 4 1 4 4 1 4 4 4 1 1 11
split_gain=814368 143550 122460 23790.2 18341.4 14215.7 13640.7 10071.7 7312.18 5949.62 5373.82 5232.03 4244.73 3812.72
threshold=3312.5550000000007 884.61500000000012 16231.560000000003 258.5750000000001 282.50000000000006 6338.4900000000007 1707.6000000000001 282.50000000000006 37112.035000000011 438.69500000000011 1682.5450000000003 317.50000000000006 243.50000000000003 7.5000000000000009
decision_type=2 2 2 2 2 2 2 2 2 2 2 2 2 2
left_child=1 3 5 -1 6 12 -3 9 -4 -5 -6 13 -2 -7
right_child=2 4 8 7 10 11 -8 -9 -10 -11 -12 -13 -14 -15
leaf_value=-0.03410662794334509 0.025311375703172267 -0.0029529977837510547 0.052262942347006028 -0.023282029811230804 -0.018711018747078246 0.029705506503383376 0.010048320262204324 -0.032368593211668795 0.066953478014257342 -0.014707888256300332 -0.0055702118862096381 0.024744974350878284 0.013858702579877724 0.044898153581423905
leaf_weight=170506.80618095398 47996.39888381958 164840.72999572754 48547.980335235596 125589.41242408752 50483.33783531189 24773.863311767578 129801.7947845459 54152.161310195923 84511.953090667725 173863.33738327026 62935.703119277954 37780.808498382568 74345.543449401855 37938.825931549072
leaf_count=5212 433 2952 165 3320 1163 192 1728 1563 93 3906 1123 336 886 185
internal_value=0.000225685 -0.0145136 0.0388299 -0.0249011 -0.0011713 0.0252278 0.0027749 -0.0204606 0.0616022 -0.0183052 -0.0114215 0.0335893 0.0183551 0.0389079
internal_weight=1.28807e+06 932173 355895 524112 408062 222835 294643 353605 133060 299453 113419 100493 122342 62712.7
internal_count=23257 20967 2290 14001 6966 2032 4680 8789 258 7226 2286 713 1319 377
is_linear=0
shrinkage=0.03


Tree=13
num_leaves=15
num_cat=0
split_feature=14 14 14 4 14 4 16 4 14 16 19 20 15 15
split_gain=774937 170917 84923.9 34181.8 13113 12697.3 9749.03 6663.89 4740.83 4264.66 4234.27 4145.89 3087.79 2642.28
threshold=2419.8650000000002 713.21500000000015 11261.375000000002 438.69500000000011 1240.0250000000003 6338.4900000000007 0.99614829076833022 978.08500000000015 26196.875000000004 -0.12018266113247976 5.5000000000000009 0.0058958271162996749 1757.4050000000002 2344.2650000000003
decision_type=2 2 2 2 2 2 2 2 2 2 2 2 2 2
left_child=1 3 5 6 9 -2 -1 -5 -4 -3 -6 -7 -12 -9
right_child=2 4 8 7 10 11 -8 13 -10 -11 12 -13 -14 -15
leaf_value=-0.033082224244282629 0.02107208959715004 0.0088499105687031027 0.05463864533842798 -0.018949686068234009 0.033510960339982132 0.025718333079063509 -0.021290486536493156 -0.010985000915858687 0.066977352762996406 -0.0046250373063194735 0.0060309791202320662 0.040021129532714077 0.016555073255043209 0.0060656090204901456
leaf_weight=228059.017370224 92427.95373916626 24494.543117523193 50547.712608337402 191127.76119422913 5942.0558166503906 24299.293216705322 87463.795526504517 95706.324041366577 65415.104511260986 153513.79114532471 148851.41524124146 75075.169906616211 30173.301788330078 8931.4953422546387
leaf_count=7040 901 336 143 4628 48 196 2255 1999 68 2791 2128 421 339 137
internal_value=-0.000154834 -0.0132641 0.0413423 -0.0229465 0.0030423 0.0290838 -0.0298151 -0.0156176 0.0616093 -0.00277005 0.00863568 0.0365297 0.00780639 -0.00952874
internal_weight=1.28203e+06 974264 307765 611288 362975 191802 315523 295766 115963 178008 184967 99374.5 179025 104638
internal_count=23430 21701 1729 16059 5642 1518 9295 6764 211 3127 2515 617 2467 2136
is_linear=0
shrinkage=0.03


Tree=14
num_leaves=15
num_cat=0
split_feature=14 14 14 14 14 15 14 14 15 15 14 18 6 18
split_gain=720949 155908 81661.6 17085.9 15719.6 12981.9 10887.4 6224.92 5820.98 5047.58 4521.67 15100 3587.61 3417.83
threshold=2419.8650000000002 593.30000000000007 11261.375000000002 261.27500000000003 1220.9800000000002 465.43500000000012 5210.4150000000018 26196.875000000004 1153.9650000000004 861.90500000000009 142.22000000000006 1.0217391304347829 1071.7076944637413 48.516483516483525
decision_type=2 2 2 2 2 2 2 2 2 2 2 2 2 2
left_child=1 3 6 5 8 10 12 -4 -3 -5 -1 -12 -2 -7
right_child=2 4 7 9 -6 13 -8 -9 -10 -11 11 -13 -14 -15
leaf_value=-0.033867686857201651 0.021987366400904828 -0.0063212700596867117 0.052381564791452694 -0.018629917766856269 0.0071829168523419532 -0.018265043932062758 0.03832469316399275 0.066958581864306199 0.0073907204428283971 -0.003623286406915103 0.062167094779260496 -0.027187007152985332 0.041931103109458148 0.0043707168708314462
leaf_weight=166863.9181060791 120298.95133972168 200835.60826301575 46274.472160339355 207000.42566490173 191314.82637023926 58236.368528366089 66097.313034057617 63138.067733764648 32334.396488189697 22362.493026733398 1718.6375503540039 84866.938056945801 8716.552604675293 6685.544921875
leaf_count=5322 1119 3817 142 5128 2653 1387 373 63 454 418 5 2443 47 115
internal_value=-0.000219945 -0.0128369 0.0400588 -0.0234126 0.000809889 -0.0279105 0.0284204 0.0608041 -0.00441932 -0.0171672 -0.0309769 -0.0253995 0.0233411 -0.0159334
internal_weight=1.27674e+06 972219 304525 547734 424485 318371 195113 109413 233170 229363 253449 86585.6 129016 64921.9
internal_count=23486 21742 1744 14818 6924 9272 1539 205 4271 5546 7770 2448 1166 1502
is_linear=0
shrinkage=0.03


Tree=15
num_leaves=15
num_cat=0
split_feature=14 14 14 14 14 15 14 15 14 6 16 18 14 7
split_gain=715781 151389 85395.3 18958.4 15124.9 12244 9543.15 5587.83 5506.88 5476.51 5133.12 4517.66 10917 4282.71
threshold=2419.8650000000002 606.23000000000013 11261.375000000002 261.27500000000003 1088.7650000000003 454.55000000000001 5210.4150000000018 812.35000000000014 26196.875000000004 1071.7076944637413 -0.072654049404252699 1.0217391304347829 111.53000000000002 57.071428571428577
decision_type=2 2 2 2 2 2 2 2 2 2 2 2 2 2
left_child=1 3 6 5 10 11 9 -5 -4 -2 -3 12 -1 -6
right_child=2 4 8 7 13 -7 -8 -9 -10 -11 -12 -13 -14 -15
leaf_value=-0.040105395955709888 0.021289366099126593 0.0055019748517130592 0.052904430487513865 -0.017896940387892975 0.0090876557763307896 -0.015951852904456779 0.037481325085556391 -0.0030777043015682848 0.06603737862242022 0.044651947739460303 -0.0073525980546250138 -0.031102902653718234 0.056507161688361687 2.2842823850926762e-06
leaf_weight=2520.5745029449463 119395.931224823 34136.178890228271 52634.296424865723 209710.84011077881 162092.39715957642 65140.141313552856 60884.43920135498 25717.192556381226 65310.864242553711 9771.9131736755371 154144.60654640198 244896.01002693176 1777.3119430541992 65587.875423431396
leaf_count=88 1113 506 152 5207 2187 1524 343 480 70 47 2998 7660 8 1035
internal_value=0.00031396 -0.0123866 0.0401348 -0.0227183 0.00126878 -0.0275401 0.0276858 -0.0162785 0.0601866 0.0230635 -0.00502167 -0.0305678 -7.63683e-05 0.00647066
internal_weight=1.27372e+06 965723 307997 549762 415961 314334 190052 235428 117945 129168 188281 249194 4297.89 227680
internal_count=23418 21693 1725 14967 6726 9280 1503 5687 222 1160 3504 7756 96 3222
is_linear=0
shrinkage=0.03


Tree=16
num_leaves=15
num_cat=0
split_feature=4 4 4 4 4 4 1 6 4 1 1 17 4 18
split_gain=651823 124729 109597 17925 16842.3 11893.1 10481.1 10160.9 8392.7 7656.55 6553.65 5568.77 4780.89 4592.69
threshold=3312.5550000000007 755.5200000000001 16231.560000000003 1682.5450000000003 258.5750000000001 6338.4900000000007 291.50000000000006 1071.7076944637413 37112.035000000011 311.50000000000006 251.50000000000003 2.3416666666666672 438.69500000000011 1.0217391304347829
decision_type=2 2 2 2 2 2 2 2 2 2 2 2 2 2
left_child=1 4 5 6 13 -2 -3 10 -4 12 11 -5 -6 -1
right_child=2 3 8 7 9 -7 -8 -9 -10 -11 -12 -13 -14 -15
leaf_value=-0.0010167044878353782 0.016388939786197907 -0.0041891833430379496 0.048788270164532389 0.043153637918604555 -0.022538789834701044 0.03036144845816335 -0.019052897938361762 0.046627604604121631 0.064741197880618037 -0.034353273416141777 -0.0027160646885861102 0.0071442006227916514 -0.014489324178189399 -0.032761724962066377
leaf_weight=4210.8191814422607 123437.9946308136 204701.1931476593 52149.43556022644 3995.0482177734375 127761.53092956543 98773.918815612793 53935.574249267578 5054.7509231567383 70266.432411193848 29948.506605148315 83165.746656417847 104328.00941467285 138692.46131706238 160092.38508415222
leaf_count=97 1329 3821 181 23 3554 701 1306 25 85 953 1416 1425 3279 5224
internal_value=-5.47558e-06 -0.0132388 0.0351621 -0.0021006 -0.0242428 0.0226019 -0.00729007 0.00472841 0.0579543 -0.0199695 0.00361764 0.00847998 -0.0183503 -0.0319484
internal_weight=1.26051e+06 915886 344628 455180 460706 222212 258637 196544 122416 296402 191489 108323 266454 164303
internal_count=23419 21123 2296 8016 13107 2030 5127 2889 266 7786 2864 1448 6833 5321
is_linear=0
shrinkage=0.03


Tree=17
num_leaves=15
num_cat=0
split_feature=4 4 4 4 13 4 13 0 0 18 4 0 4 11
split_gain=616458 138890 89486.8 19888.2 12953.5 12877.6 9162.6 4641.32 4444.89 4300.82 11170.4 4161.13 3777.42 3489.76
threshold=2563.1800000000007 16231.560000000003 668.55500000000006 6338.4900000000007 596.21000000000015 258.5750000000001 8184.5500000000011 272.50000000000006 39.500000000000007 1.0217391304347829 111.07500000000002 174.50000000000003 1393.8100000000002 2.5000000000000004
decision_type=2 2 2 2 2 2 2 2 2 2 2 2 2 2
left_child=2 3 5 11 12 9 -3 -7 -5 10 -1 -2 -4 -6
right_child=1 6 4 8 13 7 -8 -9 -10 -11 -12 -13 -14 -15
leaf_value=-0.041106143514249939 0.014190596034898185 0.043526626166839812 -0.011652879745363897 0.032383854557962839 -0.0035187962357066459 -0.019013154652043365 0.062519464397145161 -0.035313328161581344 0.013838050907008974 -0.031686587805020337 0.056405781653063106 -0.015248592522598565 -0.0039401458161888066 0.0053081208273609987
leaf_weight=2576.6417846679688 187028.2483291626 31148.767566680908 163899.63270568848 88186.358055114746 66998.302349090576 241374.17824554443 88383.85334777832 16831.687795639038 13446.620714187622 157572.8958568573 1763.5058288574219 4407.7786045074463 87785.654205322266 101137.72089767456
leaf_count=93 2128 133 3584 571 1189 6370 125 567 141 5191 8 94 1597 1508
internal_value=0.000298439 0.0303262 -0.0144524 0.0192079 -0.00465645 -0.0242407 0.0575783 -0.0200784 0.0299333 -0.0308752 -0.00140773 0.0135112 -0.00896327 0.0017908
internal_weight=1.25254e+06 412602 839940 293069 419821 420119 119533 258206 101633 161913 4340.15 191436 251685 168136
internal_count=23299 3192 20107 2934 7878 12229 258 6937 712 5292 101 2222 5181 2697
is_linear=0
shrinkage=0.03


Tree=18
num_leaves=15
num_cat=0
split_feature=14 14 14 14 14 14 5 6 14 18 16 22 0 0
split_gain=614336 127706 81271.5 17466.6 14426.8 13808.8 8307.29 6291.58 4931 6745.5 4205.2 4029.06 3991.84 3973.79
threshold=2419.8650000000002 593.30000000000007 15577.125000000002 274.09500000000008 4453.2400000000007 1240.0250000000003 333.34958333333338 1071.7076944637413 142.22000000000006 1.3494186046511631 0.026598749559329105 0.95833333333333337 38.500000000000007 267.50000000000006
decision_type=2 2 2 2 2 2 2 2 2 2 2 2 2 2
left_child=1 3 4 6 7 10 8 -2 -1 -10 -3 -5 -6 -8
right_child=2 5 -4 11 12 -7 13 -9 9 -11 -12 -13 -14 -15
leaf_value=-0.031824486963189291 0.017190633224522821 0.0032144313737365129 0.060669871804097698 -0.01391393773491531 0.036680360079774446 0.0066726887956510628 -0.011468605816878407 0.044717618139167345 0.035280749828535643 -0.024318165486996779 -0.006491718415786882 -0.029846249042227713 0.014231875813191717 -0.029730691436134545
leaf_weight=157295.91038322449 100028.01050567627 51624.253917694092 92307.249938964844 197472.40814208984 94451.887981414795 183352.67382049561 43888.896335601807 8067.4661750793457 1722.6501426696777 97969.737321853638 180924.11891555786 15399.94248008728 7747.9686813354492 14195.79404258728
leaf_count=5239 981 795 145 4780 512 2518 1024 37 19 2894 3507 450 69 430
internal_value=9.23075e-06 -0.0119162 0.0372042 -0.0217103 0.0268994 0.000516823 -0.026196 0.0192529 -0.0285125 -0.0232814 -0.00433692 -0.0150692 0.0349816 -0.0159405
internal_weight=1.24645e+06 943846 302603 527945 210295 415901 315073 108095 256988 99692.4 232548 212872 102200 58084.7
internal_count=23400 21656 1744 14836 1599 6820 9606 1018 8152 2913 4302 5230 581 1454
is_linear=0
shrinkage=0.03


Tree=19
num_leaves=15
num_cat=0
split_feature=13 13 13 6 5 3 5 0 13 7 5 7 5 6
split_gain=534893 128313 50983.2 39661.8 17309.8 14460.6 13125.1 7135.9 6811.12 6313.4 6934.67 5944.06 5808.32 5299.31
threshold=1975.4650000000001 596.21000000000015 6493.2300000000005 28.176849537371439 353.88050000000004 3.5000000000000004 192.08000000000001 141.50000000000003 18179.580000000005 57.071428571428577 449.74454545454552 27.897368421052636 597.18295454545466 1071.7076944637413
decision_type=2 2 2 2 2 2 2 2 2 2 2 2 2 2
left_child=1 3 11 6 7 -3 -1 -5 -4 10 -7 -2 -8 -6
right_child=2 5 8 4 13 9 12 -9 -10 -11 -12 -13 -14 -15
leaf_value=-0.031656162716937677 0.033683447537329388 -0.0024944249308786687 0.049364122695867166 -0.011847961905845972 -0.0020213769075132625 0.0098265502815085819 -0.021129394086835267 -0.025087135644841437 0.064539329461604331 0.00027854809991426549 0.022733355906201336 0.020037047599328256 -0.0058618831767335922 0.026066944774760042
leaf_weight=121942.54983329773 73085.24979019165 96924.5700340271 55562.971752166748 214895.06600570679 121791.61796379089 118331.69899368286 174378.60236549377 44185.188915252686 52101.676162719727 37093.400691986084 54848.73274230957 47536.464282989502 25757.129484176636 6340.8792705535889
leaf_count=4144 444 1699 165 4890 2177 1508 4964 1293 56 579 493 413 517 55
internal_value=0.000216321 -0.00910346 0.0417116 -0.0161179 -0.00964718 0.00709221 -0.0238961 -0.0141076 0.0567184 0.0115109 0.0139165 0.0283097 -0.0191653 -0.000627522
internal_weight=1.24478e+06 1.01649e+06 228286 709291 387213 307198 322078 259080 107665 210274 173180 120622 200136 128132
internal_count=23397 22319 1078 18040 8415 4279 9625 6183 221 2580 2001 857 5481 2232
is_linear=0
shrinkage=0.03


Tree=20
num_leaves=15
num_cat=0
split_feature=14 14 14 14 14 15 14 6 20 6 3 14 14 7
split_gain=544936 101251 96657.2 16692.3 15115.7 14133.2 11987.4 8765.59 6475.32 5718.91 5630.41 4006.32 3583.98 3519.65
threshold=1985.2150000000004 433.81000000000006 15577.125000000002 4153.0200000000013 993.75500000000011 465.43500000000012 142.22000000000006 1071.7076944637413 0.99398728250621604 561.09945193207454 4.5000000000000009 145.04500000000004 719.95000000000016 55.083333333333336
decision_type=2 2 2 2 2 2 2 2 2 2 2 2 2 2
left_child=1 5 3 7 9 6 -1 13 11 12 -5 -8 -3 -2
right_child=2 4 -4 10 -6 -7 8 -9 -10 -11 -12 -13 -14 -15
leaf_value=-0.031472674244565638 0.016543548457140733 -0.010982437320866784 0.058969323884347793 0.010792737588920071 0.0036416187344479622 -0.011890738586840604 0.0094755822265255793 0.046105313122636903 0.039907692423542827 0.029342031207776044 0.034066900009802427 -0.021396555615737937 -0.0035398448625457383 0.0036757223481237774
leaf_weight=155045.0013217926 116789.82625198364 142076.76753234863 89637.598320007324 10388.829925537109 208050.35708999634 89615.551008224487 3849.8770084381104 8320.7189750671387 1577.7558479309082 3743.3237686157227 96134.130680084229 188960.51472091675 98710.271472930908 22893.503154754639
leaf_count=5385 1165 3193 147 98 3138 2063 73 36 15 36 540 5421 1806 299
internal_value=0.000117428 -0.0122595 0.0321812 0.0227433 -0.00230208 -0.0225232 -0.0252492 0.0162219 -0.0202826 -0.00735896 0.0317995 -0.0207792 -0.00793191 0.0144354
internal_weight=1.23579e+06 891629 344165 254527 452581 439049 349433 148004 194388 244530 106523 192810 240787 139683
internal_count=23415 21130 2285 2138 8173 12957 10894 1500 5509 5035 638 5494 4999 1464
is_linear=0
shrinkage=0.03


Tree=21
num_leaves=15
num_cat=0
split_feature=14 14 14 14 15 14 14 20 15 14 7 15 15 15
split_gain=488524 116384 72430.3 17804.7 14434.5 11865.3 10724.9 6311.33 5895.6 4752.75 3672.45 3665.95 3599.64 3468.08
threshold=2419.8650000000002 446.51500000000004 15577.125000000002 1088.7650000000003 568.47000000000014 142.22000000000006 4453.2400000000007 0.99398728250621604 1027.6500000000001 145.04500000000004 56.062500000000007 900.07500000000016 234.19000000000003 1395.4350000000002
decision_type=2 2 2 2 2 2 2 2 2 2 2 2 2 2
left_child=1 4 6 8 5 12 10 9 -3 -7 -2 -8 -1 -5
right_child=2 3 -4 13 -6 7 11 -9 -10 -11 -12 -13 -14 -15
leaf_value=-0.033744801757312481 0.020151841648894917 -0.0077770382804599591 0.057869239977842282 0.0033811459465532762 -0.010049012394342832 0.01315178012198496 0.020711770104276515 0.040587075364673257 0.0050772037426201743 -0.020761681094950767 0.0042742894904431667 0.034731076862944549 -0.024272435752658979 0.012324001636818866
leaf_weight=107507.20741081238 92304.357639312744 235306.71871757507 81468.106101989746 175091.29543685913 74991.725896835327 3777.8579635620117 21681.596035003662 1535.1302013397217 37173.246417999268 197423.68810844421 15295.386409759521 76135.418380737305 54812.654407501221 50213.400592803955
leaf_count=3922 818 4922 138 2597 1675 67 167 14 552 5675 186 404 1733 585
internal_value=-0.000321284 -0.0108008 0.0339348 -0.000864102 -0.0220407 -0.0245034 0.0244377 -0.01966 -0.00602315 -0.0201237 0.017896 0.0316285 -0.0305495 0.00537515
internal_weight=1.22472e+06 937833 286885 497785 440048 365057 205417 202737 272480 201202 107600 97817 162320 225305
internal_count=23455 21742 1713 8656 13086 11411 1575 5756 5474 5742 1004 571 5655 3182
is_linear=0
shrinkage=0.03


Tree=22
num_leaves=15
num_cat=0
split_feature=14 14 4 4 4 4 15 14 18 13 1 0 1 6
split_gain=479921 115886 74011.9 22036.5 13619 8304.29 6250.75 6168.33 5906.16 5180.02 4677.52 4132.18 4460.78 3906.62
threshold=2574.0750000000003 433.81000000000006 22016.660000000003 1682.5450000000003 258.5750000000001 7331.005000000001 690.72500000000014 748.97000000000014 125.42857142857144 18179.580000000005 310.50000000000006 41.500000000000007 321.50000000000006 81.070178826085638
decision_type=2 2 2 2 2 2 2 2 2 2 2 2 2 2
left_child=1 4 5 7 13 -2 10 -3 -5 -4 -6 12 -7 -1
right_child=2 3 9 8 6 11 -8 -9 -10 -11 -12 -13 -14 -15
leaf_value=-0.029788775496816043 0.017695323729381911 -0.010629761343214441 0.049440065986396817 0.0055639521812924026 -0.017723781015969886 0.037254984295949443 -0.0085715520833015146 -0.0018322806556386503 0.034566465026136119 0.06378056722788665 -0.02846864419172656 0.0089735853308463912 0.021856282468602765 -0.0028903768250970285
leaf_weight=147014.54881286621 95035.888732910156 139371.34822845459 44532.586826324463 221261.35230064392 177109.72233963013 55142.034687042236 54113.194425582886 147788.91029167175 6486.2097625732422 47455.984741210938 46004.533521652222 7349.2465476989746 24595.248687744141 5030.2818508148193
leaf_count=5194 866 3182 119 3064 4956 265 1173 2614 48 49 1470 68 177 125
internal_value=-2.68528e-05 -0.0101723 0.0349175 -0.00057567 -0.0216828 0.0238343 -0.017723 -0.00610252 0.0063929 0.0568504 -0.0199416 0.030528 0.0325119 -0.0288994
internal_weight=1.21829e+06 944180 274111 514908 429272 182122 277227 287160 227748 91988.6 223114 87086.5 79737.3 152045
internal_count=23370 21826 1544 8908 12918 1376 7599 5796 3112 168 6426 510 442 5319
is_linear=0
shrinkage=0.03


Tree=23
num_leaves=15
num_cat=0
split_feature=4 4 13 4 4 1 1 13 1 13 17 18 4 7
split_gain=448663 124837 66906.1 20861.1 14783.7 10710.9 8787.35 7904.48 6682.73 5315.39 4852.14 4352.55 10394.1 4160.74
threshold=4762.170000000001 947.30500000000006 6493.2300000000005 258.5750000000001 1847.4500000000003 253.50000000000003 250.50000000000003 18179.580000000005 259.50000000000006 2734.1600000000003 3.0306122448979598 1.0217391304347829 167.81000000000003 55.083333333333336
decision_type=2 2 2 2 2 2 2 2 2 2 2 2 2 2
left_child=1 3 9 11 8 10 -5 -4 -3 -2 -6 12 -1 -12
right_child=2 4 7 6 5 -7 -8 -9 -10 -11 13 -13 -14 -15
leaf_value=-0.039423725278884394 0.018328347930848657 -0.00013666160116306895 0.046009583126084372 -0.013095603301481842 0.039797075898624114 0.00045534078511416068 -0.024600647138633008 0.062645862312592018 -0.011542867402493707 0.029821392317593894 0.014606409712195722 -0.029829929313643321 0.059874813671509153 0.0014677136760172381
leaf_weight=2229.0702228546143 92705.02837562561 146683.38798522949 53523.042964935303 276238.72609519958 5762.5929679870605 117801.19290733337 76275.83904838562 50204.731597900391 67483.73091506958 59620.790672302246 97335.375789642334 144677.87186431885 1620.9749374389648 27917.826345443726
leaf_count=89 840 2534 160 6958 34 1823 2354 55 1512 349 1070 5198 5 401
internal_value=0.000191829 -0.00918408 0.0354895 -0.0195613 0.00204655 0.00701984 -0.0155863 0.0540721 -0.00373148 0.0228301 0.0129213 -0.0289923 0.00247706 0.0116786
internal_weight=1.22008e+06 964027 256054 501042 462984 248817 352515 103728 214167 152326 131016 148528 3850.05 125253
internal_count=23382 21978 1404 14604 7374 3328 9312 215 4046 1189 1505 5292 94 1471
is_linear=0
shrinkage=0.03


Tree=24
num_leaves=15
num_cat=0
split_feature=4 4 4 4 1 1 4 1 4 18 4 4 12 20
split_gain=416449 109270 60249.1 18449.1 11071.9 9688.08 8003.16 6378.95 5892.18 5748 12221.7 4773.83 4496.37 4212.39
threshold=4537.7400000000007 947.30500000000006 22016.660000000003 258.5750000000001 282.50000000000006 281.50000000000006 2318.3400000000006 313.00000000000006 2242.5000000000005 1.0217391304347829 167.81000000000003 37112.035000000011 1396.5350000000001 0.74787502801791794
decision_type=2 2 2 2 2 2 2 2 2 2 2 2 2 2
left_child=1 3 7 9 6 13 -3 12 -6 10 -1 -4 -2 -5
right_child=2 4 11 5 8 -7 -8 -9 -10 -11 -12 -13 -14 -15
leaf_value=-0.038706136958813413 0.023381435685210443 0.0011974689097599275 0.043532925354332425 -0.013489875961440776 -0.011982686884730044 -0.027337006450241248 0.011495738628455073 0.015912956248683118 0.00061141741362931066 -0.02897308841651116 0.061702660154802899 0.059016358202661982 0.036131114424378163 0.035530426735516867
leaf_weight=2438.0041542053223 71978.340126037598 216843.2871055603 26290.425022125244 298285.75073814392 68895.976234436035 51333.604579925537 98872.771995544434 64313.299150466919 64933.266389846802 143192.53745079041 1941.9951477050781 58674.077793121338 38254.421562194824 1567.5411510467529
leaf_count=99 536 3592 86 7650 1534 1677 1126 596 993 5192 5 84 182 17
internal_value=-0.0001533 -0.00936862 0.0335195 -0.0190364 0.00135786 -0.0152946 0.0044231 0.0234298 -0.00587291 -0.0279377 0.00589102 0.0542367 0.0278117 -0.0132313
internal_weight=1.20782e+06 948305 259511 498759 449545 351187 315716 174546 133829 147573 4380 84964.5 110233 299853
internal_count=23369 21885 1484 14640 7245 9344 4718 1314 2527 5296 104 170 718 7667
is_linear=0
shrinkage=0.03


Tree=25
num_leaves=15
num_cat=0
split_feature=14 4 14 4 4 4 22 4 14 16 13 13 0 4
split_gain=395232 86807.1 80357 13944 13614.7 12308.4 6171.71 4942.71 4629.97 7349.71 4407.11 4347.21 4251.35 4153.04
threshold=1985.2150000000004 22016.660000000003 433.81000000000006 258.5750000000001 6338.4900000000007 1538.9300000000003 0.49074074074074076 1049.7100000000003 142.22000000000006 0.72557886714511322 2897.6800000000007 722.69500000000005 272.50000000000006 37112.035000000011
decision_type=2 2 2 2 2 2 2 2 2 2 2 2 2 2
left_child=2 4 3 8 -2 6 11 12 -1 -10 -6 -4 -5 -3
right_child=1 13 5 7 10 -7 -8 -9 9 -11 -12 -13 -14 -15
leaf_value=-0.032248692863659806 0.012517305256770505 0.04436670679681682 -0.0064640548243632256 -0.017128702969171856 0.019872686714305372 0.0036092476727550551 -0.017041016891146718 -0.0081277003662821416 0.03420402118312655 -0.023292485196391134 0.031870846931304674 0.0041769965723269849 -0.032111261045690759 0.059105715370863621
leaf_weight=88305.094058990479 137277.71796798706 25371.149772644043 177435.39149284363 202885.24976730347 49279.027568817139 192464.769115448 41198.443988800049 52234.064640045166 2063.6049842834473 52167.363145828247 62950.699871063232 42892.81134223938 18624.10630607605 56075.822807312012
leaf_count=3446 1427 76 3738 5788 381 2848 979 1145 25 1742 323 699 682 76
internal_value=-0.000266179 0.0276376 -0.0108781 -0.0203977 0.0188566 -0.00214865 -0.00638601 -0.0164335 -0.0280077 -0.0210928 0.026607 -0.0043923 -0.0183912 0.0545265
internal_weight=1.20123e+06 330954 870271 416279 249507 453991 261527 273743 142536 54231 112230 220328 221509 81447
internal_count=23375 2283 21092 12828 2131 8264 5416 7615 5213 1767 704 4437 6470 152
is_linear=0
shrinkage=0.03


Tree=26
num_leaves=15
num_cat=0
split_feature=4 4 4 4 4 1 16 4 4 1 1 1 1 7
split_gain=389278 103541 64662.4 19472.5 11636 7776.68 7482.96 5845.89 5811.65 5325.01 4938.3 4633.5 3985.95 3557.64
threshold=4537.7400000000007 947.30500000000006 22016.660000000003 438.69500000000011 2201.3050000000007 317.50000000000006 0.99473794967216034 9729.590000000002 37112.035000000011 253.50000000000003 302.50000000000006 281.50000000000006 313.00000000000006 55.083333333333336
decision_type=2 2 2 2 2 2 2 2 2 2 2 2 2 2
left_child=1 3 7 6 5 -3 12 10 -4 13 -2 -5 -1 -6
right_child=2 4 8 11 9 -7 -8 -9 -10 -11 -12 -13 -14 -15
leaf_value=-0.025933407474281672 0.023379544746967511 -0.00017569884928347312 0.040560315651086747 -0.0097227077553583199 0.015465026890150878 -0.013710462698755263 -0.017646955533461975 0.029405208704970213 0.058209245202920049 0.0021975814196062713 0.010589988969523692 -0.021532929514168537 -0.039490160062702999 0.00095339195212121829
leaf_weight=140819.63202667236 62765.551834106445 224925.56524467468 22975.768436431885 179391.50066184998 72464.643215179443 46004.191217422485 108207.36547660828 61143.976881027222 64836.798034667969 91712.103103637695 48002.055576324463 35884.270580291748 22753.3307056427 19243.855812072754
leaf_count=5090 455 3864 79 4225 743 1077 3199 345 90 1352 501 1088 956 268
internal_value=0.000145044 -0.0088257 0.0326589 -0.0184348 0.00147544 -0.00247476 -0.0237735 0.0219564 0.0536018 0.0073099 0.01784 -0.0116932 -0.0278238 0.0124208
internal_weight=1.20113e+06 941406 259724 487056 454350 270930 271780 171912 87812.6 183421 110768 215276 163573 91708.5
internal_count=23332 21862 1470 14558 7304 4941 9245 1301 169 2363 956 5313 6046 1011
is_linear=0
shrinkage=0.03


Tree=27
num_leaves=15
num_cat=0
split_feature=14 4 4 14 14 4 4 4 15 0 5 22 1 17
split_gain=383633 95243.5 71076.2 16111.9 11425.4 7113.72 4946.24 4341.6 4189.35 3972.16 4759.71 3488.07 4118.47 3457.47
threshold=2574.0750000000003 668.55500000000006 22016.660000000003 980.39000000000021 142.22000000000006 7331.005000000001 37112.035000000011 3121.7350000000006 234.19000000000003 240.50000000000003 718.75166666666678 0.59729729729729741 44.500000000000007 2.025641025641026
decision_type=2 2 2 2 2 2 2 2 2 2 2 2 2 2
left_child=1 4 5 9 8 -2 -4 13 -1 10 -3 12 -6 -5
right_child=2 3 6 7 11 -7 -8 -9 -10 -11 -12 -13 -14 -15
leaf_value=-0.0307887240953469 0.015181781613119992 -0.0068484249088039016 0.042110169987076056 0.027975456100227229 -0.0058269789553185951 0.026914695959948085 0.057696660559078274 0.010820455455071128 -0.020260917172060761 -0.021608485467465615 0.0059607783993564211 -0.026393500708124684 -0.017002463263899752 0.0014217045380445178
leaf_weight=95735.426042556763 99693.8415184021 223790.53593826294 26201.121292114258 4490.849250793457 36005.921264648438 87359.262577056885 63463.811309814453 66074.696918487549 53061.20606803894 14278.22633934021 29540.612279891968 27693.875494003296 169608.4376373291 203996.93365859985
leaf_count=3803 902 4748 81 39 922 513 87 756 1725 397 491 892 4899 3135
internal_value=0.000207624 -0.00906986 0.0311941 -0.000985055 -0.0205408 0.0206637 0.0531525 0.00412051 -0.0270377 -0.00622319 -0.00535441 -0.0163953 -0.0150462 0.0019963
internal_weight=1.20099e+06 924277 276718 542172 382105 187053 89664.9 274562 148797 267609 253331 233308 205614 208488
internal_count=23390 21807 1583 9566 12241 1415 168 3930 5528 5636 5239 6713 5821 3174
is_linear=0
shrinkage=0.03


Tree=28
num_leaves=15
num_cat=0
split_feature=14 14 4 4 4 18 15 4 20 22 0 6 18 20
split_gain=345287 84252 69017.2 14429.1 12495.7 11105.1 8298.89 7017.46 6895.22 6391.26 4839.12 4838.7 4252.38 4153.38
threshold=2419.8650000000002 433.81000000000006 22016.660000000003 1682.5450000000003 164.47000000000006 1.0217391304347829 987.5200000000001 7331.005000000001 0.99398728250621604 0.44222222222222224 272.50000000000006 3170.263322026673 125.42857142857144 0.0060676403599019225
decision_type=2 2 2 2 2 2 2 2 2 2 2 2 2 2
left_child=1 4 7 9 -1 -6 8 -2 10 -3 -7 -4 -5 -9
right_child=2 3 11 12 5 6 -8 13 -10 -11 -12 -13 -14 -15
leaf_value=-0.030156011620626762 0.014385491175693512 -0.0030467344173336483 0.046569944500785478 0.0044955517690092022 0.051428186268595258 -0.017655888974084592 -0.0027665470212766045 0.0148420974047501 0.036697962473737938 -0.015238504541923095 -0.031077838951194089 0.061945088001334157 0.029740359569807209 0.029579149244293463
leaf_weight=73002.575428009033 112855.34004592896 236441.04350471497 58232.556922912598 213562.68504714966 2136.0606269836426 270984.35266876221 33646.61944770813 23493.53910446167 2006.6527938842773 46256.167392730713 26571.091564178467 27404.636253356934 6159.8727188110352 65052.994338989258
leaf_count=2916 1038 4681 139 2978 11 8201 665 173 23 1090 1018 28 49 351
internal_value=0.000255781 -0.00878671 0.028946 -0.000560565 -0.0189074 -0.016457 -0.0168953 0.0193502 -0.0184819 -0.00504254 -0.0188564 0.0515034 0.00520593 0.0256733
internal_weight=1.19781e+06 910767 287039 502420 408347 335345 333209 201402 299562 282697 297555 85637.2 219723 88546.5
internal_count=23361 21632 1729 8798 12834 9918 9907 1562 9242 5771 9219 167 3027 524
is_linear=0
shrinkage=0.03


Tree=29
num_leaves=15
num_cat=0
split_feature=4 14 14 4 14 14 0 20 4 19 14 7 0 17
split_gain=334264 92653.3 60965.4 13663.1 10462.8 8198.03 6349.93 5354.96 5004.13 4620.68 4150.88 4002.8 3354.38 3010.71
threshold=4762.170000000001 574.48000000000013 15577.125000000002 438.69500000000011 1354.5250000000003 142.22000000000006 93.500000000000014 0.99398728250621604 8751.4300000000021 210.50000000000003 145.04500000000004 66.062500000000014 313.00000000000006 3.4529914529914536
decision_type=2 2 2 2 2 2 2 2 2 2 2 2 2 2
left_child=1 3 6 5 -3 12 8 10 -2 -4 -7 13 -1 -6
right_child=2 4 9 -5 11 7 -8 -9 -10 -11 -12 -13 -14 -15
leaf_value=-0.025813904834635984 0.016757699709127265 -0.0024607625704506047 0.043116169759052865 -0.011564621494528624 0.028855145935902687 0.016826771779814512 -0.0077783460893279203 0.037211076861649928 0.02736713623006819 0.057730691420572883 -0.018441650496422542 -0.0023162972527614534 -0.041206935738269307 0.007778184605718253
leaf_weight=106668.06517791748 84075.006359100342 266127.12839698792 32235.507606506348 202482.31017494202 6326.5052719116211 3055.0329647064209 6790.4786338806152 1599.7552223205566 76615.994445800781 50751.062698364258 138825.55508995056 37085.548316955566 14532.409265518188 158935.99648284912
leaf_count=4107 709 4928 82 5155 48 55 104 16 428 65 4346 554 666 1950
internal_value=0.000261285 -0.00797881 0.0310408 -0.0174323 0.00144857 -0.0219199 0.0206182 -0.0170629 0.021819 0.0520655 -0.01768 0.00658983 -0.0276661 0.00858844
internal_weight=1.18611e+06 935638 250468 467163 468475 264681 167481 143480 160691 82986.6 141881 202348 121200 165263
internal_count=23213 21825 1388 14345 7480 9190 1241 4417 1137 147 4401 2552 4773 1998
is_linear=0
shrinkage=0.03


Tree=30
num_leaves=15
num_cat=0
split_feature=14 14 14 14 15 14 18 7 13 18 20 15 20 15
split_gain=306328 74539.4 61924.2 11048.4 10906.7 9234.92 8616.21 7381.95 4933.97 4737.38 4626.82 4041.79 3794.01 3418.13
threshold=2419.8650000000002 433.81000000000006 15577.125000000002 970.2600000000001 530.76500000000021 142.22000000000006 1.0217391304347829 27.138888888888893 18179.580000000005 15.529923273657291 0.05281493390592544 480.43000000000006 0.99398728250621604 209.40500000000003
decision_type=2 2 2 2 2 2 2 2 2 2 2 2 2 2
left_child=1 4 7 11 5 12 -7 9 -4 -2 -9 -3 13 -1
right_child=2 3 8 -5 -6 6 -8 10 -10 -11 -12 -13 -14 -15
leaf_value=-0.030264031653218795 0.017774165207433589 -0.0080631179792403241 0.041920724247777499 0.003435803006490845 -0.0078499885740468331 0.050507245198573872 -0.016645597403289029 0.013957924472098803 0.057219253294659114 0.030112649976671971 -0.016719452861308659 0.00056633375383784493 0.023704138081486321 -0.02064041029889066
leaf_weight=88658.507730484009 57011.218448638916 164691.75237083435 35536.526885986328 265478.33061599731 76038.718622207642 1717.1392784118652 182335.65226173401 88514.456848144531 41662.874969482422 55299.408367156982 4641.1617202758789 69439.390949249268 1345.2806930541992 53483.026212692261
leaf_count=3670 434 3710 92 3862 1760 9 5563 784 52 301 59 1219 26 1851
internal_value=3.02858e-05 -0.00849973 0.0272845 -0.000753665 -0.0180885 -0.0204647 -0.0160137 0.0186743 0.0501897 0.0238537 0.0124263 -0.00550394 -0.0261711 -0.0266464
internal_weight=1.18585e+06 903188 282666 499609 403578 327540 184053 205466 77199.4 112311 93155.6 234131 143487 142142
internal_count=23392 21670 1722 8791 12879 11119 5572 1578 144 735 843 4929 5547 5521
is_linear=0
shrinkage=0.03


Tree=31
num_leaves=15
num_cat=0
split_feature=14 14 14 14 15 14 18 13 20 15 13 15 22 6
split_gain=301167 70922 62705.2 11681.4 10125.6 8681.75 8111.44 6997.4 6067.95 5511.81 5441.06 3746.19 3769.17 3628.67
threshold=2419.8650000000002 433.81000000000006 15577.125000000002 1088.7650000000003 690.72500000000014 142.22000000000006 1.0217391304347829 2185.7250000000004 0.99398728250621604 234.19000000000003 18179.580000000005 1153.9650000000004 0.49074074074074076 960.52648468648351
decision_type=2 2 2 2 2 2 2 2 2 2 2 2 2 2
left_child=1 4 7 11 5 9 -7 13 -8 -1 -4 12 -3 -2
right_child=2 3 10 -5 -6 6 8 -9 -10 -11 -12 -13 -14 -15
leaf_value=-0.02945634999541533 0.010083993500969182 -0.0045090720480957351 0.040557574154666508 0.0042641261686869967 -0.0055000669397779079 0.049655664497194198 -0.01640633329727539 0.023298842141365565 0.043325729677148504 -0.017827274132819228 0.056589315600290527 0.0050123155423601523 -0.014500087167981516 0.029817604091940463
leaf_weight=93685.791122436523 81070.857368469238 202546.51090621948 33237.715347290039 226260.80439376831 52948.194892883301 1693.6358108520508 189997.13263320923 114513.322681427 1524.5021629333496 60505.082178115845 45663.655548095703 30209.091506958008 40825.127094268799 9343.2038345336914
leaf_count=3913 785 4215 87 3173 1153 9 5805 726 13 1985 57 436 987 55
internal_value=0.000180898 -0.00831497 0.0271252 -0.00077869 -0.0177235 -0.019586 -0.0153465 0.0183725 -0.0159264 -0.024896 0.0498478 -0.00494928 -0.0061861 0.0121294
internal_weight=1.18402e+06 900196 283829 499842 400354 347406 193215 204927 191522 154191 78901.4 273581 243372 90414.1
internal_count=23399 21689 1710 8811 12878 11725 5827 1566 5818 5898 144 5638 5202 840
is_linear=0
shrinkage=0.03


Tree=32
num_leaves=15
num_cat=0
split_feature=14 4 4 4 14 18 14 7 20 16 6 18 11 7
split_gain=256210 72631.9 51191.9 12235.9 9370.72 7570.5 6498.15 4191.49 3823.59 3756.11 3689.2 3655.85 4325.89 2883.2
threshold=1670.9400000000003 22016.660000000003 668.55500000000006 5027.4100000000008 142.22000000000006 1.0217391304347829 713.21500000000015 10.020000000000001 0.99398728250621604 -0.9951286047861837 1071.7076944637413 18.631174089068832 9.5000000000000018 56.900000000000006
decision_type=2 2 2 2 2 2 2 2 2 2 2 2 2 2
left_child=2 3 4 10 8 -6 -4 -3 9 -1 -2 -5 -13 -8
right_child=1 7 6 11 5 -7 13 -9 -10 -11 -12 12 -14 -15
leaf_value=-0.018378240316774774 0.0068330840030016637 0.052908994241554798 -0.0075459864910442436 0.015266313068332362 0.048713070233101619 -0.014863165936642823 0.0027144334323220003 0.038218236690149128 0.027932834778646838 -0.028516616727160594 0.031821431261483062 0.019212616595370918 0.034824313260087759 -0.003726045948950187
leaf_weight=53136.160831451416 148981.07961273193 43382.450653076172 163767.89089012146 74954.662952423096 1679.2782363891602 228116.3592414856 153412.80575561523 29821.681549072266 1238.740348815918 87056.830366134644 5496.2458992004395 44611.738319396973 24981.244682312012 105601.77579116821
leaf_count=1827 1762 68 3756 581 9 6753 2432 87 22 3669 34 304 108 1897
internal_value=-0.000379569 0.0201566 -0.0100071 0.013598 -0.018136 -0.0143944 -0.00286897 0.0469364 -0.0242125 -0.0246771 0.00772616 0.0198712 0.024825 8.8527e-05
internal_weight=1.16624e+06 372229 794010 299025 371227 229796 422782 73204.1 141432 140193 154477 144548 69593 259015
internal_count=23309 2944 20365 2789 12280 6762 8085 155 5518 5496 1796 993 412 4329
is_linear=0
shrinkage=0.03


Tree=33
num_leaves=15
num_cat=0
split_feature=14 4 4 14 14 14 13 6 7 17 7 20 15 1
split_gain=272911 71934.6 57973.1 10374.7 8711.72 8698.38 6139.89 5396.85 4000.32 6176.73 3649.78 3364.45 3256.18 4031.93
threshold=1985.2150000000004 22016.660000000003 668.55500000000006 142.22000000000006 932.99500000000012 4153.0200000000013 18179.580000000005 1071.7076944637413 58.937500000000007 2.025641025641026 315.50000000000006 0.99398728250621604 1446.5050000000003 282.50000000000006
decision_type=2 2 2 2 2 2 2 2 2 2 2 2 2 2
left_child=2 5 3 10 12 7 -3 -2 9 -6 -1 -5 13 -4
right_child=1 6 4 11 8 -7 -8 -9 -10 -11 -12 -13 -14 -15
leaf_value=-0.022437061905206966 0.0090888705920282153 0.03871444487385587 -0.0038955239151272224 -0.013967228027515325 0.046489394202840893 0.02180916432623916 0.054741137817358392 0.034013901183404104 -0.0033862014276774513 0.0042753533120276563 -0.038686196778557724 0.031490822204048433 0.0036396640298623434 -0.012394421345983689
leaf_weight=125876.66146469116 141527.46391677856 43267.074157714844 140572.98226547241 227482.4673614502 3164.4250335693359 102583.94469070435 43428.687835693359 8259.3149185180664 72531.974950790405 153738.90976715088 13838.957347869873 1456.6607646942139 29768.357234954834 78182.23620223999
leaf_count=4869 1469 123 2935 6718 16 624 56 44 1228 2242 662 16 488 1944
internal_value=0.000437983 0.0231802 -0.00867054 -0.017609 -0.0017758 0.0150791 0.0467535 0.0104676 0.00243943 0.00513254 -0.0240519 -0.0136753 -0.00566716 -0.00693385
internal_weight=1.18568e+06 339066 846614 368655 477959 252371 86695.8 149787 229435 156903 139716 228939 248524 218755
internal_count=23434 2316 21118 12265 8853 2137 179 1513 3486 2258 5531 6734 5367 4879
is_linear=0
shrinkage=0.03


Tree=34
num_leaves=15
num_cat=0
split_feature=14 14 14 4 4 7 6 0 19 4 20 10 17 4
split_gain=253212 64177 54567.9 11567.3 9512.3 7496.85 6748.44 6700.11 5336.87 4689.47 4396.07 3755.04 3629.97 3962.35
threshold=2574.0750000000003 433.81000000000006 15577.125000000002 1538.9300000000003 164.47000000000006 54.083333333333336 1071.7076944637413 276.50000000000006 210.50000000000003 4537.7400000000007 0.99398728250621604 8.5000000000000018 2.025641025641026 3039.5200000000004
decision_type=2 2 2 2 2 2 2 2 2 2 2 2 2 2
left_child=1 4 5 -3 -1 6 11 9 -4 10 -6 -2 -5 -14
right_child=2 3 8 12 7 -7 -8 -9 -10 -11 -12 -13 13 -15
leaf_value=-0.026489732142369368 0.014775571257698749 -0.00478516650364871 0.036820231949352328 0.026672559492481172 -0.013682486908534746 0.0001069942049809099 0.034385834965712812 -0.029169262933526834 0.053174117764046687 0.021024972835507839 0.032657156026736925 0.027231120576809712 0.0010884768961263184 0.0091965239539776658
leaf_weight=68967.315629959106 124187.62119674683 254271.86499595642 28961.396667480469 6317.8046760559082 295197.34901809692 20509.889862060547 23094.137382507324 24917.814743041992 48363.43684387207 3588.8093452453613 1835.7404556274414 26451.249504089355 169689.60441207886 79719.002103805542
leaf_count=2924 979 5321 78 54 8897 226 101 1007 67 43 21 139 2570 933
internal_value=0.000344773 -0.00728276 0.0257483 -0.000254377 -0.0163682 0.0172605 0.0192853 -0.0142224 0.04706 -0.0129817 -0.0133939 0.016966 0.00425066 0.0036806
internal_weight=1.17607e+06 904505 271568 509998 394507 194243 173733 325540 77324.8 300622 297033 150639 255726 249409
internal_count=23360 21770 1590 8878 12892 1445 1219 9968 145 8961 8918 1118 3557 3503
is_linear=0
shrinkage=0.03


Tree=35
num_leaves=15
num_cat=0
split_feature=14 14 14 4 4 4 7 14 18 5 7 15 7 7
split_gain=224076 61765.2 50773.4 9334.72 9097.62 6182.64 4616.46 3932.62 7673.71 3613.85 3574.11 3320.77 3260.43 2589.42
threshold=2574.0750000000003 433.81000000000006 15577.125000000002 258.5750000000001 1538.9300000000003 8005.8150000000014 262.50000000000006 91.25500000000001 1.0217391304347829 1629.3950000000002 54.083333333333336 1372.0700000000004 63.100000000000009 57.071428571428577
decision_type=2 2 2 2 2 2 2 2 2 2 2 2 2 2
left_child=1 3 5 7 12 10 11 -1 -9 -4 -2 -5 -3 -6
right_child=2 4 9 6 13 -7 -8 8 -10 -11 -12 -13 -14 -15
leaf_value=-0.028835074834164361 0.013474789166109044 -0.0014967498619941706 0.038627859991443109 -0.012871019478733524 0.0056774067045312609 0.022216390276572046 -0.027871583025769944 0.043643838014997313 -0.019798455451989109 0.052092538832140614 -0.002350395090066485 0.00076050297947476749 -0.0083081684796351626 -0.00073025111133428989
leaf_weight=55778.397214889526 93430.942962646484 146434.55523300171 35706.370697021484 223726.56535339355 170702.06047439575 82178.654006958008 17442.200956344604 1737.9718551635742 74704.743167877197 36947.233642578125 14884.7705078125 17327.353652954102 111328.85215950012 85024.946744918823
leaf_count=2492 789 2889 87 6580 2249 470 695 16 2795 53 177 321 2497 1340
internal_value=-0.000210783 -0.00730145 0.0241523 -0.0162898 -0.000461834 0.0160112 -0.0129715 -0.022774 -0.018345 0.0454876 0.0113001 -0.0118912 -0.00443904 0.00354708
internal_weight=1.16736e+06 904208 263148 390717 513490 190494 258496 132221 76442.7 72653.6 108316 241054 257763 255727
internal_count=23450 21874 1576 12899 8975 1436 7596 5303 2811 140 966 6901 5386 3589
is_linear=0
shrinkage=0.03


Tree=36
num_leaves=15
num_cat=0
split_feature=4 4 4 14 14 18 6 10 19 19 7 6 7 7
split_gain=210650 53028.4 50924.2 9377.74 9185.03 8513.71 7838.14 6672.6 4859.43 4680.12 3639.06 4814.6 3140.11 2699.88
threshold=3312.5550000000007 22016.660000000003 660.79500000000007 719.95000000000016 142.22000000000006 1.0217391304347829 1071.7076944637413 4.5000000000000009 210.50000000000003 37.500000000000007 63.100000000000009 409.47869293437111 284.50000000000006 106.10000000000001
decision_type=2 2 2 2 2 2 2 2 2 2 2 2 2 2
left_child=2 7 4 -4 12 -6 10 -2 -3 -9 11 -5 -1 -7
right_child=1 8 3 6 5 13 -8 9 -10 -11 -12 -13 -14 -15
leaf_value=-0.021217187031992265 0.0098477131609803203 0.033017829517408642 -0.0078954266666248149 0.0035235194535825874 0.047298080619507757 -0.011609147829555638 0.039902386225746114 0.038725179090961702 0.048981819997575199 0.017602326655465499 -0.0044322234141425708 -0.017898637549967605 -0.034142163432572245 -0.01890827488348024
leaf_weight=114602.44323348999 154200.43933105469 28248.641792297363 160799.07694816589 209168.8414440155 2055.3117027282715 154708.37253379822 4570.5698204040527 10702.932037353516 44597.991271972656 80198.083652496338 96606.262645721436 9868.9353675842285 19914.528728485107 64794.4626121521
leaf_count=4545 1536 86 3817 3145 11 4527 23 44 74 551 1740 179 955 2113
internal_value=-0.000455498 0.0203317 -0.00835131 -0.00198478 -0.0169511 -0.0131946 0.000983616 0.0136503 0.042802 0.0200974 0.000417575 0.00255678 -0.0231355 -0.0137653
internal_weight=1.15504e+06 317948 837089 481014 356075 221558 320215 245101 72846.6 90901 315644 219038 134517 219503
internal_count=23346 2291 21055 8904 12151 6651 5087 2131 160 595 5064 3324 5500 6640
is_linear=0
shrinkage=0.03


Tree=37
num_leaves=15
num_cat=0
split_feature=4 4 4 1 4 1 4 4 4 18 0 1 1 6
split_gain=211298 71529.9 36631.1 8613.85 7936.15 7678.07 6317 5716.5 5029.25 8871.13 4515.19 4264.3 4220.08 3711.59
threshold=2448.5600000000004 22016.660000000003 438.69500000000011 311.50000000000006 7331.005000000001 282.50000000000006 947.30500000000006 37112.035000000011 164.47000000000006 1.0217391304347829 47.500000000000007 321.50000000000006 282.50000000000006 1858.9514663343257
decision_type=2 2 2 2 2 2 2 2 2 2 2 2 2 2
left_child=2 4 5 6 12 8 -4 -3 -1 -10 11 -6 -2 -9
right_child=1 7 3 -5 10 -7 -8 13 9 -11 -12 -13 -14 -15
leaf_value=-0.024107551900022606 0.011629438582548205 0.030756005962198366 -0.0069747050601215686 -0.01373495156451696 0.025993943886174743 -0.03302444045482196 0.00034769776684029466 0.039274122828509901 0.04943570132426179 -0.014663342289294749 -0.00048571135109283552 0.011886608015148101 0.0033131206097308176 0.054705039009178058
leaf_weight=59075.764810562134 134156.39056968689 26153.483156204224 188224.76881027222 77129.205949783325 53280.095069885254 28929.54278755188 242791.7885017395 25969.17537689209 1947.6599349975586 162653.9695186615 9958.3090133666992 30304.277141571045 93001.614170074463 31381.558284759521
leaf_count=2537 1329 89 4591 2042 269 1372 4106 57 9 5404 112 227 1219 37
internal_value=0.000168463 0.0176961 -0.00914456 -0.0045028 0.0112549 -0.0184809 -0.00285017 0.042425 -0.0165971 -0.013899 0.0186088 0.0208833 0.00822521 0.0477338
internal_weight=1.16496e+06 404205 760753 508146 320701 252607 431017 83504.2 223677 164602 93542.7 83584.4 227158 57350.7
internal_count=23400 3339 20061 10739 3156 9322 8697 183 7950 5413 608 496 2548 94
is_linear=0
shrinkage=0.03


Tree=38
num_leaves=15
num_cat=0
split_feature=14 4 4 14 14 13 7 6 20 16 19 0 7 14
split_gain=201350 49586.3 46932.1 9080.33 8560.9 5729.4 5012.2 5466.42 4224.51 4021.47 4546.04 3674.91 3155.76 3154.35
threshold=2419.8650000000002 660.79500000000007 22016.660000000003 980.39000000000021 142.22000000000006 18179.580000000005 55.083333333333336 1071.7076944637413 0.99398728250621604 -0.99607750821609231 8.5000000000000018 279.50000000000006 67.100000000000009 4153.0200000000013
decision_type=2 2 2 2 2 2 2 2 2 2 2 2 2 2
left_child=1 4 6 11 9 -4 7 13 -6 10 -1 -3 -5 -2
right_child=2 3 5 12 8 -7 -8 -9 -10 -11 -12 -13 -14 -15
leaf_value=0.011877457970251382 0.0099149409569675197 -0.0044821376332411294 0.033650667236017145 0.004573908479024464 -0.012356832518151043 0.049636165235412859 0.00073847971271333215 0.030397155886396705 0.040943496232807623 -0.025200424474300133 -0.017738811158494308 -0.027347465382815479 -0.0033204925004899329 0.018400017826075029
leaf_weight=5351.7977676391602 79945.526725769043 259164.71252441406 41967.331474304199 204949.82311058044 222061.01037025452 39330.381896972656 21648.890060424805 21008.492202758789 1327.462869644165 90838.173425674438 35666.756952285767 6465.3707714080811 58587.069408416748 77984.975807189941
leaf_count=130 738 5530 120 2835 6703 55 238 96 11 4046 1280 219 970 480
internal_value=9.03335e-05 -0.00694694 0.0221686 -0.00112654 -0.0156164 0.0413945 0.0143731 0.0160224 -0.0120365 -0.0216786 -0.0138708 -0.00504069 0.00281878 0.0141066
internal_weight=1.1663e+06 884412 281886 529167 355245 81297.7 200588 178939 223388 131857 41018.6 265630 263537 157931
internal_count=23451 21724 1727 9554 12170 175 1552 1314 6714 5456 1410 5749 3805 1218
is_linear=0
shrinkage=0.03


Tree=39
num_leaves=15
num_cat=0
split_feature=13 13 13 3 7 13 19 7 18 7 18 19 7 18
split_gain=194994 54115.4 27213.4 11662.5 9493.37 7950.97 5492.46 5241.77 5032.16 3761.26 3093.37 2430.89 3402.32 2430.22
threshold=2185.7250000000004 310.77500000000009 18179.580000000005 3.5000000000000004 248.50000000000003 5398.0600000000004 62.500000000000007 67.100000000000009 125.42857142857144 34.031250000000007 17.644957983193283 62.500000000000007 68.062500000000014 4.4369448340345965
decision_type=2 2 2 2 2 2 2 2 2 2 2 2 2 2
left_child=1 4 5 11 6 9 -1 8 10 -2 -5 -3 -13 -8
right_child=2 3 -4 7 -6 -7 13 -9 -10 -11 -12 12 -14 -15
leaf_value=-0.013224320198430374 0.0200879773705335 -0.0064675381043104501 0.04922245980841649 0.0046738758271025801 -0.027358475899061405 0.030197416077910256 -0.011695344404795742 -0.00451129998785205 0.041681835122580266 0.006701325685904062 0.012850285525395726 0.0075046163865266835 -0.0064006076741640154 -0.0013936841226173848
leaf_weight=333989.3247127533 65446.878074645996 132239.80527114868 41370.775024414062 203505.30239295959 36617.566526412964 60987.44841003418 31344.665088653564 42529.232044219971 3660.4752979278564 26589.214946746826 52355.502696990967 32245.872449874878 31082.070037841797 60123.43271446228
leaf_count=10541 406 3020 57 2692 1625 212 854 775 18 238 547 508 600 1134
internal_value=0.000239515 -0.00531056 0.027637 0.00155419 -0.0127031 0.0217956 -0.0114405 0.0052496 0.0068494 0.0162229 0.00634785 -0.00415325 0.000679909 -0.00492568
internal_weight=1.15409e+06 959693 194394 497618 462075 153024 425457 302051 259521 92036.1 255861 195568 63327.9 91468.1
internal_count=23227 22314 913 8160 14154 856 12529 4032 3257 644 3239 4128 1108 1988
is_linear=0
shrinkage=0.03


Tree=40
num_leaves=15
num_cat=0
split_feature=4 4 4 4 4 12 1 1 1 20 18 4 0 1
split_gain=180220 48489.9 40252.4 9437.98 8198.02 7536.59 5696.26 4893.29 4312.29 4272.04 3862.89 8237.35 3834.87 3400.96
threshold=4537.7400000000007 755.5200000000001 37112.035000000011 258.5750000000001 1682.5450000000003 1857.6450000000002 291.50000000000006 311.50000000000006 251.50000000000003 0.011400814429700963 1.0217391304347829 167.81000000000003 69.500000000000014 313.00000000000006
decision_type=2 2 2 2 2 2 2 2 2 2 2 2 2 2
left_child=1 3 5 10 6 12 -3 -5 -6 -4 11 -1 -2 -12
right_child=2 4 9 7 8 -7 -8 -9 -10 -11 13 -13 -14 -15
leaf_value=-0.03391993743475763 0.01450360438599258 -0.0018107963317145173 0.054488506931530865 -0.0096852487635087341 0.007066483440300364 0.026484664463614183 -0.013102205461881237 -0.024024768307282847 -0.00060116464070833812 0.037179999266218379 -0.020373300220114986 0.054752066461103976 -0.0020521605179742793 -0.038827424275061785
leaf_weight=1926.8835544586182 139468.62965774536 197981.70806312561 26116.680236816406 238983.54532432556 141114.6210975647 49416.69743347168 50441.146530151367 23520.101921081543 124014.43202781677 25744.251876831055 113678.50129318237 1809.1453094482422 13836.429677963257 9772.3720149993896
leaf_count=97 1041 3792 28 6866 1705 209 1339 950 1968 55 4677 6 169 535
internal_value=3.99261e-05 -0.00624381 0.022333 -0.014223 -0.000188742 0.0162964 -0.00410434 -0.0109718 0.00348016 0.045914 -0.0209306 0.00908175 0.0130093 -0.0218402
internal_weight=1.15783e+06 903242 254583 389691 513552 202722 248423 262504 265129 51860.9 127187 3736.03 153305 123451
internal_count=23437 21935 1502 13131 8804 1419 5131 7816 3673 83 5315 103 1210 5212
is_linear=0
shrinkage=0.03


Tree=41
num_leaves=15
num_cat=0
split_feature=14 4 14 7 4 4 6 22 10 5 13 14 18 7
split_gain=171501 46707.9 42714.5 9217.67 9174.58 6594.59 6363.48 4909.67 4116.79 4076.74 3794.62 3544.49 6331.91 3131.39
threshold=2419.8650000000002 37112.035000000011 427.17500000000007 22.809090909090912 258.5750000000001 1538.9300000000003 865.7223658265433 0.49074074074074076 8.5000000000000018 2250.4095454545454 756.77500000000009 91.25500000000001 1.0217391304347829 262.50000000000006
decision_type=2 2 2 2 2 2 2 2 2 2 2 2 2 2
left_child=2 3 4 6 11 7 8 10 -2 -3 -4 -1 -13 -6
right_child=1 9 5 -5 13 -7 -8 -9 -10 -11 -12 12 -14 -15
leaf_value=-0.026842592088071091 0.012038013361048018 0.0372484775306961 -0.0041455031845048949 0.0086674913917663011 -0.009942485264820838 0.0028391766054031093 0.036308975678859143 -0.013463152475259596 0.025400977009082566 0.053573836988113667 0.0062178182752779367 0.040416926609498492 -0.017908165998170161 -0.023288531005749891
leaf_weight=51406.390523910522 52820.186058044434 29577.274284362793 171962.0622215271 121283.06594467163 235171.57946586609 241148.76928901672 19386.650581359863 41966.520395278931 34235.316421508789 26253.372299194336 38993.603235244751 1697.48046875 70779.398281097412 16958.891319274902
leaf_count=2456 397 62 3714 1043 6853 3415 59 1035 159 28 622 17 2763 698
internal_value=9.41717e-05 0.0203552 -0.00650912 0.0143241 -0.0141282 -0.000710239 0.0207665 -0.00409439 0.0172977 0.0449416 -0.00222951 -0.0208137 -0.0165314 -0.0108419
internal_weight=1.15364e+06 283556 870085 227725 376014 494071 106442 252922 87055.5 55830.6 210956 123883 72476.9 252130
internal_count=23321 1748 21573 1658 12787 8786 615 5371 556 90 4336 5236 2780 7551
is_linear=0
shrinkage=0.03


Tree=42
num_leaves=15
num_cat=0
split_feature=13 13 13 8 0 22 3 6 0 18 16 3 1 3
split_gain=161418 40897.7 26940.5 15348.5 7516.83 5862.17 5509.16 5207.99 5159.77 4937.97 4421.33 3387.86 3121.4 2902.07
threshold=2044.1000000000001 596.21000000000015 11278.895000000002 0.0899375737505234 281.50000000000006 0.62019230769230782 3.5000000000000004 3170.263322026673 188.50000000000003 21.226539589442819 0.99960940627443606 4.5000000000000009 291.50000000000006 3.5000000000000004
decision_type=2 2 2 2 2 2 2 2 2 2 2 2 2 2
left_child=1 3 6 4 -1 13 -2 -4 10 -8 11 12 -5 -3
right_child=2 5 7 8 -6 -7 9 -9 -10 -11 -12 -13 -14 -15
leaf_value=-0.01355634827308976 -0.0018613969307580325 7.2590256462122543e-05 0.03328442987513313 -0.0051935552149700191 -0.03299357864549482 -0.011998633641246446 0.013748452162762307 0.051199019019926469 -0.015295969246705177 0.025333220493728503 0.028297468017313806 4.1394966477869568e-05 -0.015225126205193376 0.0067334111615430714
leaf_weight=247961.86443710327 12452.737655639648 81904.398447036743 33616.888740539551 194008.33085632324 19293.81200504303 19807.779130935669 73223.272369384766 26123.642211914062 43050.705522537231 60599.755207061768 3693.891658782959 97855.488826751709 32599.481809616089 209312.66135597229
leaf_count=8306 132 1406 78 4691 997 402 494 33 1375 287 24 1734 944 2508
internal_value=8.84272e-05 -0.00513465 0.0241587 -0.00948021 -0.0149619 0.00378583 0.0172217 0.0411327 -0.00553298 0.0189974 -0.00425132 -0.0046236 -0.0066379 0.0048602
internal_weight=1.1555e+06 949488 206016 638464 267256 311025 146276 59740.5 371208 133823 328157 324463 226608 291217
internal_count=23411 22387 1024 18071 9303 4316 913 111 8768 781 7393 7369 5635 3914
is_linear=0
shrinkage=0.03


Tree=43
num_leaves=15
num_cat=0
split_feature=14 14 14 0 14 5 19 7 15 22 20 20 22 5
split_gain=139113 45669.2 33505.4 7864.5 6727.68 6008.17 5014.57 4348.85 3033.87 2864.33 2785.66 2775.39 2638.45 2666.09
threshold=2758.3800000000006 433.81000000000006 15577.125000000002 281.50000000000006 980.39000000000021 167.79190476190479 210.50000000000003 54.083333333333336 987.5200000000001 0.65686274509803932 0.99398728250621604 0.0055754368450029014 0.12451550387596901 754.32650000000012
decision_type=2 2 2 2 2 2 2 2 2 2 2 2 2 2
left_child=1 3 7 5 -3 -1 -4 11 10 -6 -7 -2 -10 -14
right_child=2 4 6 -5 9 8 -8 -9 12 -11 -12 -13 13 -15
leaf_value=-0.018145294915754638 0.0086449895832443318 -0.0037344443299207998 0.027974313441881761 -0.028955018236274783 0.0037449915664132969 -0.01131389746407686 0.044793906616431622 -0.0020044920677970142 -0.017066555879813931 -0.011142783618516531 0.028476070479028552 0.017244276217822055 -0.002120741918576812 0.020765700573763434
leaf_weight=111694.43177318573 49066.85961151123 231724.30047798157 26743.753730773926 27954.871275901794 277814.74322891235 203345.76357078552 40108.929473876953 15645.678035736084 6934.9827289581299 12119.806764602661 1577.5012989044189 108885.94998550415 17190.392795562744 6223.764217376709
leaf_count=4438 390 4965 73 1334 3832 6481 61 167 173 217 19 705 363 83
internal_value=-0.00022958 -0.00566387 0.0200323 -0.0136502 7.62564e-05 -0.0124155 0.0380758 0.0130802 -0.00969393 0.00312193 -0.0110048 0.0145744 -0.000840994 0.00397528
internal_weight=1.13703e+06 896581 240451 374922 521659 346967 66852.7 173598 235272 289935 204923 157953 30349.1 23414.2
internal_count=23301 21905 1396 12891 9014 11557 134 1262 7119 4049 6500 1095 619 446
is_linear=0
shrinkage=0.03


Tree=44
num_leaves=15
num_cat=0
split_feature=13 13 13 15 0 15 22 19 18 7 17 15 17 22
split_gain=138345 35986.5 21760.2 13686.1 12919.8 6022.04 5574.75 4480.52 4684.79 4201.56 3819.88 3138.77 3062.95 3466.03
threshold=2044.1000000000001 571.16500000000008 11278.895000000002 460.74500000000006 188.50000000000003 1708.1600000000003 0.39827586206896559 6.5000000000000009 1.0217391304347829 25.806250000000002 4.7573529411764719 110.36500000000002 2.025641025641026 0.097619047619047633
decision_type=2 2 2 2 2 2 2 2 2 2 2 2 2 2
left_child=1 3 9 4 7 6 -3 -1 -9 10 -2 -6 -5 -14
right_child=2 5 -4 12 11 -7 -8 8 -10 -11 -12 -13 13 -15
leaf_value=-0.019728972247022844 0.03646035513262965 0.0034564191122831334 0.038837778596021319 0.021985954910990455 -0.034149494400398071 0.011655904894729249 -0.0079739778116175129 0.041871435625193472 -0.008730246886118986 0.010056274985274062 0.018207017177894639 -0.019754153846195489 -0.0092043224838388275 0.00012639379795106927
leaf_weight=35207.088052749634 11902.706287384033 210162.91676902771 54952.488906860352 4669.845178604126 18549.589441299438 63925.56148147583 46966.187828063965 1635.343921661377 335550.72838401794 54306.299949645996 78090.415828704834 52012.25744342804 50475.734008789062 123363.44157028198
leaf_count=1389 37 3037 106 68 987 598 885 17 9514 428 435 2210 1148 2393
internal_value=6.30444e-05 -0.00473849 0.0227739 -0.00895175 -0.0117779 0.00341714 0.00136813 -0.00954665 -0.00848236 0.0166518 0.0206288 -0.0235471 -0.00193847 -0.00258361
internal_weight=1.14177e+06 942519 199252 621464 442955 321055 257129 372393 337186 144299 89993.1 70561.8 178509 173839
internal_count=23252 22246 1006 17726 14117 4520 3922 10920 9531 900 472 3197 3609 3541
is_linear=0
shrinkage=0.03


Tree=45
num_leaves=15
num_cat=0
split_feature=14 14 14 13 7 20 5 7 22 7 6 5 7 7
split_gain=131175 37391.5 32773.6 7415.92 7210.1 6116.91 5827.55 5122.13 4553.33 4135.16 4135.46 3882.87 4230.18 3967.17
threshold=2419.8650000000002 427.17500000000007 11261.375000000002 18179.580000000005 280.50000000000006 0.99398728250621604 83.57350000000001 67.100000000000009 0.76388888888888895 21.710084033613452 663.7580142485009 285.86375000000004 118.12500000000001 116.41666666666667
decision_type=2 2 2 2 2 2 2 2 2 2 2 2 2 2
left_child=1 4 9 -4 5 6 -1 8 -3 10 -2 12 13 -8
right_child=2 7 3 -5 -6 -7 11 -9 -10 -11 -12 -13 -14 -15
leaf_value=-0.027984684179121054 0.013997506303949456 0.0025146395236739093 0.025621197929412823 0.043441706494632103 -0.029236096481645463 0.034473796904166548 -0.01142299296849659 -0.0047229177144998431 -0.014508316288820728 0.0077273974097129793 0.035112775815213042 -0.0070897855309122893 -0.019948469827396075 0.025970994979219404
leaf_weight=19714.775060653687 61564.656787872314 325249.07427978516 47605.551792144775 37824.212066650391 22759.848898887634 2532.4219951629639 129100.02609062195 160823.8680973053 14764.716424942017 119006.51218795776 9653.8905792236328 126898.56674385071 66977.029027938843 2586.6163539886475
leaf_count=959 421 5245 157 55 1160 31 4355 3287 357 1034 36 3555 2737 46
internal_value=4.85297e-05 -0.00565744 0.0180855 0.0335196 -0.0128817 -0.0118099 -0.0121514 -0.000311903 0.00177463 0.0111513 0.0168688 -0.0111909 -0.0138095 -0.0106847
internal_weight=1.14706e+06 871407 275655 85429.8 370569 347809 345277 500838 340014 190225 71218.5 325562 198664 131687
internal_count=23435 21732 1703 212 12843 11683 11652 8889 5602 1491 457 10693 7138 4401
is_linear=0
shrinkage=0.03


Tree=46
num_leaves=15
num_cat=0
split_feature=14 14 14 6 14 14 6 0 3 6 22 20 3 19
split_gain=124155 42158.3 27794.4 6653.54 6526.57 5200.01 4892.7 4843.82 3984.97 3311.75 3244.07 2981.99 2793.59 2515.93
threshold=1618.0100000000002 15577.125000000002 261.27500000000003 3170.263322026673 713.21500000000015 3761.2500000000005 1071.7076944637413 313.00000000000006 3.5000000000000004 360.3254102164089 0.95833333333333337 0.99398728250621604 3.5000000000000004 38.500000000000007
decision_type=2 2 2 2 2 2 2 2 2 2 2 2 2 2
left_child=2 5 7 -3 10 6 12 9 -7 11 -4 -1 -2 -10
right_child=1 3 4 -5 -6 8 -8 -9 13 -11 -12 -13 -14 -15
leaf_value=-0.015273067498885027 -0.0029404893963085902 0.028205727840663736 -0.0055801635026221912 0.047795278547030723 0.00027685592954012711 -0.0056152392837771513 0.028277092316614901 -0.030548036364356726 0.0270879425214113 0.0037179277608076766 -0.019024283423149452 0.024900360755915583 0.0067566050222639196 0.013737439702597842
leaf_weight=216902.32969474792 32449.381633758545 44867.382659912109 245089.91924858093 24050.444976806641 254365.09757423401 8706.0519981384277 8519.9165229797363 17657.124588012695 14543.253337860107 8877.8534908294678 17278.512046813965 1658.5851974487305 151615.37664794922 101157.8023223877
leaf_count=8201 462 111 6267 31 4290 82 50 914 68 170 562 30 1645 637
internal_value=-7.15412e-05 0.0137914 -0.00709406 0.0350538 -0.00314738 0.00916673 0.00607747 -0.0154139 0.0139472 -0.0142364 -0.00646692 -0.014966 0.00504694 0.0154199
internal_weight=1.14774e+06 385910 761829 68917.8 516734 316992 192585 245096 124407 227439 262368 218561 184065 115701
internal_count=23520 3086 20434 142 11119 2944 2157 9315 787 8401 6829 8231 2107 705
is_linear=0
shrinkage=0.03


Tree=47
num_leaves=15
num_cat=0
split_feature=12 3 2 5 5 21 5 0 16 18 8 3 5 22
split_gain=108508 39574.6 14532.8 13679.1 9262.04 7131.44 6957.58 5240.42 4808.13 4525.22 4267.09 3263.99 3900.28 3080.92
threshold=1396.5350000000001 3.5000000000000004 30.500000000000004 167.79190476190479 364.79500000000007 1.0000000180025095e-35 1629.3950000000002 247.50000000000003 0.99960940627443606 17.644957983193283 5.2984375000000012 3.5000000000000004 1629.3950000000002 0.38278388278388281
decision_type=2 2 2 2 2 2 2 2 2 2 2 2 2 2
left_child=1 3 11 -1 10 8 -4 -7 -5 -6 -3 -2 13 -13
right_child=2 4 6 5 9 7 -8 -9 -10 -11 -12 12 -14 -15
leaf_value=-0.017958600367083761 0.00026043558189520812 -7.9106743947965634e-05 0.028878327762225216 0.00073314060398253257 0.0047395875512837695 -0.0066340535565727696 0.049980866056807849 -0.020435048909817614 0.028695038638965848 0.013748150128237319 -0.027707434479125791 0.018176515786386134 0.031073033686721027 -0.0025131120830560309
leaf_weight=108973.73704528809 9444.5664825439453 227048.86438179016 37681.46459197998 51259.75769329071 143459.2605304718 372657.74589538574 22560.52294921875 26511.372972488403 6184.6630592346191 77196.147899627686 5125.1347045898438 34412.962333679199 17667.661460876465 7973.0686645507812
leaf_count=4608 107 3916 103 1106 1687 9559 24 1139 40 662 156 189 48 67
internal_value=0.000174213 -0.0031177 0.0260111 -0.00840914 0.00349143 -0.00612941 0.0367952 -0.00755164 0.00375255 0.00789219 -0.000691323 0.0166555 0.0192329 0.0142853
internal_weight=1.14816e+06 1.01842e+06 129740 565587 452829 456614 60242 399169 57444.4 220655 232174 69498.3 60053.7 42386
internal_count=23411 22873 538 16452 6421 11844 127 10698 1146 2349 4072 411 304 256
is_linear=0
shrinkage=0.03


Tree=48
num_leaves=15
num_cat=0
split_feature=14 14 14 5 14 7 18 14 5 7 0 7 18 22
split_gain=105173 34391.1 19069.4 6019.15 5423.84 5309.62 5559.15 4234.41 3661.95 3538.2 2643.78 2625.15 3310.92 2541.49
threshold=1354.5250000000003 11261.375000000002 257.05000000000007 181.70833333333337 26196.875000000004 57.071428571428577 18.00955794504182 713.21500000000015 732.49600000000009 52.062500000000007 400.50000000000006 127.12500000000001 1.0217391304347829 0.73611111111111127
decision_type=2 2 2 2 2 2 2 2 2 2 2 2 2 2
left_child=2 5 3 11 -3 6 -2 8 13 -8 -5 12 -1 -4
right_child=1 4 7 10 -6 -7 9 -9 -10 -11 -12 -13 -14 -15
leaf_value=0.018798784012477653 0.0061474898960537476 0.021219838057103573 -0.0058839191546932786 -0.0091158676364428912 0.036692702873163514 -0.00056249833422139625 0.013226330332550851 -0.00044602123943762175 0.020518458000011282 0.034279913416765687 -0.033926218788115622 -0.025084326898813257 -0.016879702222006961 -0.017527925149440904
leaf_weight=2416.7477798461914 193851.98169708252 40776.66926574707 239495.53754425049 129351.05153083801 41023.034957885742 62049.835166931152 90870.351608276367 200793.37815475464 4506.2290306091309 7792.4773597717285 3967.8815212249756 43550.889231681824 62025.945993423462 18136.44478225708
leaf_count=57 2011 146 6225 4218 70 841 720 3514 56 47 216 2150 2568 586
internal_value=-0.000118147 0.0114545 -0.0072889 -0.0141261 0.0289866 0.0074083 0.00909903 -0.00372443 -0.00623541 0.0148958 -0.00985926 -0.0193907 -0.0155363 -0.00670492
internal_weight=1.14061e+06 436364 704244 241313 81799.7 354565 292515 462932 262138 98662.8 133319 107994 64442.7 257632
internal_count=23425 3835 19590 9209 216 3619 2778 10381 6867 767 4434 4775 2625 6811
is_linear=0
shrinkage=0.03


Tree=49
num_leaves=15
num_cat=0
split_feature=4 14 4 20 7 14 11 14 4 6 14 19 4 4
split_gain=103510 34817.2 21509.7 6497.54 5672.41 5199.09 4818.24 4455.9 4294.56 3797.37 3740.47 2505.62 2024.13 1821.1
threshold=2318.3400000000006 11261.375000000002 438.69500000000011 0.99398728250621604 315.50000000000006 719.95000000000016 11.500000000000002 26196.875000000004 167.81000000000003 1071.7076944637413 2972.5700000000002 57.500000000000007 170.91500000000002 3312.5550000000007
decision_type=2 2 2 2 2 2 2 2 2 2 2 2 2 2
left_child=2 6 3 4 8 -4 9 -3 -1 13 -11 -8 -10 -2
right_child=1 7 5 -5 -6 -7 11 -9 12 10 -12 -13 -14 -15
leaf_value=-0.021010836717926796 0.001482189501680748 0.022126135717092054 -0.0064539793104772449 0.035374036705884869 -0.036667504024098414 -0.00025443539835086023 0.031754850109776023 0.035814053876117802 0.011950722184710726 0.037155579658608384 0.0093642912774675006 0.013136353279232 -0.011957485659391412 0.0067111076454169387
leaf_weight=57397.760675430298 90991.046043395996 44593.136589050293 248506.67560577393 2314.8346872329712 10323.021323204041 238656.20085334778 7833.02880859375 41451.342704772949 3235.2756862640381 6505.7148342132568 13186.420963287354 38412.630374908447 163270.98509311676 175745.67232704163
leaf_count=2735 1263 151 6501 29 643 4050 33 71 86 41 88 246 5824 1718
internal_value=-0.000152474 0.011719 -0.0070212 -0.0144432 -0.0149385 -0.00341702 0.00731858 0.028727 -0.0139335 0.00586706 0.0185741 0.0163023 -0.0114916 0.00492763
internal_weight=1.14242e+06 418719 723705 236542 234227 487163 332675 86044.5 223904 286429 19692.1 46245.7 166506 266737
internal_count=23479 3611 19868 9317 9288 10551 3389 222 8645 3110 129 279 5910 2981
is_linear=0
shrinkage=0.03


Tree=50
num_leaves=15
num_cat=0
split_feature=14 14 14 6 15 14 18 6 15 14 22 22 18 17
split_gain=95127.4 30060.5 21852.6 6507 5370.79 7084.61 5990.39 5236.62 3905.8 3898.86 3680.68 2193.57 2493.03 2092.78
threshold=1670.9400000000003 15577.125000000002 340.59500000000008 3170.263322026673 234.19000000000003 91.25500000000001 1.0217391304347829 1071.7076944637413 1281.1900000000003 3960.5750000000003 0.59729729729729741 0.12451550387596901 13.462476547842403 32.898989898989903
decision_type=2 2 2 2 2 2 2 2 2 2 2 2 2 2
left_child=2 7 4 -3 5 -1 -7 9 10 -2 -4 -6 -13 -11
right_child=1 3 8 -5 11 6 -8 -9 -10 13 -12 12 -14 -15
leaf_value=-0.024793680993721551 0.0046313693281616894 0.02385362204724259 -0.002101253886690059 0.04363579797031767 -0.012494047972248472 0.038154932701945712 -0.012614305692477316 0.02095711365789351 0.0055499887131221035 0.01423727360614945 -0.012596600038791044 -0.0077323645541355103 0.004266056447341196 0.00243732193596743
leaf_weight=53039.976978302002 180538.27035140991 42415.429191589355 364508.70318603516 23213.657646179199 48149.457615852356 2107.4070739746094 128487.59067821503 27419.812805175781 55168.722261428833 77331.673206329346 32758.998994827271 54779.688346862793 21764.99059009552 16405.400096893311
leaf_count=2745 2011 107 7548 31 1586 20 4745 146 740 465 844 1637 518 125
internal_value=-7.26491e-05 0.0124642 -0.00612606 0.0308619 -0.0122849 -0.0155477 -0.0117893 0.0084603 -0.00192853 0.00720954 -0.0029673 -0.00747812 -0.00432047 0.0121731
internal_weight=1.12809e+06 367324 760766 65629.1 308329 183635 130595 301695 452436 274275 397268 124694 76544.7 93737.1
internal_count=23268 2885 20383 138 11251 7510 4765 2747 9132 2601 8392 3741 2155 590
is_linear=0
shrinkage=0.03


Tree=51
num_leaves=15
num_cat=0
split_feature=13 4 4 7 20 7 15 22 4 4 22 13 14 22
split_gain=88283.9 33315.4 20066.6 7790.9 6386.04 4917.81 4532.81 4202.98 4052.58 4007.36 4151.75 3215.85 3185.24 2905.7
threshold=756.77500000000009 22016.660000000003 438.69500000000011 55.083333333333336 0.99398728250621604 315.50000000000006 24921.715000000004 0.44222222222222224 91.365000000000023 1412.8700000000001 0.097619047619047633 2185.7250000000004 131.45500000000001 0.70714285714285718
decision_type=2 2 2 2 2 2 2 2 2 2 2 2 2 2
left_child=2 3 4 7 5 8 -3 11 -1 13 12 -2 -11 -4
right_child=1 6 9 -5 -6 -7 -8 -9 -10 10 -12 -13 -14 -15
leaf_value=-0.029090057786238195 0.0078214288730861104 0.023512317221578521 -0.0045384220312641539 -0.0017741623121652977 0.034112071140785571 -0.034883703108156236 0.039390251096118885 -0.0016318043525999026 -0.012430264698523506 -0.03366988759312755 0.0033497427619247726 0.014759846301917309 -0.0046897710309692624 -0.016813406033954603
leaf_weight=14023.755441665649 169932.31837081909 42168.987159729004 270127.67222881317 74849.400869369507 2447.6141872406006 10097.950723648071 26413.520599365234 29668.356889724731 207677.72493553162 3655.7808246612549 125526.00920677185 93113.15119934082 48009.475028991699 18531.983382225037
leaf_count=775 1888 115 6607 1109 33 641 40 394 7886 120 1967 556 777 586
internal_value=-0.000149321 0.0104451 -0.00674954 0.00686273 -0.0139117 -0.0144217 0.0296372 0.00907123 -0.0134866 -0.00314772 0.000403679 0.0102784 -0.00675261 -0.00532759
internal_weight=1.13624e+06 436146 700098 367563 234247 231799 68582.5 292714 221701 465851 177191 263045 51665.3 288660
internal_count=23494 4102 19392 3947 9335 9302 155 2838 8661 10057 2864 2444 897 7193
is_linear=0
shrinkage=0.03


Tree=52
num_leaves=15
num_cat=0
split_feature=14 13 14 6 7 20 7 17 7 22 3 6 6 18
split_gain=82912.7 29768.6 18874.5 6455.37 4823.57 4262.14 3958.75 4627 3933.17 4201.4 3870.85 3330.74 2857.24 2493.41
threshold=1354.5250000000003 5398.0600000000004 261.27500000000003 1858.9514663343257 280.50000000000006 0.99398728250621604 57.071428571428577 3.4529914529914536 63.100000000000009 0.95833333333333337 13.500000000000002 1071.7076944637413 490.62903886240423 105.14000000000001
decision_type=2 2 2 2 2 2 2 2 2 2 2 2 2 2
left_child=2 6 4 10 5 -1 7 -2 9 13 -3 -9 -10 -4
right_child=1 3 8 -5 -6 -7 -8 11 12 -11 -12 -13 -14 -15
leaf_value=-0.012254592379670684 0.026240700347363921 0.0044845020680121086 0.0012408846699218132 0.036596018427920256 -0.027479710190349161 0.03123481117072735 -0.00065772402153148313 0.0062544695509057528 -0.0063983597502523769 -0.013472455564476149 0.023609361078655113 0.021056088685926812 0.013302660510319525 -0.028930567417009376
leaf_weight=216673.98466491699 11772.364963531494 11886.990142822266 230818.54635238647 31574.243606567383 19334.647128105164 2028.8419857025146 59705.888557434082 257236.55292510986 203619.42576599121 19787.545377731323 48127.851104736328 14436.105056762695 6830.0142517089844 2471.7807216644287
leaf_count=8142 70 70 4549 58 1082 31 806 2583 5027 587 135 76 88 71
internal_value=0.000125151 0.0104193 -0.00625398 0.0256127 -0.0131202 -0.0118483 0.00636286 0.00784165 -0.00272752 -0.000207433 0.0198241 0.00704249 -0.00575777 0.000918757
internal_weight=1.1363e+06 434740 701565 91589.1 238037 218703 343151 283445 463527 253078 60014.8 271673 210449 233290
internal_count=23375 3798 19577 263 9255 8173 3535 2729 10322 5207 205 2659 5115 4620
is_linear=0
shrinkage=0.03


Tree=53
num_leaves=15
num_cat=0
split_feature=4 4 4 1 12 1 6 7 4 18 0 22 7 22
split_gain=85546 27236.4 22255.5 6523.03 5939.37 5654.73 4192.79 2994.41 2978.92 3670.83 3018.61 4006.41 2789.21 2722.09
threshold=2880.2900000000004 37112.035000000011 438.69500000000011 282.50000000000006 1396.5350000000001 282.50000000000006 1858.9514663343257 56.900000000000006 91.365000000000023 1.0217391304347829 32.500000000000007 0.24885321100917435 56.062500000000007 0.057189542483660136
decision_type=2 2 2 2 2 2 2 2 2 2 2 2 2 2
left_child=2 4 3 8 13 7 -3 12 -1 -10 11 -11 -4 -2
right_child=1 6 5 -5 -6 -7 -8 -9 9 10 -12 -13 -14 -15
leaf_value=-0.025357518853681201 -0.00029478462221079458 0.024322571213494872 0.0013755388033657901 -0.028176997560452624 0.016207622200937879 -0.0079436674290793326 0.042204932606412858 -0.0033472907004890016 0.031387577476303948 0.0020709305780834499 -0.013118932089761171 -0.016774210339175942 0.031129126236505648 0.0081274974991427107
leaf_weight=13212.541381835938 42124.98943901062 23420.828121185303 229562.43462944031 23723.384620666504 77200.730754852295 118901.56588554382 24027.221096038818 188197.57225608826 1833.8673553466797 30137.995306968689 148056.6688375473 15288.461339950562 2851.1269569396973 191680.67372894287
leaf_count=717 455 53 4055 1343 400 2964 31 4159 21 902 5748 586 30 1815
internal_value=0.000114497 0.0122247 -0.00551038 -0.0132745 0.00899341 -0.00216765 0.033392 -0.000534539 -0.0115766 -0.0106419 -0.0110434 -0.00427607 0.00174319 0.00661015
internal_weight=1.13022e+06 358454 771766 232253 311006 539513 47448 420611 208530 195317 193483 45426.5 232414 233806
internal_count=23279 2754 20525 9317 2670 11208 84 8244 7974 7257 7236 1488 4085 2270
is_linear=0
shrinkage=0.03


Tree=54
num_leaves=15
num_cat=0
split_feature=14 14 14 7 6 15 14 10 7 7 7 14 16 8
split_gain=85691.5 31384.7 18674.9 5907.66 4638.7 4583.23 5741.62 4128.8 4057.41 2563.11 2992.08 2518.03 2302.69 2249.11
threshold=4153.0200000000013 574.48000000000013 26196.875000000004 280.50000000000006 960.52648468648351 204.46000000000004 91.25500000000001 1.5000000000000002 56.900000000000006 118.12500000000001 116.41666666666667 8907.1250000000018 0.32326528134942384 3.772312223858616
decision_type=2 2 2 2 2 2 2 2 2 2 2 2 2 2
left_child=1 3 7 5 8 6 -1 -2 13 10 -8 -9 -10 -3
right_child=2 4 -4 -5 -6 -7 9 11 12 -11 -12 -13 -14 -15
leaf_value=-0.022661068267842581 -0.0062653240740603248 0.0034022471861627213 0.035185484036659699 -0.025197201654855676 0.019735455162724246 -0.005052064278508254 -0.0081608326053021485 0.010937541133208844 0.0017107627600161357 -0.015632370133826547 0.022969578939271006 0.019521204294116027 -0.0053694772813058208 -0.0093380883998839311
leaf_weight=35153.276243209839 9048.5544052124023 325866.59210586548 47482.775054931641 20586.360836029053 12148.882137298584 174109.09935379028 146198.06213474274 70181.002624511719 66351.206611633301 46607.734407424927 2813.7852840423584 54909.648666381836 109622.66168212891 12948.056608200073
leaf_count=1818 77 4464 74 1139 83 4906 4853 442 1079 1752 52 198 2145 239
internal_value=0.000136034 -0.0034653 0.0190193 -0.00952569 0.00142826 -0.00872766 -0.0115001 0.0132924 0.00099546 -0.00949231 -0.00756999 0.0147079 -0.00269997 0.00291484
internal_weight=1.13403e+06 952406 181622 425468 526937 404882 230773 134139 514789 195620 149012 125091 175974 338815
internal_count=23321 22530 791 14520 8010 13381 8475 717 7927 6657 4905 640 3224 4703
is_linear=0
shrinkage=0.03


Tree=55
num_leaves=15
num_cat=0
split_feature=13 13 7 5 22 6 7 6 7 22 5 22 7 8
split_gain=73909.2 25680.5 14385.1 8446 6348.21 6235.2 5351.67 4103.83 4019.98 3751.64 3297.15 3949.18 3437.74 2601.64
threshold=2267.0850000000005 310.77500000000009 12.022222222222224 167.79190476190479 0.57518796992481214 3170.263322026673 68.062500000000014 1071.7076944637413 262.50000000000006 0.38799283154121872 572.20000000000016 0.24885321100917435 106.10000000000001 5.8620507399577173
decision_type=2 2 2 2 2 2 2 2 2 2 2 2 2 2
left_child=1 3 5 -1 6 -2 7 -3 10 -4 12 13 -5 -12
right_child=2 4 9 8 -6 -7 -8 -9 -10 -11 11 -13 -14 -15
leaf_value=-0.01551044424941175 0.023419650298566255 0.0037477880948080158 0.013494329979959146 -0.0042437689927795281 -0.010202085436289412 0.044561591911193896 -0.0034166681001582149 0.03082872732170391 -0.019912613451033255 -0.0018414686110069219 -0.0021024920925952471 0.012565238474787178 -0.011622359870665466 -0.03241030345335736
leaf_weight=116698.73756790161 49393.074417114258 344806.50951766968 95080.690525054932 168362.85454559326 39524.47359085083 16877.72509765625 110981.19383239746 5091.342903137207 17919.907089233398 16903.945316314697 32765.876516342163 18698.24787902832 85797.018074989319 2744.4710311889648
leaf_count=5006 159 4963 536 4351 946 18 2234 22 879 131 627 272 3004 62
internal_value=2.38127e-05 -0.00332376 0.0177387 -0.00858427 0.00133332 0.0288159 0.00232298 0.00414358 -0.00610629 0.0111795 -0.00530274 0.00141383 -0.00673529 -0.0044618
internal_weight=1.12165e+06 943391 178255 442987 500404 66270.8 460879 349898 326288 111985 308368 54208.6 254160 35510.3
internal_count=23210 22366 844 14201 8165 177 7219 4985 9195 667 8316 961 7355 689
is_linear=0
shrinkage=0.03


Tree=56
num_leaves=15
num_cat=0
split_feature=14 4 4 1 4 10 4 18 1 6 14 21 6 6
split_gain=64226.1 24307.7 15213 5358.06 5123.26 4589.39 4343.58 6141.47 3708.87 3027.75 2565.88 2269.05 4367.49 1816.03
threshold=1618.0100000000002 37112.035000000011 583.72500000000014 313.00000000000006 7331.005000000001 1.5000000000000002 164.47000000000006 1.0217391304347829 306.50000000000006 1858.9514663343257 713.21500000000015 1.0000000180025095e-35 1071.7076944637413 865.7223658265433
decision_type=2 2 2 2 2 2 2 2 2 2 2 2 2 2
left_child=2 4 3 6 11 -6 -1 -8 -7 -3 -4 12 -2 -13
right_child=1 9 10 -5 5 8 7 -9 -10 -11 -12 13 -14 -15
leaf_value=-0.017194928723402766 0.006791007704699553 0.021975092561808865 -0.0043295629887108436 -0.025250881956776255 -0.0082011151016408521 0.018916203862337874 0.04618902865632981 -0.0080737180206791569 0.0074403254970184596 0.037283513004381215 0.00022861184312014825 0.0037564483371130813 0.037379410975995245 -0.01241417168747037
leaf_weight=52764.831703186035 23496.653881072998 22078.250350952148 200706.29673290253 20840.700736045837 9073.3592300415039 59591.031806945801 1873.9954948425293 216826.55436897278 44165.653980255127 24868.189361572266 249050.08083152771 185783.13952636719 5099.5671463012695 6448.9042930603027
leaf_count=2589 248 50 4958 1159 80 260 9 7319 280 34 4206 2031 20 74
internal_value=-0.000129804 0.00988913 -0.00526865 -0.0105966 0.00704426 0.0122445 -0.00946978 -0.00760457 0.0140337 0.0300966 -0.0018056 0.00438637 0.0122682 0.00321273
internal_weight=1.12267e+06 380605 742062 292306 333658 112830 271465 218701 103757 46946.4 449756 220828 28596.2 192232
internal_count=23317 3077 20240 11076 2993 620 9917 7328 540 84 9164 2373 268 2105
is_linear=0
shrinkage=0.03


Tree=57
num_leaves=15
num_cat=0
split_feature=4 4 13 7 1 6 6 4 18 13 15 15 7 18
split_gain=64839.2 21447.6 13964 6895.93 5779.63 4715.72 3641.07 3256.43 4682.34 3048.85 2721.07 2022.88 1802.56 1753.36
threshold=4762.170000000001 438.69500000000011 6493.2300000000005 58.937500000000007 313.00000000000006 3170.263322026673 1071.7076944637413 164.47000000000006 1.0217391304347829 618.0100000000001 1416.7750000000003 1.0000000180025095e-35 100.10000000000001 24.015151515151519
decision_type=2 2 2 2 2 2 2 2 2 2 2 2 2 2
left_child=1 4 11 6 7 -4 9 -1 -9 -3 13 -2 -10 -5
right_child=2 3 5 10 -6 -7 -8 8 12 -11 -12 -13 -14 -15
leaf_value=-0.016681778183555405 -0.0057151687983748572 -0.0014647839785777662 0.019650964841003378 -0.0061502783644693604 -0.029181831427065597 0.036134185674533241 0.029720693190182793 0.043787038633551614 -0.0057778389130692309 0.0040583772476193046 0.0061749935809662882 0.0094500289815623115 -0.012207105765301507 0.0010359934734571134
leaf_weight=53515.615682601929 8338.1756248474121 167151.0736579895 61668.37882232666 230564.17414855957 15597.500709533691 20972.858085632324 4144.2462348937988 1528.6349792480469 88272.968002319336 194716.44989776611 20369.064264297485 152043.65517234802 70750.575254440308 35218.570829391479
leaf_count=2637 76 3419 178 5522 969 35 26 8 2915 2566 303 1136 2783 711
internal_value=0.000105294 -0.0036759 0.0138248 -0.000899346 -0.0115595 0.0238418 0.00182828 -0.0102729 -0.00813489 0.00150722 -0.00438809 0.00866098 -0.00863944 -0.00519803
internal_weight=1.12485e+06 881829 243023 652164 229665 82641.2 366012 214068 160552 361868 286152 160382 159024 265783
internal_count=23284 21859 1425 12547 9312 213 6011 8343 5706 5985 6536 1212 5698 6233
is_linear=0
shrinkage=0.03


Tree=58
num_leaves=15
num_cat=0
split_feature=4 4 13 18 18 7 7 11 4 13 17 7 3 18
split_gain=60853.8 23204.5 12085.4 5411.86 5840.18 4684.92 4515.38 3288.6 3286.12 2779.73 2735.72 3673.9 2454.28 2677.28
threshold=4762.170000000001 668.55500000000006 18179.580000000005 365.76315789473693 15.529923273657291 280.50000000000006 66.062500000000014 8.5000000000000018 258.5750000000001 205.91000000000003 46.058823529411775 16.021739130434785 2.5000000000000004 125.42857142857144
decision_type=2 2 2 2 2 2 2 2 2 2 2 2 2 2
left_child=1 5 3 4 -2 8 9 -6 -1 -3 12 -12 -11 -14
right_child=2 6 -4 -5 7 -7 -8 -9 -10 10 11 -13 13 -15
leaf_value=-0.013499422520086565 0.0053472445291275717 -0.0037135921651167852 0.03045639096976116 -0.01640397579239115 0.010466194493084217 -0.024906157450511286 -0.0037800602868124861 0.020446041303071611 -0.0069921188783022758 -0.006802657137738974 0.030105265302903566 0.0060587442056826146 0.0026838950122591819 0.031314321727037936
leaf_weight=105386.82108974457 82245.570117950439 64661.20637512207 31927.030868530273 6438.4523124694824 56362.075820922852 18035.187746047974 188622.47667789459 63038.29573059082 207337.6149263382 25173.456613540649 7200.0722579956055 27569.275291442871 239356.61836242676 2956.3290252685547
leaf_count=4725 657 1412 51 52 408 1078 3992 235 6499 481 63 372 3358 22
internal_value=-0.000124853 -0.00375369 0.0132747 0.0106358 0.0115007 -0.0100444 -8.06397e-06 0.0157377 -0.00918578 0.00193112 0.00313885 0.0110528 0.00210941 0.00303575
internal_weight=1.12631e+06 886299 240011 208084 201646 330760 555539 119400 312724 366917 302256 34769.3 267486 242313
internal_count=23405 22002 1403 1352 1300 12302 9700 643 11224 5708 4296 435 3861 3380
is_linear=0
shrinkage=0.03


Tree=59
num_leaves=15
num_cat=0
split_feature=14 13 14 15 21 7 1 0 17 5 15 20 15 1
split_gain=60355.1 20304.1 14202.5 5287.55 5254.82 4167.74 3842.99 3416.07 3109.96 3082.29 2596.82 2573.64 2270.41 2469.33
threshold=1618.0100000000002 6493.2300000000005 261.27500000000003 214.81500000000003 1.0000000180025095e-35 63.100000000000009 255.50000000000003 102.50000000000001 3.4529914529914536 597.18295454545466 218.04500000000004 0.99398728250621604 3373.7400000000002 253.50000000000003
decision_type=2 2 2 2 2 2 2 2 2 2 2 2 2 2
left_child=2 7 3 6 -3 -4 11 8 -2 -7 -5 -1 13 -10
right_child=1 4 5 10 -6 9 -8 -9 12 -11 -12 -13 -14 -15
leaf_value=-0.012890695025492822 0.020491000380171483 0.035022543669639417 0.0003899867366936123 0.035018959790218608 0.018220006115410827 -0.0067922470359320633 -0.025300448638852988 -0.014260337255977164 0.0069616184576755591 0.0023605589624371803 -0.0065445670375495202 0.034596616974069815 0.011315158227562818 0.00036388352714462657
leaf_weight=99587.466338157654 14111.116809844971 23703.049560546875 286854.99753952026 1350.8895902633667 57422.73055267334 179116.28879165649 26230.127342224121 7111.5188598632812 149459.61825942993 40612.191888809204 105441.25191688538 1019.2464847564697 58975.523387908936 77540.044639587402
leaf_count=4392 87 40 5671 26 165 4616 1491 100 1493 713 3371 16 368 828
internal_value=0.000211213 0.00978952 -0.0048138 -0.0109326 0.0231367 -0.00199159 -0.0150736 0.00626347 0.00675077 -0.00510048 -0.00601234 -0.0124028 0.00607138 0.00470815
internal_weight=1.12854e+06 388324 740212 233629 81125.8 506583 126837 307198 300086 219728 106792 100607 285975 227000
internal_count=23377 3081 20296 9296 205 11000 5899 2876 2776 5329 3397 4408 2689 2321
is_linear=0
shrinkage=0.03


Tree=60
num_leaves=15
num_cat=0
split_feature=4 4 4 1 1 8 20 17 4 4 19 16 1 20
split_gain=55174.9 24928 9830.94 5403.79 4329.93 4211.49 4079.99 4057.93 3530.55 3407.88 2999.42 2613.71 2379.99 2671.58
threshold=1682.5450000000003 22016.660000000003 438.69500000000011 313.00000000000006 317.50000000000006 5.8620507399577173 0.99398728250621604 3.4529914529914536 4537.7400000000007 91.365000000000023 210.50000000000003 0.45158510529066298 282.50000000000006 0.0055754368450029014
decision_type=2 2 2 2 2 2 2 2 2 2 2 2 2 2
left_child=2 5 3 6 -4 7 9 11 -9 -1 -3 -2 13 -10
right_child=1 10 4 -5 -6 -7 -8 8 12 -11 -12 -13 -14 -15
leaf_value=-0.025411926871949073 0.0020785958766019342 0.016419236972780801 -0.0019841329357140856 -0.028573335206231315 -0.011718613604242209 -0.017984584446269592 0.030012631889494028 0.0021324694388636491 0.0040834547215490213 -0.0093109618665179646 0.028936379055105332 0.026760229962030219 0.0041578476516278455 0.015326260078734775
leaf_weight=12573.02495098114 5652.8959159851074 29746.740880966187 333939.97183799744 14817.984392166138 46882.281978607178 7309.9238777160645 2268.0671768188477 254805.93724632263 29492.838039398193 197751.68326282501 41293.094955444336 12189.252281188965 82986.050720214844 53656.022758483887
leaf_count=741 72 90 7430 954 1484 155 32 3485 217 7614 78 64 702 316
internal_value=-5.7039e-06 0.00719824 -0.00613069 -0.011066 -0.00318308 0.00456923 -0.00984318 0.00494576 0.00435124 -0.0102758 0.0237011 0.0189515 0.00775357 0.0113404
internal_weight=1.12537e+06 517133 608233 227411 380822 446093 212593 438783 420941 210325 71039.8 17842.1 166135 83148.9
internal_count=23434 5179 18255 9341 8914 5011 8387 4856 4720 8355 168 136 1235 533
is_linear=0
shrinkage=0.03


Tree=61
num_leaves=15
num_cat=0
split_feature=4 14 4 1 1 21 18 5 4 7 18 1 22 7
split_gain=54899.2 20254.3 13123 4901.36 4795.83 4686.67 4546.14 3052.69 3000.26 2573.81 2258.63 2609.6 2248.8 1835.5
threshold=2318.3400000000006 15577.125000000002 438.69500000000011 251.50000000000003 313.00000000000006 1.0000000180025095e-35 15.273863636363638 3192.063333333334 91.365000000000023 21.710084033613452 125.42857142857144 173.50000000000003 0.70714285714285718 63.100000000000009
decision_type=2 2 2 2 2 2 2 2 2 2 2 2 2 2
left_child=2 6 4 10 8 -3 -2 9 -1 -8 12 -12 13 -4
right_child=1 5 3 -5 -6 -7 7 -9 -10 -11 11 -13 -14 -15
leaf_value=-0.023793885756943991 0.0029603430531850408 0.036510312486578843 0.0019720918197541409 -0.0068239101890387628 -0.027093868280660873 0.018924054167569499 0.016969294247536539 -0.013310011770316854 -0.0087637779474671502 0.0081513584519460041 -0.0042765966561265512 0.028640577543620937 -0.0095281773904592644 -0.0027240502263466042
leaf_weight=12720.917527198792 198655.60414123535 19094.652229309082 188618.6461353302 140037.84385681152 15275.422529220581 48037.305755615234 41339.912992477417 4944.8341999053955 195457.78915882111 106857.11586761475 3740.6488666534424 5119.1620807647705 23412.235712051392 124219.64127159119
leaf_count=745 2146 26 3379 3598 988 113 241 54 7521 976 71 61 591 2824
internal_value=0.000228293 0.00883741 -0.00486157 -0.00209067 -0.0108768 0.0239356 0.0059551 0.009839 -0.0096844 0.0106131 -0.000169742 0.0147645 -0.000564096 0.000107326
internal_weight=1.12753e+06 418929 708602 485148 223454 67132 351797 153142 208179 148197 345110 8859.81 336251 312838
internal_count=23334 3556 19778 10524 9254 139 3417 1271 8266 1217 6926 132 6794 6203
is_linear=0
shrinkage=0.03


Tree=62
num_leaves=15
num_cat=0
split_feature=14 14 15 0 0 15 15 20 1 7 18 16 18 19
split_gain=47610.4 14632.8 13801.5 4904.4 4819.59 4364.25 3482.93 3228.7 3142.38 3028.62 2486.97 2471.22 3137.7 2469.42
threshold=2419.8650000000002 588.5150000000001 24921.715000000004 267.50000000000006 73.500000000000014 5328.5250000000005 460.74500000000006 0.99398728250621604 311.50000000000006 7.0340909090909101 10.151923076923078 0.99966494366289549 18.264245014245017 6.5000000000000009
decision_type=2 2 2 2 2 2 2 2 2 2 2 2 2 2
left_child=1 3 4 6 5 8 7 13 9 -2 -8 12 -11 -1
right_child=2 -3 -4 -5 -6 -7 10 -9 -10 11 -12 -13 -14 -15
leaf_value=-0.015877165676087504 0.031466292285930481 0.00050644140153257894 0.030830337203049025 -0.019042623598978257 -0.015308184604253792 0.016525703352550276 -0.0065673975887631207 0.028402346021441871 -0.00081133117984109296 0.0058424275908930262 0.0031560309957773471 0.0001880042456240946 0.015898579496071867 -0.0073567915395242271
leaf_weight=34665.608938217163 5208.5452880859375 420369.95086097717 28023.152633666992 30187.512007713318 7330.4190559387207 58024.312484741211 45303.066165924072 2147.6512584686279 36360.790782928467 65020.365425109863 49545.131013870239 27790.875915527344 48977.39026260376 262180.15508842468
leaf_count=1626 16 6959 42 1591 82 215 1184 31 302 543 1095 222 286 9121
internal_value=7.92495e-05 -0.00345995 0.0108778 -0.00739195 0.00862741 0.00935551 -0.00649802 -0.00808691 0.00708491 0.00903795 -0.00148865 0.00820973 0.0101649 -0.0083528
internal_weight=1.12113e+06 844399 276736 424029 248713 241382 393842 298993 183358 146997 94848.2 141789 113998 296846
internal_count=23315 21607 1708 14648 1666 1584 13057 10778 1369 1067 2279 1051 829 10747
is_linear=0
shrinkage=0.03


Tree=63
num_leaves=15
num_cat=0
split_feature=4 4 4 1 21 1 18 4 6 18 17 1 15 17
split_gain=48465 17385.4 11397.1 5080.86 3790.78 3576.3 3567.83 5143.87 3500.08 3393.86 2593.15 2480.28 2913.36 2390.86
threshold=2448.5600000000004 22016.660000000003 452.92000000000007 282.50000000000006 1.0000000180025095e-35 311.50000000000006 125.42857142857144 1776.0850000000003 1071.7076944637413 192.3978494623656 36.354166666666679 321.50000000000006 900.07500000000016 22.324561403508774
decision_type=2 2 2 2 2 2 2 2 2 2 2 2 2 2
left_child=2 8 3 -1 -3 6 -4 -8 9 11 -10 12 -2 -14
right_child=1 4 5 -5 -6 -7 7 -9 10 -11 -12 -13 13 -15
leaf_value=-0.0089476794919454393 0.0018244300095763824 0.032832987464089539 -0.0016709614471268482 -0.023959103664451163 0.01729795843123335 -0.00848882001742568 -0.00078582968674155169 0.043224219451906382 0.0095991529487971048 -0.020932417341367953 0.03022044860285647 0.00094070517828231677 0.01322465643119029 0.0047130629874814461
leaf_weight=206531.28192520142 69782.199306488037 19320.101728439331 403418.57720565796 22495.186977386475 53053.449047088623 71695.518250465393 6105.1348190307617 3907.2471466064453 18822.929449081421 4713.2218227386475 7746.7038555145264 103668.07775306702 68302.734024047852 52601.080598831177
leaf_count=8116 687 32 8336 1380 140 1982 125 19 113 62 39 1196 546 524
internal_value=-0.000233381 0.00815517 -0.00490857 -0.0104241 0.021453 -0.0023044 -0.00123156 0.0164406 0.00519857 0.00427087 0.0156298 0.00467582 0.00670614 0.00952295
internal_weight=1.11216e+06 398010 714153 229026 72373.6 485126 413431 10012.4 325637 299067 26569.6 294354 190686 120904
internal_count=23297 3339 19958 9496 172 10462 8480 144 3167 3015 152 2953 1757 1070
is_linear=0
shrinkage=0.03


Tree=64
num_leaves=15
num_cat=0
split_feature=14 14 14 22 18 17 3 0 5 17 18 15 15 11
split_gain=44915.9 15993 10729.7 5218.79 3936.43 4328.58 5572.7 3684.49 4036.63 2775.1 2571.45 2139.63 2137.88 2094.15
threshold=1670.9400000000003 26196.875000000004 274.09500000000008 0.69615384615384623 15.529923273657291 45.062500000000007 3.5000000000000004 276.50000000000006 333.34958333333338 3.4529914529914536 1.0217391304347829 17.445000000000004 487.71500000000009 9.5000000000000018
decision_type=2 2 2 2 2 2 2 2 2 2 2 2 2 2
left_child=2 4 7 12 -2 6 -6 8 10 -8 11 -1 -4 -11
right_child=1 -3 3 -5 5 -7 9 -9 -10 13 -12 -13 -14 -15
leaf_value=-0.0069091601300200244 0.003341029168878224 0.025654791965479064 -0.0022407086020283427 -0.014497699726640194 -0.0055297669383411515 0.03041500927919891 0.022089157972779782 -0.01994510307711013 0.00036902597584035171 0.0062248994112104362 -0.010464909418499599 0.043049995703929207 0.001977852486476413 0.014805338912542728
leaf_weight=1590.6023139953613 173269.89659118652 44310.887878417969 312984.36490821838 26329.686664581299 21307.45552444458 8710.4509506225586 17609.454528808594 25680.014484405518 42394.597406387329 72067.372798919678 168402.08834648132 1469.6586904525757 165152.60178947449 39732.508018493652
leaf_count=70 1713 73 7269 783 247 45 76 1423 1089 593 6955 15 2764 174
internal_value=0.000292089 0.00872766 -0.00398258 -0.00149989 0.00647178 0.00987353 0.00868249 -0.00921057 -0.00791982 0.011023 -0.00996907 0.0172069 -0.00078356 0.0092764
internal_weight=1.12101e+06 377008 744004 504467 332697 159427 150717 239537 213857 129409 171462 3060.26 478137 111800
internal_count=23289 2921 20368 10816 2848 1135 1090 9552 8129 843 7040 85 10033 767
is_linear=0
shrinkage=0.03


Tree=65
num_leaves=15
num_cat=0
split_feature=4 14 4 7 6 20 7 20 4 3 1 19 20 18
split_gain=40849.2 14298.3 9727.34 6629.49 4661.14 4328.41 3230 3095.29 3168.68 2831.98 2875.81 2274.26 2604.05 2147.93
threshold=4762.170000000001 261.27500000000003 37112.035000000011 55.083333333333336 1071.7076944637413 0.013548644999590123 248.50000000000003 0.99398728250621604 91.365000000000023 3.5000000000000004 305.50000000000006 38.500000000000007 0.0055754368450029014 1.0217391304347829
decision_type=2 2 2 2 2 2 2 2 2 2 2 2 2 2
left_child=1 6 9 4 -3 -4 7 8 -1 -2 11 -11 -13 -10
right_child=2 3 5 -5 -6 -7 -8 -9 13 10 -12 12 -14 -15
leaf_value=-0.023710803337626409 -0.0079259207453649515 0.0018866073443956372 0.03268474184272855 -0.0038080477592362157 0.034373485828680474 0.01442213897748006 -0.018696878524754136 0.031191336072003608 0.031223922451289046 0.022100223549119644 0.0050443476995564573 0.0019795464244751213 0.013805411229931256 -0.0075573886785074342
leaf_weight=11201.649261474609 9244.6184024810791 358420.53011703491 23232.761169433594 295333.3505897522 3999.5032691955566 23582.541774749756 28395.364336013794 1789.7459926605225 1275.2135171890259 18273.727512359619 85798.23517036438 23579.683860778809 57970.990951538086 181651.91605949402
leaf_count=679 87 6084 31 6666 18 54 1573 27 17 75 668 167 313 6836
internal_value=0.000291635 -0.00270239 0.0112182 -0.000471772 0.00224699 0.0234953 -0.0092426 -0.00787058 -0.00823388 0.00826667 0.00907388 0.0125355 0.0103874 -0.00728365
internal_weight=1.12375e+06 882067 241683 657753 362420 46815.3 224314 195919 194129 194867 185623 99824.4 81550.7 182927
internal_count=23295 21900 1395 12768 6102 85 9132 7559 7532 1310 1223 555 480 6853
is_linear=0
shrinkage=0.03


Tree=66
num_leaves=15
num_cat=0
split_feature=4 14 4 4 20 12 19 22 1 0 7 22 19 18
split_gain=40996.7 12869.2 12253.7 4087.42 3836.17 2915.6 2912.1 2904.65 2516.84 2189.94 2159.85 3229.72 2313.34 2556.59
threshold=3312.5550000000007 574.48000000000013 37112.035000000011 258.5750000000001 0.013548644999590123 1396.5350000000001 45.500000000000007 0.054093567251461992 282.50000000000006 98.500000000000014 18.757352941176475 0.59729729729729741 49.500000000000007 11.925703463203465
decision_type=2 2 2 2 2 2 2 2 2 2 2 2 2 2
left_child=1 3 5 6 -4 7 8 9 -1 -2 12 -12 -3 -14
right_child=2 10 4 -5 -6 -7 -8 -9 -10 -11 11 -13 13 -15
leaf_value=-0.012234800314432467 -0.00072870207243890504 -0.0030121644680459951 0.031851009775145454 -0.0057284096034062298 0.014650141442663998 0.011732087091663543 0.0065344861872077666 0.0062009336028918524 -0.028307130179320694 -0.024762978815202053 7.9625125611918855e-07 -0.012900174878244472 0.0068425060293638672 0.029528582500517479
leaf_weight=93976.841524124146 28482.918502807617 13458.929054260254 22902.758972167969 295707.65030956268 23899.009410858154 70070.034301757812 6782.988242149353 169493.86407279968 9668.7675485610962 3856.5913963317871 336198.17094039917 18401.707578659058 17818.814319610596 5956.9033355712891
leaf_count=4379 266 256 31 9147 55 353 237 1512 693 72 5711 399 251 42
internal_value=-0.00019352 -0.00382625 0.00890175 -0.00756824 0.0230775 0.0064602 -0.012493 0.00462899 -0.0137393 -0.0036084 5.25077e-05 -0.00066938 0.00692399 0.0125464
internal_weight=1.11668e+06 797971 318705 406136 46801.8 271903 110429 201833 103646 32339.5 391835 354600 37234.6 23775.7
internal_count=23404 21115 2289 14456 86 2203 5309 1850 5072 338 6659 6110 549 293
is_linear=0
shrinkage=0.03


Tree=67
num_leaves=15
num_cat=0
split_feature=13 13 10 14 15 7 6 15 18 20 18 1 18 1
split_gain=36879 17106.7 6028.41 6027.08 3346.81 3037.34 2862.09 2947.71 2272.04 2345.07 2147.99 2045.57 2023.43 2413.85
threshold=602.45500000000004 18179.580000000005 6.5000000000000009 195.83000000000001 209.40500000000003 57.071428571428577 1071.7076944637413 366.63500000000005 23.299232736572893 0.39988377552601978 17.157164948453612 282.50000000000006 18.423963133640555 117.50000000000001
decision_type=2 2 2 2 2 2 2 2 2 2 2 2 2 2
left_child=3 2 5 4 11 12 7 -5 9 -6 -4 -1 -2 -14
right_child=1 -3 10 6 8 -7 -8 -9 -10 -11 -12 -13 13 -15
leaf_value=-0.01105731982093887 0.0029352657063794444 0.02683826771981344 0.0070703562432510346 -0.0049648179978739986 -0.0081216120087038123 -0.0015411131322779067 0.018755904885889567 0.00033234737819794018 0.0048514037826788182 0.028272572538075504 0.016848315144644258 -0.022130602060782323 -0.0023085587614452181 0.010515456475236103
leaf_weight=76530.425061225891 205419.1879825592 33387.858169555664 39532.751285552979 270593.52410984039 79006.602365493774 96164.383583068848 5436.5001525878906 145310.7163734436 16413.314252853394 1607.0860605239868 41475.296417236328 18701.83575630188 15978.943958282471 76038.240253448486
leaf_count=3624 2522 50 266 7439 2755 1515 35 2731 428 29 146 1158 207 543
internal_value=0.000109892 0.00608844 0.00462765 -0.00483975 -0.00924106 0.00309343 -0.00283108 -0.00311414 -0.00531801 -0.00738924 0.0120795 -0.0132361 0.00459184 0.00828853
internal_weight=1.1216e+06 507997 474609 613600 192259 393601 421341 415904 97027 80613.7 81008 95232.3 297436 92017.2
internal_count=23448 5249 5199 18199 7994 4787 10205 10170 3212 2784 412 4782 3272 750
is_linear=0
shrinkage=0.03


Tree=68
num_leaves=15
num_cat=0
split_feature=4 4 4 1 20 4 18 6 6 1 22 18 1 1
split_gain=36994 11904.6 9006.17 5710.15 3610.36 4578.82 4667 3548.56 2597.13 2434.28 3751.25 2835.53 2332.89 2216.81
threshold=2880.2900000000004 22016.660000000003 850.58500000000015 311.50000000000006 0.99398728250621604 91.365000000000023 1.0217391304347829 1213.5252770697982 3170.263322026673 313.00000000000006 0.057189542483660136 14.658241758241759 317.50000000000006 35.500000000000007
decision_type=2 2 2 2 2 2 2 2 2 2 2 2 2 2
left_child=2 9 3 4 5 -1 -7 12 -3 10 -2 -12 -4 -8
right_child=1 8 7 -5 -6 6 13 -9 -10 -11 11 -13 -14 -15
leaf_value=-0.024537332718440073 0.00021750872052785474 0.015073447959821558 0.00048272900856582919 -0.01941803862097289 0.028829288094777531 0.040127376648197446 0.00016457997665656794 0.037159112803307741 0.027550230783289133 0.0013082674226060672 0.005497942797450652 0.014117552390669566 -0.0057837964608586845 -0.0067449882613915138
leaf_weight=11737.719581604004 51541.673664093018 54299.169948577881 303858.76542854309 30326.774002075195 2659.8972816467285 1986.3293018341064 48699.376927375793 2231.3193397521973 20815.78678894043 98727.597930908203 70397.086303710938 67133.622409820557 64862.965106964111 294473.72415828705
leaf_count=741 481 140 5176 1610 39 19 1493 10 35 1061 627 433 1539 10011
internal_value=2.23669e-05 0.00790336 -0.00373693 -0.00692055 -0.00586543 -0.0061256 -0.0054981 -0.000390653 0.0185374 0.00512681 0.00712038 0.00970692 -0.000619889 -0.00576451
internal_weight=1.12375e+06 362915 760837 389884 359557 356897 345159 370953 75115 287800 189072 137531 368722 343173
internal_count=23415 2777 20638 13913 12303 12264 11523 6725 175 2602 1541 1060 6715 11504
is_linear=0
shrinkage=0.03


Tree=69
num_leaves=15
num_cat=0
split_feature=14 12 14 6 22 18 18 15 22 1 15 1 0 19
split_gain=35957.1 13365.6 5933.11 4606.87 3983 3707.33 4820.94 3238.95 3050.31 3012.59 2872.46 2435.52 2259.38 2083.22
threshold=1088.7650000000003 2217.6850000000004 192.54500000000004 3170.263322026673 0.73611111111111127 365.76315789473693 125.42857142857144 214.81500000000003 0.44222222222222224 35.500000000000007 487.71500000000009 282.50000000000006 115.50000000000001 651.00000000000011
decision_type=2 2 2 2 2 2 2 2 2 2 2 2 2 2
left_child=2 5 7 13 9 6 8 11 12 -4 -11 -1 -2 -3
right_child=1 3 4 -5 -6 -7 -8 -9 -10 10 -12 -13 -14 -15
leaf_value=-0.010915756395858294 0.0044553045436184612 0.010523004060098477 0.0070235406869354079 0.030004448889064405 -0.014121875259255406 -0.022639413487945119 0.019013181585832779 -0.005402611927748097 -0.0046669268997193564 -0.0046607815609505995 0.0011825372602672646 -0.023079573149009262 -0.013945232559537106 0.024095593204212895
leaf_weight=75390.31893157959 359489.18397521973 55298.99674987793 29511.664003372192 18273.765510559082 26891.050844192505 4742.6103134155273 18343.178535461426 92620.497990608215 39092.497688293457 256963.73273563385 107329.49537467957 18453.901762962341 6088.8852310180664 12480.176040649414
leaf_count=3610 3885 209 710 27 897 49 99 3077 535 6940 2028 1183 107 22
internal_value=1.2564e-05 0.00585318 -0.00493008 0.0166396 -0.00295548 0.00368257 0.00397874 -0.00938431 0.00329634 -0.0021923 -0.00293923 -0.0133121 0.00414809 0.0130285
internal_weight=1.12097e+06 513809 607161 86052.9 420696 427756 423014 186465 404671 393805 364293 93844.2 365578 67779.2
internal_count=23378 4933 18445 258 10575 4675 4626 7870 4527 9678 8968 4793 3992 231
is_linear=0
shrinkage=0.03


Tree=70
num_leaves=15
num_cat=0
split_feature=4 4 4 20 1 1 4 3 1 20 18 0 7 17
split_gain=33398.2 12795.8 6925.45 5131.42 4247.57 3697.45 3070.28 2815.65 3061.1 2947.04 2704.76 2579.4 2484.72 2056.35
threshold=5027.4100000000008 438.69500000000011 37112.035000000011 0.01284016319182983 313.00000000000006 311.50000000000006 947.30500000000006 3.5000000000000004 306.50000000000006 0.0055754368450029014 64.292913608131002 43.500000000000007 15.031250000000002 60.100000000000009
decision_type=2 2 2 2 2 2 2 2 2 2 2 2 2 2
left_child=1 4 7 -4 10 6 -3 -2 9 12 11 -1 -9 -13
right_child=2 5 3 -5 -6 -7 -8 8 -10 -11 -12 13 -14 -15
leaf_value=-0.0018017113450236846 -0.0085765449289187737 -0.002519505421551914 0.030219914997742781 0.011088176433824948 -0.024684121592269851 -0.0050692753430489103 0.0022646705774094019 -0.013098722522160513 0.0039288417242481482 0.015142983549671847 -0.032742070707673376 -0.0098290094820217781 0.0082272087447983269 0.015551804449838882
leaf_weight=57625.949508666992 9314.2007732391357 180541.81731987 23518.423065185547 27276.077545166016 14044.91153049469 123506.95439147949 364302.84902954102 6067.4236145019531 80266.624116897583 71011.080455780029 3773.2793159484863 141053.11661720276 25574.730270385742 2915.4827823638916
leaf_count=2014 89 4584 31 61 982 2794 5416 48 618 351 205 6007 160 79
internal_value=0.000250779 -0.00244682 0.0101043 0.0199548 -0.00873251 -0.000383091 0.000679333 0.00749964 0.00831908 0.0117505 -0.00763929 -0.00716624 0.00413224 -0.00931294
internal_weight=1.13079e+06 887764 243029 50794.5 219413 668352 544845 192234 182920 102653 205368 201595 31642.2 143969
internal_count=23439 22081 1358 92 9287 12794 10000 1266 1177 559 8305 8100 208 6086
is_linear=0
shrinkage=0.03


Tree=71
num_leaves=15
num_cat=0
split_feature=13 14 14 22 21 5 7 5 7 22 7 13 7 6
split_gain=28754.9 10814.9 8502.27 3924.22 3201.94 2979.66 2788.37 2671.69 2507.62 2731.18 2241.24 2141.91 2566.79 2050.46
threshold=748.19500000000005 8907.1250000000018 257.05000000000007 0.49074074074074076 1.0000000180025095e-35 333.34958333333338 242.25000000000003 754.32650000000012 63.100000000000009 0.95833333333333337 21.029411764705888 250.17000000000002 35.612500000000004 605.2030309704254
decision_type=2 2 2 2 2 2 2 2 2 2 2 2 2 2
left_child=2 3 5 10 -3 6 -1 8 9 -4 13 12 -9 -2
right_child=1 4 7 -5 -6 -7 -8 11 -10 -11 -12 -13 -14 -15
leaf_value=-0.0093474812490933062 0.0075353052582767454 0.024606484604924986 0.00038764800654311071 -0.0051356955291060593 0.01160887469558506 -0.002393148142760326 -0.02091417535626856 -0.026605987000691115 -0.0051120950430332416 -0.013123463325299114 0.002982951581063497 0.018340257895372674 0.0051134880350755399 0.026357236668234557
leaf_weight=151070.86982345581 69870.313241958618 22162.422302246094 227557.41590499878 43878.425804138184 74295.352203369141 48868.353514671326 21418.92599105835 2571.4868583679199 176839.46723651886 14291.97967338562 229590.12861061096 9685.1537666320801 20123.850416183472 5613.9226341247559
leaf_count=6441 592 45 4452 661 229 1446 1349 32 4642 490 2608 96 295 24
internal_value=-0.000202362 0.00570943 -0.00411834 0.00325127 0.0145997 -0.00893355 -0.010786 -0.00175503 -0.00239719 -0.000411804 0.00445782 0.00654469 0.00149926 0.00894174
internal_weight=1.11784e+06 445411 672428 348953 96457.8 221358 172490 451069 418689 241849 305074 32380.5 22695.3 75484.2
internal_count=23402 4159 19243 3885 274 9236 7790 10007 9584 4942 3224 423 327 616
is_linear=0
shrinkage=0.03


Tree=72
num_leaves=15
num_cat=0
split_feature=10 14 5 15 14 7 12 7 6 5 17 20 20 5
split_gain=30701.9 11793.8 11720 4046.57 4953.65 2750.49 2639.9 2473.31 3683.26 3062.8 2878.27 2337.59 2048.94 2539.86
threshold=4.5000000000000009 713.21500000000015 3192.063333333334 204.46000000000004 94.845000000000013 127.12500000000001 1768.5600000000002 57.071428571428577 1071.7076944637413 3192.063333333334 2.025641025641026 0.99398728250621604 0.35683330213938591 329.56400000000002
decision_type=2 2 2 2 2 2 2 2 2 2 2 2 2 2
left_child=1 3 6 4 11 -6 -2 8 10 -9 -3 -1 13 -5
right_child=2 7 -4 12 5 -7 -8 9 -10 -11 -12 -13 -14 -15
leaf_value=-0.017858743551036796 0.0059573323249180023 0.026299457471084191 0.035127135126088588 -0.0052835850132154239 -0.0042498426363970681 -0.012761260434571495 0.01362256902796994 -0.0011014456853141277 0.015373932173124659 -0.033403880055521515 0.001804020049233507 0.029143573175420209 0.023048972426966644 0.0014819963794904341
leaf_weight=43078.361239433289 99937.00562286377 4362.5884666442871 17091.310424804688 117224.96694850922 184354.40587711334 41937.977808952332 67967.970726013184 144157.55261993408 20302.82349395752 2671.1047630310059 290128.42568588257 956.49487590789795 2867.2270822525024 86980.668656349182
leaf_count=2593 798 35 18 3643 5970 1640 211 2397 91 27 3777 21 54 2123
internal_value=0.000303319 -0.00189744 0.0114731 -0.00520341 -0.00762065 -0.00582822 0.00906147 0.00152161 0.00302126 -0.00169356 0.00216866 -0.016825 -0.00204735 -0.00240195
internal_weight=1.12402e+06 939023 184996 477400 270327 226292 167905 461622 314794 146829 294491 44034.9 207073 204206
internal_count=23398 22371 1027 16044 10224 7610 1009 6327 3903 2424 3812 2614 5820 5766
is_linear=0
shrinkage=0.03


Tree=73
num_leaves=15
num_cat=0
split_feature=15 14 4 20 0 20 19 18 8 14 17 5 8 20
split_gain=29117.9 10350.5 9887.49 2837.78 2837.63 2755.08 2712.18 2649.38 4138.75 2555.82 2717.25 2309.81 2219.95 1939.16
threshold=1133.5800000000002 257.05000000000007 37112.035000000011 0.99398728250621604 262.50000000000006 0.013548644999590123 35.500000000000007 1.0217391304347829 0.35226779177266249 1088.7650000000003 2.025641025641026 96.575000000000003 5.5906544435956205 0.28019059431740684
decision_type=2 2 2 2 2 2 2 2 2 2 2 2 2 2
left_child=1 3 6 4 7 -4 -2 8 -1 -3 -11 -9 -8 -12
right_child=2 9 5 -5 -6 -7 12 11 -10 10 13 -13 -14 -15
leaf_value=-0.019784913000544364 0.013192172510292519 -0.0028111743884314659 0.027195456794745602 0.027686893009358084 -0.018316203124580349 0.012814587527085117 0.0046916247012071689 -0.018138308033644107 0.050684852236786586 0.023151172330755254 0.0010438144709209816 -0.0071443887542006878 -0.014089458330121062 -0.021666860621213115
leaf_weight=1319.1636915206909 34887.101797103882 342638.13210868835 24582.577087402344 1863.7765922546387 27253.061527252197 23516.914680480957 225849.69054794312 19401.860505104065 1693.3562116622925 4941.7139701843262 243354.97483444214 151182.80328464508 5791.0475978851318 3411.4670867919922
leaf_count=78 299 8562 33 34 1604 52 2216 1103 8 38 3084 5998 121 49
internal_value=-7.13006e-05 -0.00312174 0.00765624 -0.00897515 -0.00931808 0.0201726 0.00539611 -0.00790351 0.0198996 -0.00112509 0.00117015 -0.00839679 0.00422092 0.000728116
internal_weight=1.11169e+06 797060 314627 202714 200850 48099.5 266528 173597 3012.52 594346 251708 170585 231641 246766
internal_count=23279 20558 2721 8825 8791 85 2636 7187 86 11733 3171 7101 2337 3133
is_linear=0
shrinkage=0.03


Tree=74
num_leaves=15
num_cat=0
split_feature=13 15 14 0 5 11 8 5 8 5 0 1 3 1
split_gain=23387.4 10147.5 5204.05 2665.21 2633.39 2561.12 2242.86 2151.64 2028.54 2178.55 1610.15 1574.72 2603.69 2039.36
threshold=622.36500000000012 5328.5250000000005 195.83000000000001 394.50000000000006 380.4016666666667 36.500000000000007 0.42471814765426114 1629.3950000000002 5.8620507399577173 960.5200000000001 92.500000000000014 282.50000000000006 3.5000000000000004 404.00000000000006
decision_type=2 2 2 2 2 2 2 2 2 2 2 2 2 2
left_child=2 5 3 4 -1 11 -4 -3 9 -8 -11 12 -2 -13
right_child=1 7 6 -5 -6 -7 8 -9 -10 10 -12 13 -14 -15
leaf_value=-0.0092495930224363778 -0.00015025503706961671 0.010987629302461131 -0.0043290091154212298 -0.028967929749950067 -0.00013187659546406248 0.022091804819682224 -4.1372041307485112e-05 0.021199731682654991 -0.013463330772283585 0.027390189170847169 0.0030463401304880225 -0.0027926403153763104 0.0057979284036970826 0.0067195331251484044
leaf_weight=145606.63752937317 100595.54008674622 56666.130577087402 206027.20398807526 5323.5546255111694 35449.739193916321 6155.7758483886719 202375.33640098572 27681.698036193848 9589.7472438812256 4571.3318862915039 5243.7194328308105 82379.231731414795 193854.77450180054 26889.906047821045
leaf_count=6597 1607 213 5727 396 956 17 4248 58 232 29 60 962 1860 279
internal_value=1.06606e-05 0.00486848 -0.00389835 -0.00808185 -0.00746461 0.00291806 -0.00207546 0.0143433 1.82138e-05 0.000628711 0.0144171 0.00262462 0.00376593 -0.000451
internal_weight=1.10841e+06 494223 614187 186380 181056 409875 427807 84347.8 221780 212190 9815.05 403719 294450 109269
internal_count=23241 4996 18245 7949 7553 4725 10296 271 4569 4337 89 4708 3467 1241
is_linear=0
shrinkage=0.03


Tree=75
num_leaves=15
num_cat=0
split_feature=4 14 12 3 1 7 8 7 17 18 12 17 5 4
split_gain=24853.2 9122.5 5905.19 3574.45 3440.1 3216.97 2558.21 2525.82 2306.81 3868.68 2127.68 1895.19 1642.74 1626.3
threshold=4762.170000000001 261.27500000000003 12103.110000000002 3.5000000000000004 282.50000000000006 58.937500000000007 8.3084158415841607 248.50000000000003 46.058823529411775 17.157164948453612 1857.6450000000002 61.125000000000007 1078.4125000000001 164.47000000000006
decision_type=2 2 2 2 2 2 2 2 2 2 2 2 2 2
left_child=1 7 3 -2 10 6 8 13 12 -10 -5 -9 -3 -1
right_child=2 5 -4 4 -6 -7 -8 11 9 -11 -12 -13 -14 -15
leaf_value=-0.011315741476070389 -0.011840576351605006 0.00092998408007301811 0.025676293039853793 0.0087651329897398458 0.0043331522451481776 -0.003046770665578737 -0.019686185973630858 -0.017846725769391947 0.0057472183467230428 0.04197337369353276 0.017740070040168546 0.019224141640638074 -0.018846969983636001 -0.0048522142033711156
leaf_weight=46224.240243911743 8491.4760036468506 331669.87249946594 16773.34309387207 68489.560894012451 112424.76784706116 273763.43504714966 5176.2681179046631 26400.740186691284 36301.670446395874 2843.4712772369385 36468.549240112305 1286.5001201629639 3803.6037311553955 144858.75440311432
leaf_count=2410 87 5721 24 419 783 6285 144 1581 560 12 107 36 56 5164
internal_value=1.94334e-05 -0.00234286 0.00851145 0.00723464 0.00798078 -0.000567811 0.00121914 -0.00764512 0.00150903 0.00839875 0.0118863 -0.0161116 0.000704642 -0.0064168
internal_weight=1.11498e+06 872329 242648 225874 217383 653558 379795 218770 374619 39145.1 104958 27687.2 335473 191083
internal_count=23389 21969 1420 1396 1309 12778 6493 9191 6349 572 526 1617 5777 7574
is_linear=0
shrinkage=0.03


Tree=76
num_leaves=15
num_cat=0
split_feature=15 14 15 22 7 20 1 22 5 8 7 5 1 5
split_gain=20431.6 8167.07 7107.41 3964.37 4078.65 3422.84 3088.78 4269.24 2428.4 2080.45 2109.13 2006.24 1996.22 2033.16
threshold=1170.8550000000002 261.27500000000003 24921.715000000004 0.57518796992481214 63.100000000000009 0.99398728250621604 282.50000000000006 0.054093567251461992 83.57350000000001 1.3822759470280259 21.710084033613452 2250.4095454545454 313.00000000000006 88.511250000000004
decision_type=2 2 2 2 2 2 2 2 2 2 2 2 2 2
left_child=1 5 6 4 9 8 7 -2 -1 10 -3 -6 13 -10
right_child=2 3 -4 -5 11 -7 -8 -9 12 -11 -12 -13 -14 -15
leaf_value=-0.018961848503161554 -0.0039922457716097121 0.0084262806613321552 0.021847587296285442 -0.0093746388114533761 -0.0032447000534388155 0.029801763033269826 0.0023372980220158243 0.011349088371426154 0.019205762414589888 -0.002483027773582583 0.0017102591922692912 -0.034235261734928676 -0.01346350186096504 -0.0062099921664009209
leaf_weight=17490.371527671814 19625.719240188599 52628.391344070435 24674.131122589111 46520.646268844604 210718.67766189575 2127.7675333023071 159654.12540054321 96807.139846801758 2869.6710033416748 79443.443151473999 209820.65692138672 1877.223991394043 37478.823921203613 146436.7967748642
leaf_count=1080 251 678 41 1172 5043 36 1622 698 77 1510 3390 27 1776 6022
internal_value=-0.000246832 -0.00273301 0.00642721 -0.000964738 -0.000258848 -0.0078813 0.00504759 0.00876294 -0.00827669 0.00177005 0.00305755 -0.00352154 -0.00727422 -0.00571899
internal_weight=1.10817e+06 807412 300761 601009 554488 206403 276087 116433 204276 341892 262449 212596 186785 149306
internal_count=23423 20811 2612 11820 10648 8991 2571 949 8955 5578 4068 5070 7875 6099
is_linear=0
shrinkage=0.03


Tree=77
num_leaves=15
num_cat=0
split_feature=13 14 8 20 7 20 7 7 8 0 17 7 21 18
split_gain=21112.8 10346.7 3052.44 3154.97 3044.53 2082.43 2005.65 2161.07 1902.2 1862.81 1676.79 1793.04 1620.06 1408.23
threshold=3996.1200000000003 713.21500000000015 0.093795821114369515 0.74787502801791794 12.022222222222224 0.013201712805430659 56.900000000000006 56.062500000000007 5.5906544435956205 367.50000000000006 58.07500000000001 251.25000000000003 1.0000000180025095e-35 2.244531864673486
decision_type=2 2 2 2 2 2 2 2 2 2 2 2 2 2
left_child=1 2 10 9 5 -2 7 8 12 -4 11 -1 -3 -14
right_child=4 6 3 -5 -6 -7 -8 -9 -10 -11 -12 -13 13 -15
leaf_value=-0.0065772008091362051 0.023040189213475136 0.0090139049524057685 -0.0021978064826030127 0.040826580910298546 0.0071320463067404477 0.011860688937603227 -0.0013623375173457866 0.025734161193062238 -0.014454289822692104 -0.032284309609520244 0.0042514883468901758 -0.015125237004386834 0.021567200268673325 0.0019797055929826131
leaf_weight=194481.99057292938 27080.930969238281 34343.757120132446 241813.30460643768 1507.1868276596069 55722.482444763184 33780.485282897949 146985.41295814514 3631.3440170288086 5815.086763381958 1846.5377511978149 11387.721377372742 24913.91065788269 3316.7759265899658 332426.36160469055
leaf_count=7368 58 354 6790 19 236 84 2458 32 98 112 316 1482 35 3981
internal_value=0.000120418 -0.00128491 -0.00449045 -0.00215922 0.0122026 0.0168411 0.00161282 0.00276505 0.00254181 -0.00242844 -0.00696657 -0.00754918 0.00280963 0.00217448
internal_weight=1.11905e+06 1.00247e+06 475951 245167 116584 60861.4 526519 379533 375902 243660 230784 219396 370087 335743
internal_count=23423 23045 16087 6921 378 142 6958 4500 4468 6902 9166 8850 4370 4016
is_linear=0
shrinkage=0.03


Tree=78
num_leaves=15
num_cat=0
split_feature=13 2 14 22 21 16 22 1 18 8 21 7 7 7
split_gain=19021 7073.05 4948.08 3042.34 2630.39 2072.52 3424.75 2239.24 2002.68 4484.91 2200.12 1925.15 1853.74 1645.49
threshold=756.77500000000009 32.500000000000007 261.27500000000003 0.62019230769230782 1.0000000180025095e-35 0.35129356745093449 0.36055555555555557 56.500000000000007 1.0217391304347829 0.35226779177266249 1.0000000180025095e-35 55.083333333333336 18.016666666666669 315.50000000000006
decision_type=2 2 2 2 2 2 2 2 2 2 2 2 2 2
left_child=2 3 8 11 -3 12 7 -7 9 -1 -10 -2 -4 -12
right_child=1 4 5 -5 -6 6 -8 -9 10 -11 13 -13 -14 -15
leaf_value=-0.022635692246765041 0.0050667939773805914 0.025003405436873512 -0.019755769496851552 -0.0079463027608868107 0.010704158746243303 0.0054840792762289193 -0.01152102767037835 -0.0028823095639239843 0.0035349821932285259 0.049412189942348965 -0.007432308054537198 -0.00051582533749383217 0.0015819988519430667 -0.020293219674640865
leaf_weight=1398.9626312255859 285043.58628082275 15426.81103515625 3722.2685947418213 20345.672634124756 46526.905113220215 33618.843023300171 36807.45064163208 199830.43873596191 15959.217067718506 1705.7908802032471 192267.41099071503 69059.311979293823 176037.90448760986 9379.3755416870117
leaf_count=88 2579 22 62 333 157 833 1094 4606 521 9 7939 976 3378 698
internal_value=8.91533e-06 0.00488372 -0.00316288 0.00332977 0.0142717 -0.00135822 -0.00301855 -0.00167711 -0.006842 0.0170112 -0.00718387 0.00397807 0.00113801 -0.00803247
internal_weight=1.10713e+06 436402 670728 374449 61953.7 450017 270257 233449 220711 3104.75 217606 354103 179760 201647
internal_count=23295 4067 19228 3888 179 9973 6533 5439 9255 97 9158 3555 3440 8637
is_linear=0
shrinkage=0.03


Tree=79
num_leaves=15
num_cat=0
split_feature=4 6 1 4 11 18 1 22 20 18 8 8 17 20
split_gain=16519.7 7817.58 4634.55 3752.85 2488.99 2277.38 2227.68 3856.42 2240.95 2258.87 4101.23 2203.13 1931.38 3063.07
threshold=1378.8600000000004 1071.7076944637413 311.50000000000006 452.92000000000007 31.500000000000004 64.292913608131002 35.500000000000007 0.32426470588235301 0.0017618661767402402 1.0217391304347829 0.35226779177266249 3.772312223858616 9.3666666666666689 0.084341099394573946
decision_type=2 2 2 2 2 2 2 2 2 2 2 2 2 2
left_child=2 4 3 5 11 6 7 -1 9 10 -8 12 13 -2
right_child=1 -3 -4 -5 -6 -7 8 -9 -10 -11 -12 -13 -14 -15
leaf_value=0.0077646699853764385 0.0088952754073879058 0.013253635154769202 -0.012501528484852698 -0.00054613601030603122 0.012695566411031374 -0.029617457440005289 -0.022915731849450074 -0.0131917183571061 0.00011671303692409129 -0.0092419990640817389 0.047949456169243836 -0.0087241096112855264 0.0014556681275708408 -0.0099844346508986721
leaf_weight=25247.353316307068 66350.228534698486 66476.627511978149 49351.265494346619 274080.91156196594 19989.806671142578 3560.4891576766968 1284.0543670654297 11480.111248970032 32526.624529838562 131504.29520893097 1670.5271997451782 16936.746925354004 402420.39984035492 8737.4236373901367
leaf_count=784 614 255 2226 6303 56 194 78 490 1164 5722 9 342 5038 108
internal_value=7.83934e-05 0.0035739 -0.00374778 -0.00284981 0.00232259 -0.00589566 -0.00547818 0.0012106 -0.00694931 -0.00865839 0.0172046 0.00190273 0.00228 0.0066963
internal_weight=1.11162e+06 580911 530706 481354 514435 207273 203713 36727.5 166986 134459 2954.58 494445 477508 75087.7
internal_count=23383 6413 16970 14744 6158 8441 8247 1274 6973 5809 87 6102 5760 722
is_linear=0
shrinkage=0.03


Tree=80
num_leaves=15
num_cat=0
split_feature=15 13 4 1 1 0 1 6 10 18 6 17 13 17
split_gain=18648.2 5893.55 5500.68 4591.46 3122.15 2615.19 2043.59 1928.01 1625.87 3279.47 1968.06 1854.5 1990.38 1616.86
threshold=1133.5800000000002 5398.0600000000004 438.69500000000011 251.50000000000003 282.50000000000006 32.500000000000007 261.50000000000006 1858.9514663343257 4.5000000000000009 658.72727272727286 3170.263322026673 2.025641025641026 336.5750000000001 58.07500000000001
decision_type=2 2 2 2 2 2 2 2 2 2 2 2 2 2
left_child=2 6 4 8 5 -1 -2 -3 9 10 11 12 -4 -7
right_child=1 7 3 -5 -6 13 -8 -9 -10 -11 -12 -13 -14 -15
leaf_value=0.0010598218797033911 0.0085517828112432383 0.010087335252032786 0.025007043271567705 -0.0052695587304379191 -0.017883031460823054 -0.0076665184449852403 0.0022126393525124448 0.020003054082465492 0.0063555740396289565 -0.036567399621016794 0.023908486643471765 -0.00011917510917124271 -0.0059313320186533151 0.011912183019477121
leaf_weight=45251.501680374146 62479.949924468994 54189.982391357422 5365.2201957702637 152422.10609912872 19381.718318939209 147077.01493167877 171065.87279319763 26226.628707885742 42522.708898544312 2153.7047729492188 3154.5979766845703 375237.21869087219 2858.2307052612305 3879.5562038421631
leaf_count=1561 593 155 83 3702 1307 6283 1907 44 377 29 11 7115 47 112
internal_value=0.000126654 0.00632164 -0.0023068 -0.00079425 -0.00640162 -0.00526576 0.00390912 0.0133254 0.000787532 0.000178216 0.000384795 0.000190037 0.0142655 -0.00716184
internal_weight=1.11327e+06 313962 799304 583714 215590 196208 233546 80416.6 431292 388769 386615 383461 8223.45 150957
internal_count=23326 2699 20627 11364 9263 7956 2500 199 7662 7285 7256 7245 130 6395
is_linear=0
shrinkage=0.03


Tree=81
num_leaves=15
num_cat=0
split_feature=10 4 5 18 21 18 16 4 18 8 15 5 10 5
split_gain=20192 8341.3 6100.52 4030.11 3133.96 2554.02 2732.36 2211.95 3960.42 1834.18 1850.8 1671.54 1581.97 1574.85
threshold=6.5000000000000009 850.58500000000015 3192.063333333334 658.72727272727286 1.0000000180025095e-35 125.42857142857144 0.46796412265457171 108.56000000000002 1.0217391304347829 12.95523648648649 1790.9450000000004 1304.0180000000003 2.5000000000000004 107.00500000000001
decision_type=2 2 2 2 2 2 2 2 2 2 2 2 2 2
left_child=1 7 -2 4 11 9 -7 -1 -9 10 -6 -3 13 -10
right_child=2 3 -4 -5 5 6 -8 8 12 -11 -12 -13 -14 -15
leaf_value=-0.014463204420671534 0.0091348609428443996 0.0042022540161443739 0.029426965983390986 -0.026285121888334904 -0.00087257173800507669 -0.0016899289384436729 0.020883560634495504 0.03897271367631297 -0.015686779092357498 -0.02120822352987773 0.0036460392281120906 0.014590881002920929 0.0054230927442603417 -0.0044956961550361918
leaf_weight=20121.667234420776 103619.27225112915 51221.115149497986 15291.430847167969 4861.2583103179932 404112.65611076355 8628.6167259216309 10922.55881690979 1878.2307682037354 11693.738861083984 3663.0208387374878 102195.82106208801 19145.747259140015 13956.738680839539 337586.39392948151
leaf_count=1238 453 720 16 60 6732 89 75 12 585 102 988 159 315 11833
internal_value=6.92086e-05 -0.00133388 0.0117489 0.000863981 0.00108486 0.000294295 0.0109295 -0.00478399 -0.0042498 -0.000113849 3.95952e-05 0.00703218 -0.00447543 -0.00487125
internal_weight=1.1089e+06 989988 118911 604751 599890 529523 19551.2 385237 365115 509971 506308 70366.9 363237 349280
internal_count=23377 22908 469 8925 8865 7986 164 13983 12745 7822 7720 879 12733 12418
is_linear=0
shrinkage=0.03


Tree=82
num_leaves=15
num_cat=0
split_feature=15 7 13 22 8 7 22 4 18 13 8 22 19 13
split_gain=17921 6253.59 6067.6 5622.41 2968.78 3171.05 2807.58 2278.73 2324.23 2195.78 1887.46 1791.54 2014.05 1917.4
threshold=1133.5800000000002 104.10000000000001 3660.7900000000004 0.73611111111111127 2.9290744466800809 29.055555555555561 0.34738243123336293 108.56000000000002 1.0217391304347829 18179.580000000005 0.13197180178312257 0.097619047619047633 36.500000000000007 535.3850000000001
decision_type=2 2 2 2 2 2 2 2 2 2 2 2 2 2
left_child=1 3 11 4 5 -1 9 -3 -9 -4 -5 13 -13 -2
right_child=2 7 6 10 -6 -7 -8 8 -10 -11 -12 12 -14 -15
leaf_value=0.0050183305973423046 -0.012305194285391141 -0.019771873494052624 0.010770261298488779 -0.016598775799487236 -0.007250174198799292 -0.00063600913290795427 -0.00049730303967176494 0.037103567423293127 -0.0063193901626155654 0.02087978552664255 -0.0033152499604977644 0.013624472586905738 0.0032506664853890212 0.0024501251573282134
leaf_weight=116473.32742118835 12839.801418304443 11556.487380981445 61345.771255493164 25231.425911903381 46354.736556053162 381898.72155761719 13960.382919311523 1096.0632705688477 197049.1681470871 28293.29052734375 15578.232112884521 18827.316709518433 158730.81657791138 20645.853343963623
leaf_count=1843 261 787 217 933 1327 8267 57 7 7092 39 406 197 1743 200
internal_value=1.09499e-05 -0.00238692 0.00607116 -0.000794768 1.00474e-05 0.000685601 0.0120166 -0.00683208 -0.00607547 0.0139651 -0.0115322 0.00315176 0.00435206 -0.00321165
internal_weight=1.10988e+06 795238 314643 585536 544727 498372 103599 209702 198145 89639.1 40809.7 211044 177558 33485.7
internal_count=23376 20662 2714 12776 11437 10110 313 7886 7099 256 1339 2401 1940 461
is_linear=0
shrinkage=0.03


Tree=83
num_leaves=15
num_cat=0
split_feature=15 7 15 22 1 13 22 13 15 1 19 12 19 7
split_gain=15902.8 5867.37 5338 5224.97 3789.05 3483.6 3367.3 1941.19 1885.75 2209.97 1789.61 2310.53 1769.02 1697.63
threshold=1210.2800000000004 69.916666666666671 24921.715000000004 0.57518796992481214 282.50000000000006 100.25000000000001 0.063717532467532478 385.75500000000005 188.45000000000002 253.50000000000003 74.500000000000014 1706.3000000000002 8.5000000000000018 21.029411764705888
decision_type=2 2 2 2 2 2 2 2 2 2 2 2 2 2
left_child=1 3 4 5 6 -1 7 -2 9 -3 -8 -12 -10 -7
right_child=2 8 -4 -5 -6 13 10 -9 12 -11 11 -13 -14 -15
leaf_value=-0.0057856132478211787 -0.017656343635109595 -0.0058746000374303694 0.018281892222321561 -0.0092515200365392552 0.001569470449901036 0.0061879164042163322 0.016893951441840895 0.0033422777776610248 0.0083246476946713405 -0.015041261341525392 0.0042825945239737557 0.016489567911669202 -0.0037243466236773011 0.0011076739104027046
leaf_weight=57638.5269947052 5551.2788066864014 151543.16660690308 28219.123718261719 49381.402183532715 158339.62659645081 74536.007139205933 31403.174268722534 13701.831661224365 11804.908638954163 28049.1912317276 44019.230361938477 20427.868576049805 151290.84122848511 287475.78747653961
leaf_count=1745 115 5148 47 1497 1598 1156 221 121 313 1515 393 52 4390 5070
internal_value=-1.75638e-05 -0.00220329 0.00586359 -2.30893e-05 0.00458078 0.00106323 0.00872224 -0.00272433 -0.00518711 -0.00730779 0.0110216 0.00815577 -0.00285132 0.00215395
internal_weight=1.11338e+06 811720 301662 469032 273443 419650 115103 19253.1 342688 179592 95850.3 64447.1 163096 362012
internal_count=23381 20834 2547 9468 2500 7971 902 236 11366 6663 666 445 4703 6226
is_linear=0
shrinkage=0.03


Tree=84
num_leaves=15
num_cat=0
split_feature=15 4 2 22 5 20 19 4 20 5 5 14 19 5
split_gain=15563.3 6224.31 5886.69 3150.59 2723.73 2260.43 1906.15 1848.51 2092.51 1749.76 1708.07 1683.28 1440.89 3251.43
threshold=1133.5800000000002 438.69500000000011 35.500000000000007 0.57518796992481214 693.38433333333353 0.13803253469163487 36.500000000000007 91.365000000000023 0.56153667736181456 319.01000000000005 1304.0180000000003 195.83000000000001 18.500000000000004 494.69750000000005
decision_type=2 2 2 2 2 2 2 2 2 2 2 2 2 2
left_child=1 7 6 5 -4 9 -2 8 -1 11 -8 -3 13 -11
right_child=2 3 4 -5 -6 -7 10 -9 -10 12 -12 -13 -14 -15
leaf_value=-0.021333346358945713 0.010301763227124283 -0.01064846239087046 0.0064142720494408719 -0.007911353393160292 0.019278860573044839 -0.011558249208681214 0.0015551178374473113 -0.0060320484016282436 0.02274427363424688 0.018553793764853981 0.0098482869235368593 -0.0010505592121314491 0.00097732076149588268 -0.00062080439810833685
leaf_weight=11848.373434066772 32461.954990386963 17997.371768951416 25452.078279495239 50530.080455780029 35507.003860473633 14977.294917106628 193543.47012710571 199966.06205940247 1039.3860921859741 13982.517148017883 25251.833503723145 188576.62226486206 280799.45250701904 18438.245798110962
leaf_count=834 295 675 107 1281 57 293 2073 8455 33 227 159 3952 4699 317
internal_value=-0.000128835 -0.00235021 0.00554972 -0.000752509 0.0139114 -7.58055e-05 0.00352009 -0.00674307 -0.0177488 0.00025548 0.00251307 -0.00188771 0.00166898 0.00765521
internal_weight=1.11037e+06 798155 312216 585302 60959.1 534772 251257 212854 12887.8 519794 218795 206574 313220 32420.8
internal_count=23457 20766 2691 11444 164 10163 2527 9322 867 9870 2232 4627 5243 544
is_linear=0
shrinkage=0.03


Tree=85
num_leaves=15
num_cat=0
split_feature=15 14 5 1 1 19 0 22 5 18 8 22 5 18
split_gain=14178.8 5074.58 4330.04 2663.2 2504.37 2314.72 2118.3 1896.98 1846.88 2175.69 3566.12 1689 1436.15 1258.19
threshold=1133.5800000000002 642.17000000000019 1390.0250000000003 282.50000000000006 253.50000000000003 158.50000000000003 400.50000000000006 0.59729729729729741 166.23000000000005 1.0217391304347829 0.35226779177266249 0.063717532467532478 2250.4095454545454 10.151923076923078
decision_type=2 2 2 2 2 2 2 2 2 2 2 2 2 2
left_child=1 6 3 11 7 12 8 -3 9 10 -1 -2 -4 -5
right_child=2 4 5 13 -6 -7 -8 -9 -10 -11 -12 -13 -14 -15
leaf_value=-0.017851390415951636 -0.00082733556667031159 0.0022604371055421589 0.012537078390491544 -0.0023009074344676615 -0.0045039753299541555 0.019926701398781648 -0.02345954994111563 -0.0074149208331007474 -0.0027923214836485756 -0.0080621523467171979 0.04728877789343295 0.0093779559320725132 -0.0028259655687131631 0.0034336462091475958
leaf_weight=1373.0138597488403 17436.761793136597 296542.87135887146 14970.702215194702 50923.090368270874 72853.790199279785 25870.864973068237 5098.3219709396362 19413.493961334229 293227.55891895294 106893.2755689621 1642.0732164382935 89456.485557556152 8618.4706974029541 106249.98469161987
leaf_count=85 224 4302 95 665 1246 52 396 359 9433 4872 8 668 62 949
internal_value=0.000182511 -0.0019435 0.00558702 0.00406057 0.000509328 0.0137317 -0.00427953 0.00166552 -0.00403581 -0.00735225 0.017703 0.00771339 0.00692644 0.00157563
internal_weight=1.11057e+06 797044 313526 264066 388810 49460 408234 315956 403136 109908 3015.09 106893 23589.2 157173
internal_count=23416 20701 2715 2506 5907 209 14794 4661 14398 4965 93 892 157 1614
is_linear=0
shrinkage=0.03


Tree=86
num_leaves=15
num_cat=0
split_feature=4 4 20 20 5 20 4 18 7 12 19 4 4 18
split_gain=12703.6 5757 3534.45 3452.66 3115.31 3232.57 2466.78 2893.63 2084.04 2282.56 1718.03 1561.32 1851.27 1494.49
threshold=8005.8150000000014 850.58500000000015 0.07786850059065846 0.99398728250621604 1629.3950000000002 0.0057842269028308404 91.365000000000023 1.0217391304347829 34.031250000000007 15.520000000000001 99.500000000000014 258.5750000000001 262.05500000000006 22.00961538461539
decision_type=2 2 2 2 2 2 2 2 2 2 2 2 2 2
left_child=1 3 4 6 5 -2 -1 -8 9 -9 -7 -10 -13 -14
right_child=2 -3 -4 -5 -6 10 7 8 11 -11 -12 12 13 -15
leaf_value=-0.017634194201593765 -0.0037228847244096105 0.00056364084359196041 -0.0093215537400942166 0.029297733738978701 0.015987329866956307 0.015645016527276037 0.031854621094007801 -0.0065731048076779182 -0.0092236723654738756 0.0039031237439293037 0.0063193788858209319 0.020232403030701274 -0.0053098569061668464 0.0028638786252310902
leaf_weight=12320.744373321533 23109.236600875854 569565.28325366974 10274.340940475464 2730.0054197311401 40419.011058807373 24411.772342681885 1995.3334150314331 29525.558308601379 71872.261341094971 51054.772666931152 65519.990325927734 2756.329306602478 186834.99797344208 22550.704298019409
leaf_count=849 154 8807 55 41 115 95 24 978 3665 1470 295 77 6150 669
internal_value=-1.8194e-05 -0.00134683 0.00769966 -0.00419792 0.00884032 0.00628245 -0.00444078 -0.00399643 -0.00419437 6.38348e-05 0.00885372 -0.00540242 -0.00410706 -0.00442936
internal_weight=1.11494e+06 951206 163734 381641 153460 113041 378911 366590 364595 80580.3 89931.8 284014 212142 209386
internal_count=23444 22730 714 13923 659 544 13882 13033 13009 2448 390 10561 6896 6819
is_linear=0
shrinkage=0.03


Tree=87
num_leaves=15
num_cat=0
split_feature=12 14 5 7 20 5 7 7 5 19 17 20 5 19
split_gain=12594.4 6273.27 4370.21 3607.1 2444.07 2467.16 2154.6 1993.44 1918.22 1906.61 1956.71 2716.99 1686.54 1622.96
threshold=1331.1100000000004 264.14000000000004 3192.063333333334 63.100000000000009 0.99398728250621604 189.04800000000003 237.25000000000003 12.022222222222224 597.18295454545466 8.5000000000000018 6.7638888888888902 0.0017618661767402402 2250.4095454545454 4.5000000000000009
decision_type=2 2 2 2 2 2 2 2 2 2 2 2 2 2
left_child=1 4 7 13 5 6 -1 -2 -5 10 -7 -12 -10 -3
right_child=2 3 -4 8 -6 9 -8 -9 12 -11 11 -13 -14 -15
leaf_value=-0.0079600834498917833 0.011334971031101555 -0.014221613145634707 0.022540344512854912 -0.0045521416681243302 0.028150963955117507 0.00059225843611838199 -0.022241515637744388 0.0032619147609923471 0.0024794708893293173 -0.0043467511592816515 0.0017905590522005674 0.055619924416482572 -0.01892421571207932 0.001683324604721294
leaf_weight=87622.544111251831 45832.884098052979 5821.2466068267822 17590.485763549805 178469.71096515656 1884.2442140579224 8371.4228982925415 10655.505856513977 68940.240501403809 64271.049276351929 108175.10515594482 1760.3383913040161 1603.446328163147 3473.4256591796875 503831.33031845093
leaf_count=4214 140 147 31 4660 33 299 807 419 1016 3942 71 13 37 7569
internal_value=-5.93945e-05 -0.0012372 0.00862365 6.0671e-05 -0.00569451 -0.00598934 -0.00951272 0.00648718 -0.00292085 -0.0031005 0.00837532 0.027627 0.00137679 0.00150111
internal_weight=1.1083e+06 975939 132364 755867 220073 218188 98278 114773 246214 119910 11735.2 3363.78 67744.5 509653
internal_count=23398 22808 590 13429 9379 9346 5021 559 5713 4325 383 84 1053 7716
is_linear=0
shrinkage=0.03


Tree=88
num_leaves=15
num_cat=0
split_feature=13 15 22 7 5 22 20 18 5 17 1 5 20 18
split_gain=11357.5 5351.67 3900.75 3401.42 3886.66 3277.26 2939.19 2393.63 2637.83 2508.69 2487.14 2291.14 1890.44 2294.63
threshold=596.21000000000015 6762.9100000000008 0.42169136433316307 121.16666666666667 456.94750000000005 0.95833333333333337 0.21799143390732703 64.292913608131002 836.95000000000016 36.354166666666679 35.500000000000007 1888.7062222222223 0.070445065666994253 125.42857142857144
decision_type=2 2 2 2 2 2 2 2 2 2 2 2 2 2
left_child=3 2 -2 5 6 7 -5 8 10 -10 -1 -3 13 -6
right_child=1 11 -4 4 12 -7 -8 -9 9 -11 -12 -13 -14 -15
leaf_value=0.0076010481689190185 0.0034500667861011216 0.0075891292036335718 -0.0044188261720766297 -0.0099311502869988879 0.0013424591590894249 -0.011711959490250735 0.015299580911329696 -0.013681716586184764 -0.0040946464015767176 0.021317467290423546 -0.0013839194800536428 0.019462754746563955 -0.025621875970533902 0.028875465604820825
leaf_weight=30030.485680580139 382362.24157905579 46737.32453918457 66550.065626144409 115549.78846263885 32771.890606880188 25359.586547851562 4293.1165447235107 12212.377015113831 5482.7417945861816 9602.7417488098145 358683.38577079773 21302.193923950195 2085.2785863876343 2951.5019588470459
leaf_count=893 4163 146 1006 5367 798 1035 145 287 80 102 9301 33 68 39
internal_value=0.000214199 0.00347199 0.00228338 -0.00259727 -0.00637951 -0.00124607 -0.00902491 -0.000607551 -0.000211482 0.0120884 -0.000689421 0.0113112 0.00200599 0.00363215
internal_weight=1.11597e+06 516952 448912 599023 157652 441371 119843 416012 403799 15085.5 388714 68039.5 37808.7 35723.4
internal_count=23463 5348 5169 18115 6417 11698 5512 10663 10376 182 10194 179 905 837
is_linear=0
shrinkage=0.03


Tree=89
num_leaves=15
num_cat=0
split_feature=15 4 6 17 17 18 0 22 18 13 6 22 6 17
split_gain=12982.9 5980.75 4069.9 3303.79 3899.88 2691.04 2507.38 2278.59 1776.96 1726.85 2634.68 2005.07 1613.51 1408.57
threshold=1133.5800000000002 438.69500000000011 3170.263322026673 2.025641025641026 1.5277777777777779 10.151923076923078 342.50000000000006 0.57518796992481214 64.292913608131002 748.19500000000005 1071.7076944637413 0.32426470588235301 578.43010378887664 46.058823529411775
decision_type=2 2 2 2 2 2 2 2 2 2 2 2 2 2
left_child=1 6 5 4 -3 -2 8 9 13 10 12 -11 -5 -1
right_child=2 3 -4 7 -6 -7 -8 -9 -10 11 -12 -13 -14 -15
leaf_value=-0.0061779051514981014 -0.00054454981586221282 -0.00062575103961432172 0.018383094963540091 -0.0016610628339674704 0.03166985785404066 0.0059019713154428478 -0.026534604964475569 -0.007099627402439951 -0.02719600665517816 0.0033626744423591198 0.024596028941517797 -0.0052764590717952371 -0.024651944692473848 0.0041413089904190382
leaf_weight=189007.91058158875 79107.508037567139 7377.0760049819946 19379.560791015625 328716.23041629791 6166.6814098358154 221292.52421951294 5419.7287664413452 48436.828728675842 3446.4162540435791 156463.45978927612 3404.6250152587891 28578.733003616333 2750.5632915496826 12691.674175262451
leaf_count=8203 955 144 32 7588 77 1728 495 1222 201 1829 19 420 56 441
internal_value=-3.73933e-05 -0.00209634 0.00506478 -0.000528496 0.014104 0.00420442 -0.00642858 -0.00087767 -0.00589487 -0.000297762 -0.00158296 0.00202798 -0.00185332 -0.00552824
internal_weight=1.11224e+06 792460 319780 581894 13543.8 300400 210566 568350 205146 519914 334871 185042 331467 201700
internal_count=23410 20695 2715 11355 221 2683 9340 11134 8845 9912 7663 2249 7644 8644
is_linear=0
shrinkage=0.03


Tree=90
num_leaves=15
num_cat=0
split_feature=15 4 6 1 1 1 22 22 17 1 13 22 20 1
split_gain=13622.9 4627.49 4549.29 3775.31 3146.81 2181.38 4663.94 3863.21 3767.58 2151.78 1884.84 1870.36 1848.04 1855.37
threshold=1133.5800000000002 258.5750000000001 3170.263322026673 251.50000000000003 251.50000000000003 174.50000000000003 0.084523809523809543 0.49074074074074076 2.025641025641026 190.50000000000003 11278.895000000002 0.077935222672064791 0.32202633112484647 136.50000000000003
decision_type=2 2 2 2 2 2 2 2 2 2 2 2 2 2
left_child=1 -1 4 5 11 7 -7 12 -8 -10 -9 -2 13 -3
right_child=2 3 -4 -5 -6 6 8 10 9 -11 -12 -13 -14 -15
leaf_value=-0.008019611310028929 0.00047116183695096128 0.0017663721026742649 0.019006177226117853 -0.0050749968493460943 0.0024561936734305801 -0.0028857738819540609 0.035421895224098762 -0.011472875095631288 0.010452492054192665 0.0022773477069694932 0.020329285630334877 0.011572539913409806 -0.022523452985187153 -0.0038835018531946904
leaf_weight=101684.48105335236 17192.445087432861 175497.52030181885 20292.029273986816 167753.44885158539 219941.66975402832 91484.149558067322 3763.7373638153076 39392.923873901367 43819.100751876831 85518.531840324402 1734.0356521606445 66468.459531784058 3277.6106929779053 74501.586807250977
leaf_count=5244 181 3682 33 4553 2110 2084 38 1045 647 1694 5 419 74 1509
internal_value=8.05669e-05 -0.00204738 0.00526025 -0.00116288 0.00434032 0.000101781 0.00232851 -0.00159692 0.00591232 0.00504824 -0.0101228 0.00929185 -0.000211803 8.24918e-05
internal_weight=1.11232e+06 788427 323895 686743 303603 518989 224586 294404 133101 129338 41127 83660.9 253277 249999
internal_count=23318 20575 2743 15331 2710 10778 4463 6315 2379 2341 1050 600 5265 5191
is_linear=0
shrinkage=0.03


Tree=91
num_leaves=15
num_cat=0
split_feature=5 2 7 7 8 7 8 7 3 4 21 6 4 9
split_gain=9695.89 5149.12 4841.04 1896.98 1885.05 2069.33 2091.4 2248.13 1698.77 2979.49 2405.81 2372.21 2209.02 1845.14
threshold=449.74454545454552 32.500000000000007 118.12500000000001 315.50000000000006 3.5563492063492066 31.029411764705888 0.18872737774355028 116.41666666666667 3.5000000000000004 1915.0800000000002 1.0000000180025095e-35 865.7223658265433 3775.7050000000004 1.0000000180025095e-35
decision_type=2 2 2 2 2 2 2 2 2 2 2 2 2 2
left_child=2 8 4 -4 5 -1 -7 -8 10 -10 11 -2 -12 -14
right_child=1 -3 3 -5 -6 6 7 -9 9 -11 12 -13 13 -15
leaf_value=0.0023833890161781479 0.0033867157912072223 0.012171868674544714 -0.0064159430768766729 -0.021090488021672668 -0.007136316614447873 -0.0050438394464455546 -0.00038187222658734031 0.030223534171591147 0.027809809961866862 0.0036438808637551875 -0.00078500388686857092 0.023255170064525269 -0.027121301272584875 0.0016391510363194079
leaf_weight=160621.9269657135 33812.988275527954 54984.03182220459 121068.70699501038 8469.4750165939331 40748.280946731567 114928.58514499664 229390.38481903076 2160.599497795105 4681.910228729248 197060.95551300049 123074.38853168488 6420.5354156494141 5414.192102432251 3180.422477722168
leaf_count=2743 591 118 5122 697 1266 3495 4956 27 43 1641 2526 36 82 25
internal_value=7.09762e-05 0.003602 -0.00216338 -0.0073785 -0.000930048 -0.00043108 -0.00173588 -9.37079e-05 0.00234031 0.00420741 0.000148861 0.00656734 -0.0018131 -0.0164994
internal_weight=1.10602e+06 428629 677388 129538 547850 507101 346480 231551 373645 201743 171903 40233.5 131669 8594.61
internal_count=23368 5062 18306 5819 12487 11221 8478 4983 4944 1684 3260 627 2633 107
is_linear=0
shrinkage=0.03


Tree=92
num_leaves=15
num_cat=0
split_feature=4 18 6 1 8 22 1 0 19 4 4 4 1 21
split_gain=9907.59 5001.24 6509.69 2963.41 2790.57 1903.88 3636.79 3249.26 2308.77 2264.8 1847.4 1784.95 1758.52 1654.04
threshold=2318.3400000000006 365.76315789473693 1858.9514663343257 343.50000000000006 0.27285388706001523 0.17752100840336138 174.50000000000003 45.500000000000007 16.500000000000004 1460.7650000000003 392.63000000000005 91.365000000000023 121.50000000000001 1.0000000180025095e-35
decision_type=2 2 2 2 2 2 2 2 2 2 2 2 2 2
left_child=3 2 13 4 11 7 -7 12 9 -8 -5 -1 -6 -2
right_child=1 -3 -4 10 5 6 8 -9 -10 -11 -12 -13 -14 -15
leaf_value=-0.015410007325877698 0.0084537724962528427 -0.021980083504153324 0.016774794654850118 -0.023089450856421535 0.0082717335854604109 -0.0098632853901912051 0.0095784113539808466 -0.0048813282041279089 0.0036313684349933767 0.03685177233084138 -0.0067588179940152524 -0.0030873100547654147 -0.00081229314925962111 0.0022667650145910068
leaf_weight=10919.049302101135 43879.314036369324 6717.3764381408691 33405.462741851807 7224.5103149414062 34304.394749641418 16196.559992790222 10818.624148368835 105750.88874340057 91793.256698608398 3660.6599731445312 45010.700420379639 323134.29399776459 43460.277435302734 341077.74049377441
leaf_count=740 364 57 72 613 614 400 313 2751 2037 27 1445 10177 787 3096
internal_value=5.75116e-05 0.00366248 0.00407524 -0.00215611 -0.00159522 0.000474555 0.00337103 -0.00145857 0.0053895 0.016515 -0.00902544 -0.00349099 0.00319605 0.00297239
internal_weight=1.11735e+06 425080 418363 692273 640038 305985 122469 183516 106273 14479.3 52235.2 334053 77764.7 384957
internal_count=23493 3589 3532 19904 17846 6929 2777 4152 2377 340 2058 10917 1401 3460
is_linear=0
shrinkage=0.03


Tree=93
num_leaves=15
num_cat=0
split_feature=10 4 5 18 1 18 5 18 8 7 7 16 20 1
split_gain=11054.2 5028.52 4238.95 3113.66 2491.63 2486.28 1955.22 1881.38 1797.82 1859.92 2425.43 1868.04 1537.15 1769.28
threshold=4.5000000000000009 438.69500000000011 3192.063333333334 658.72727272727286 313.00000000000006 12.562843654227512 221.58250000000004 64.292913608131002 12.95523648648649 57.071428571428577 56.062500000000007 0.40130351008547355 0.0028884670302777617 317.50000000000006
decision_type=2 2 2 2 2 2 2 2 2 2 2 2 2 2
left_child=1 4 12 5 7 -3 -7 -1 9 10 -8 -11 -2 -14
right_child=2 3 -4 -5 -6 6 8 -9 -10 11 -12 -13 13 -15
leaf_value=-0.004212656310789464 -0.0015596375603570811 -0.0014638983061508904 0.022183587525277361 -0.023360952445367577 -0.018553591550659072 -0.0083608219427881089 0.0043430187734158554 -0.026380124589137282 -0.021123560224782727 0.0032794691075966297 0.027658116552722753 -0.0046109183575392147 0.0089501691530289671 0.0018401138815501295
leaf_weight=193907.53174591064 24377.772371292114 419121.24234771729 14724.921508789062 5141.4364757537842 12227.60986328125 15167.059636116028 164425.74957084656 3489.0046281814575 2804.9038324356079 63062.423531532288 4097.1083126068115 47196.676302909851 94999.461921691895 47136.743473052979
leaf_count=8129 195 8433 16 66 958 421 1902 204 77 1235 35 926 520 253
internal_value=-1.26586e-05 -0.00133274 0.00676523 -0.000143651 -0.00542231 2.37445e-05 0.00212478 -0.0046071 0.00269012 0.00293121 0.00491307 -9.82542e-05 0.00539927 0.00659285
internal_weight=1.11188e+06 930641 181239 721017 209624 715875 296754 197397 281587 278782 168523 110259 166514 142136
internal_count=23370 22386 984 13095 9291 13029 4596 8333 4175 4098 1937 2161 968 773
is_linear=0
shrinkage=0.03


Tree=94
num_leaves=15
num_cat=0
split_feature=4 15 21 5 6 20 19 16 0 20 6 19 0 20
split_gain=9097.7 4023.32 2582.21 2477.61 2094.1 1867.76 1769.29 1700.51 1536.66 1561.44 1440.18 2730.3 1367.94 1287.75
threshold=1049.7100000000003 2929.3600000000006 1.0000000180025095e-35 110.68666666666668 1071.7076944637413 0.00059103121928520382 93.500000000000014 0.99982985934427715 207.50000000000003 0.96485701519213596 65.316833524221309 25.500000000000004 281.50000000000006 0.99398728250621604
decision_type=2 2 2 2 2 2 2 2 2 2 2 2 2 2
left_child=3 4 -3 8 7 -4 -6 -2 9 10 -1 -12 13 -5
right_child=1 2 5 12 6 -7 -8 -9 -10 -11 11 -13 -14 -15
leaf_value=-0.012349591458286813 0.0006256126382947969 0.014779193201613802 -0.0066527485684305327 -0.0025815611485094036 0.004034197365555027 0.0057791239443894049 0.021289822656405593 -0.01386173921893964 -0.02471501095139941 0.030580164415846114 0.021925528418651329 -0.026484668676657611 -0.011719908561071907 0.022248700114344117
leaf_weight=24321.744919776917 488140.65924263 27170.875926971436 12039.932922363281 379602.00934028625 17755.123392105103 111101.15085601807 7640.935079574585 7382.5238494873047 6110.0917105674744 886.65756416320801 3124.7164182662964 1553.6511611938477 14897.342771530151 1869.3564891815186
leaf_count=1351 7145 104 106 12183 97 557 30 57 496 18 73 79 973 25
internal_value=-9.83344e-05 0.00208775 0.00641121 -0.00349209 0.000840013 0.00456273 0.00923858 0.000409223 -0.0110259 -0.00821262 -0.00941894 0.00580456 -0.00280737 -0.00245872
internal_weight=1.1036e+06 671231 150312 432366 520919 123141 25396.1 495523 35996.9 29886.8 29000.1 4678.37 396369 381471
internal_count=23294 8096 767 15198 7329 663 127 7202 2017 1521 1503 152 13181 12208
is_linear=0
shrinkage=0.03


Tree=95
num_leaves=15
num_cat=0
split_feature=10 4 20 1 21 4 20 6 14 8 3 1 1 20
split_gain=8671.61 4562.89 2935.05 2557.97 2103.46 1933.41 1605.62 3009.42 2762.74 2104.16 1758.07 1267.74 1593.87 1458.49
threshold=6.5000000000000009 947.30500000000006 0.99398728250621604 313.00000000000006 1.0000000180025095e-35 108.56000000000002 0.10674859302041419 1071.7076944637413 4453.2400000000007 5.2984375000000012 6.5000000000000009 279.50000000000006 518.50000000000011 0.004052448890406366
decision_type=2 2 2 2 2 2 2 2 2 2 2 2 2 2
left_child=1 2 3 5 -2 -1 7 9 -8 -3 -11 13 -13 -6
right_child=4 6 -4 -5 11 -7 8 -9 -10 10 -12 12 -14 -15
leaf_value=-0.012679686049578328 0.01722759837139998 0.00098850975632776674 0.027370729298186635 -0.011645327563547999 -0.0016474804811608674 -0.0022814560496053652 -0.0017246713214050943 0.010149771928809078 -0.027137738562499691 -0.0050457334771895719 -0.03135757606596936 -5.6451410019435273e-05 0.013040868892421736 0.011840094358412129
leaf_weight=16834.319945335388 18039.470893859863 512753.06837081909 2781.6138477325439 31534.079180240631 8741.4504013061523 357130.95587921143 20545.41049861908 32134.084932327271 4718.830020904541 9211.7300519943237 3024.3018522262573 39424.126628875732 10593.660541534424 41198.734882354736
leaf_count=1080 30 7394 40 1726 59 11821 355 173 36 211 75 171 32 177
internal_value=0.000116105 -0.000799628 -0.00323121 -0.00344247 0.00780313 -0.00275019 0.00090508 0.00124061 -0.00648901 0.000694918 -0.0115896 0.00609918 0.00272164 0.00947954
internal_weight=1.10867e+06 990668 408281 405499 117997 373965 582387 557123 25264.2 524989 12236 99958 50017.8 49940.2
internal_count=23380 22911 14667 14627 469 12901 8244 7853 391 7680 286 439 203 236
is_linear=0
shrinkage=0.03


Tree=96
num_leaves=15
num_cat=0
split_feature=10 4 22 18 18 22 17 15 1 19 19 22 18 8
split_gain=7987.8 3303.33 2871.92 2607.05 2415.82 3443.03 3628.05 2992.41 2528.81 2494.94 2286.27 2183.53 2168.75 2121.33
threshold=4.5000000000000009 258.5750000000001 0.39208074534161497 658.72727272727286 12.562843654227512 0.14724480578139118 46.555555555555564 204.46000000000004 282.50000000000006 16.500000000000004 45.500000000000007 0.56696428571428581 21.226539589442819 5.0544117647058835
decision_type=2 2 2 2 2 2 2 2 2 2 2 2 2 2
left_child=1 10 12 4 11 6 13 -7 9 -9 -1 -3 -2 -6
right_child=2 3 -4 -5 5 7 -8 8 -10 -11 -12 -13 -14 -15
leaf_value=-0.007257933127828649 0.0038790795140467324 -0.00090642513809921141 -0.0056422255301288374 -0.021732647038998548 -0.0015740070313531294 -0.0042416823762906012 0.016842859465052755 0.023299122179946986 0.0026631345681755111 0.0082418855505186298 0.010953536849968344 -0.0075685830117598269 0.010867747621231875 -0.019226847266164401
leaf_weight=96478.354600906372 84867.63013458252 448648.32468414307 17438.832176208496 5099.6251497268677 150612.03023433685 25977.789290428162 9434.7818241119385 12252.577054023743 62928.848536491394 51592.196681976318 6612.9411859512329 49105.455315589905 75569.331621170044 6366.7440404891968
leaf_count=5060 599 9775 155 68 2910 574 104 189 903 685 239 1580 237 183
internal_value=9.32225e-05 -0.00102628 0.00591506 -0.000391363 -0.000257611 0.00177966 -0.00120557 0.00503163 0.00693224 0.0111379 -0.00608783 -0.00156395 0.00717184 -0.00229233
internal_weight=1.10299e+06 925110 177876 822018 816919 319165 166414 152751 126774 63844.8 103091 497754 160437 156979
internal_count=23261 22270 991 16971 16903 5548 3197 2351 1777 874 5299 11355 836 3093
is_linear=0
shrinkage=0.03


Tree=97
num_leaves=15
num_cat=0
split_feature=4 6 1 19 20 17 22 7 0 17 20 20 0 17
split_gain=7257.06 3349.4 3258.24 2090.67 2065.36 2318.46 2098.04 3521.47 3279.6 1773.01 2423.21 2839.99 1720.32 1769.68
threshold=1682.5450000000003 1071.7076944637413 313.00000000000006 651.00000000000011 0.00086638196539627057 10.516666666666667 0.49074074074074076 45.708333333333336 76.500000000000014 3.8452380952380958 0.087241518295437762 0.0036600455277105677 202.50000000000003 13.035714285714286
decision_type=2 2 2 2 2 2 2 2 2 2 2 2 2 2
left_child=2 3 4 9 5 -1 7 -7 -8 10 11 -2 13 -9
right_child=1 -3 -4 -5 -6 6 8 12 -10 -11 -12 -13 -14 -15
leaf_value=-0.0071248315985453919 0.0036480565927173988 0.0083985539948520961 -0.0091869675420742838 0.015081740476261044 0.0010107287090826925 0.0057475062044059213 -0.012856064763902934 0.0065159053937114304 0.0020928724202831615 0.00073256252272168557 -0.0082536047437688845 0.027996410338518959 -0.01384627155596266 -0.0032450744434776831
leaf_weight=91006.727697372437 9450.4172134399414 72650.119813919067 57868.558531761169 9913.0253753662109 171737.78236293793 62754.075465202332 32505.124134063721 19611.300231933594 22231.038477897644 427320.0615901947 5375.7666597366333 7919.3278865814209 11579.901301383972 112606.44117259979
leaf_count=3690 91 261 2496 27 4203 1422 1118 555 818 4813 46 29 569 3322
internal_value=-0.000116874 0.00241336 -0.00243286 0.00146772 -0.00168669 -0.00300162 -0.00156506 -0.000180986 -0.00678602 0.0011672 0.00932493 0.0147685 -0.00276865 -0.0017965
internal_weight=1.11453e+06 532629 581901 459979 524032 352295 261288 206552 54736.2 450066 22745.5 17369.7 143798 132218
internal_count=23460 5267 18193 5006 15697 11494 7804 5868 1936 4979 166 120 4446 3877
is_linear=0
shrinkage=0.03


Tree=98
num_leaves=15
num_cat=0
split_feature=10 5 18 4 1 1 1 21 17 18 4 18 1 4
split_gain=8508.72 4577.97 4354.01 3147.09 2374.21 1754.96 3310.56 1694.91 1979.76 1634.59 1299.89 1978.48 1524.06 1438.23
threshold=4.5000000000000009 3192.063333333334 658.72727272727286 947.30500000000006 311.50000000000006 337.50000000000006 547.50000000000011 1.0000000180025095e-35 2.025641025641026 21.226539589442819 95.605000000000004 1.0217391304347829 33.500000000000007 258.5750000000001
decision_type=2 2 2 2 2 2 2 2 2 2 2 2 2 2
left_child=2 5 3 4 10 9 -7 -5 -9 -2 -1 -12 -13 -14
right_child=1 -3 -4 7 -6 6 -8 8 -10 -11 11 12 13 -15
leaf_value=-0.01160497257968319 0.0035558565524564062 0.022221735509998237 -0.030488499523912686 0.0051973987445519225 -0.010802038615084462 -0.0046052952955808434 0.014498009086975218 0.015708223682117186 -0.00028385607005803877 0.010524261977142202 0.027716026004199874 0.0028896487870830345 -0.0067668317971837921 -0.0017924207100705931
leaf_weight=12894.634977340698 73333.92113494873 14316.859497070312 4491.5846347808838 63505.421118736267 31676.512056827545 36676.405107498169 10480.744163513184 7057.3090763092041 446864.10775947571 51642.051250457764 1996.3511209487915 48043.545603752136 66390.549757003784 246498.06660747528
leaf_count=848 571 15 65 802 1744 228 37 79 6824 180 23 1452 3273 7313
internal_value=8.47465e-05 0.00593325 -0.00108862 -0.000945194 -0.00291702 0.00457606 -0.000355212 0.000607769 -3.45393e-05 0.00643654 -0.00225188 -0.00191895 -0.00208439 -0.00284829
internal_weight=1.11587e+06 186450 929418 924926 407500 172133 47157.1 517427 453921 124976 375823 362929 360932 312889
internal_count=23454 1031 22423 22358 14653 1016 265 7705 6903 751 12909 12061 12038 10586
is_linear=0
shrinkage=0.03


Tree=99
num_leaves=15
num_cat=0
split_feature=13 7 22 8 20 5 5 20 20 7 17 17 7 5
split_gain=6816.8 2736.7 2830.57 3447.35 2668.63 3069.68 2207.31 2614 2578.45 1853.5 1800.86 1747.73 1737.16 1761.48
threshold=1975.4650000000001 104.10000000000001 0.95833333333333337 5.5906544435956205 0.087241518295437762 1304.0180000000003 453.17000000000002 0.39988377552601978 0.13458271280987541 15.980769230769232 8.3484848484848495 4.5166666666666675 21.029411764705888 400.25000000000006
decision_type=2 2 2 2 2 2 2 2 2 2 2 2 2 2
left_child=1 2 3 12 5 11 7 -3 10 -4 -8 -2 -1 -14
right_child=4 6 9 -5 -6 -7 8 -9 -10 -11 -12 -13 13 -15
leaf_value=0.0052086659757453668 0.0158005512248615 -0.0065128001412403415 -0.00073758805701495034 -0.010825765803278001 -0.0093072269463200259 0.011175502136224862 0.016433705054281274 0.020195841082053852 -0.033153656149708569 -0.014714275153304467 -3.5864740104179462e-06 0.002366798703811479 -0.001052615932888868 0.0024455434801728963
leaf_weight=72037.575189590454 9316.5314292907715 147259.50162935257 15544.604743003845 23694.685157775879 11171.224784851074 64170.994144439697 6688.2476415634155 3354.5178966522217 1945.5853681564331 18934.884253501892 56720.189416885376 131411.61381149292 346154.20630168915 207008.83719062805
leaf_count=1239 36 6497 512 736 56 220 113 100 57 734 1248 784 8142 2974
internal_value=0.000175482 -0.000974093 -4.37286e-05 0.000401445 0.00495997 0.00573866 -0.00391771 -0.00591534 0.000686382 -0.00841716 0.00173483 0.00325826 0.000827281 0.000256533
internal_weight=1.11541e+06 899343 683375 648895 216070 204899 215968 150614 65354 34479.5 63408.4 140728 625201 553163
internal_count=23448 22352 14337 13091 1096 1040 8015 6597 1418 1246 1361 820 12355 11116
is_linear=0
shrinkage=0.03


Tree=100
num_leaves=15
num_cat=0
split_feature=4 1 2 1 17 1 4 1 5 7 17 8 4 7
split_gain=6656.49 2823.39 2748.65 2009.02 2170.52 2034.08 1651.27 1480.04 1441.39 1160.03 1678.53 1303.55 1844.69 1150.21
threshold=1682.5450000000003 317.50000000000006 35.500000000000007 313.00000000000006 3.4529914529914536 381.50000000000006 111.07500000000002 351.50000000000006 1629.3950000000002 15.980769230769232 46.058823529411775 0.34752415458937203 173.85500000000002 8.0227272727272751
decision_type=2 2 2 2 2 2 2 2 2 2 2 2 2 2
left_child=1 6 3 4 -2 7 -1 -5 -4 10 -8 -11 -13 -6
right_child=2 -3 8 5 13 -7 9 -9 -10 11 -12 12 -14 -15
leaf_value=-0.010112989135556454 0.014494693144596267 -0.0085546402615713363 0.0056122830862307075 -0.0009437732484751303 -0.012209239107559505 0.0026833976071166362 0.0011939679971282129 -0.0094835902331578213 0.015806517574334353 -0.002897436900958878 0.018304785221489425 0.02407906738388552 -3.4251916399159032e-05 0.0027007755313580043
leaf_weight=19070.431200027466 14114.330904006958 55688.417980670929 45316.346307754517 41650.928834915161 4707.9829387664795 61658.956612586975 35879.547183036804 32517.104743003845 17231.814025878906 271211.25655937195 6007.0804710388184 2878.8143882751465 190186.64953041077 310663.78422737122
leaf_count=1199 90 2413 154 468 49 843 1021 416 20 8764 106 72 4597 3157
internal_value=8.29272e-05 -0.00213279 0.00252136 0.00172747 0.00299307 -0.00134259 -0.00145161 -0.00468939 0.00842492 -0.00112489 0.00365544 -0.00155631 0.000327761 0.00247743
internal_weight=1.10878e+06 580922 527861 465313 329486 135827 525234 74168 62548.2 506163 41886.6 464277 193065 315372
internal_count=23369 18172 5197 5023 3296 1727 15759 884 174 14560 1127 13433 4669 3206
is_linear=0
shrinkage=0.03


Tree=101
num_leaves=15
num_cat=0
split_feature=15 7 6 13 6 8 17 7 18 2 16 18 7 18
split_gain=7074.07 3303.08 2822.48 2379.72 2036.02 1912.2 1432.04 2241.46 2390.95 1822.86 2017.91 1976.87 2318.15 1428.35
threshold=2767.6200000000003 57.071428571428577 3170.263322026673 205.91000000000003 578.43010378887664 0.55283094098883578 46.058823529411775 16.021739130434785 12.117217689995707 2.5000000000000004 0.99920535587110615 17.157164948453612 52.062500000000007 1.5679487179487182
decision_type=2 2 2 2 2 2 2 2 2 2 2 2 2 2
left_child=1 3 -2 4 -1 -3 9 8 -8 10 -5 -11 -13 -7
right_child=2 5 -4 6 -6 13 7 -9 -10 11 -12 12 -14 -15
leaf_value=-0.002883902508189342 0.004504632066568732 -0.0041137508087721276 0.017781401940366835 -0.0017930908722135939 -0.031583081662406878 0.026831597084033886 0.0090696493305053236 0.0028921823653923102 0.039744387560946094 0.00047413523255462387 -0.020195517029741299 0.0043017893045218872 0.021422478777026882 -6.1378517998224779e-05
leaf_weight=95814.174343109131 142884.47309684753 319323.64672470093 16011.793647766113 62453.508498191833 2257.9630193710327 1784.9324293136597 7208.4090881347656 31786.777820587158 3341.4527473449707 211289.32465171814 5847.2119617462158 81361.673931121826 7782.6780910491943 116747.96673583984
leaf_count=2961 801 10381 26 1773 51 30 111 457 18 2857 91 689 73 3025
internal_value=-1.25633e-05 -0.000995432 0.00584459 0.00064762 -0.00355096 -0.00290593 0.00164943 0.00687375 0.0188421 0.00104925 -0.00337397 0.00205499 0.00580097 0.000348049
internal_weight=1.1059e+06 947000 158896 509143 98072.1 437857 411071 42336.6 10549.9 368734 68300.7 300434 89144.4 118533
internal_count=23344 22517 827 9081 3012 13436 6069 586 129 5483 1864 3619 762 3055
is_linear=0
shrinkage=0.03


Tree=102
num_leaves=15
num_cat=0
split_feature=10 21 20 6 4 17 20 17 14 4 19 12 6 6
split_gain=7392.53 3461.08 3645.26 2673.5 2242.22 1899.55 2401.27 1659.07 1552.08 1462.98 1405.16 1542.27 1389.14 2033.19
threshold=4.5000000000000009 1.0000000180025095e-35 0.00059103121928520382 1858.9514663343257 258.5750000000001 2.025641025641026 0.44823873831313293 46.555555555555564 1074.9850000000004 262.05500000000006 37.500000000000007 228.56500000000003 3170.263322026673 1071.7076944637413
decision_type=2 2 2 2 2 2 2 2 2 2 2 2 2 2
left_child=1 12 4 10 7 8 -7 -3 -4 -6 -2 -12 13 -1
right_child=3 2 5 -5 9 6 -8 -9 -10 -11 11 -13 -14 -15
leaf_value=0.0034869838014950152 0.012050109112550594 -0.0090540339238299131 0.0079572835160574319 0.01371123879475716 0.018812471924450364 0.00041384007766737487 -0.024204494149843825 0.0085243643606179205 0.043095946406379232 -0.0026946899611007802 -0.0091900562599364424 0.0037464949006794398 -0.01914405561979177 0.018876083352319901
leaf_weight=84900.565022945404 16995.767190933228 78632.598475933075 4134.4128661155701 29993.41145324707 2849.8246631622314 375121.93793725967 3580.1011362075806 5133.2316226959229 1544.1830749511719 354646.79889726639 8851.2829856872559 127681.08525848389 2196.66872215271 8482.5453338623047
leaf_count=1668 80 4330 141 44 81 6895 114 189 5 8898 93 779 15 39
internal_value=2.38026e-05 -0.00107156 -0.00169724 0.00552173 -0.00355764 0.000438547 0.000179842 -0.00797504 0.0176303 -0.0025222 0.00392024 0.00290661 0.00433239 0.00488861
internal_weight=1.10474e+06 921223 825643 183522 441262 384381 378702 83765.8 5678.6 357497 153528 136532 95579.8 93383.1
internal_count=23371 22375 20653 996 13498 7155 7009 4519 146 8979 952 872 1722 1707
is_linear=0
shrinkage=0.03


Tree=103
num_leaves=15
num_cat=0
split_feature=15 1 15 7 20 5 21 1 22 0 0 1 0 22
split_gain=6145.54 3182.18 2751.07 2591.32 2170.49 2038.19 2027.5 1843.76 2775.18 2443.75 1895.01 1783.55 1742.77 1856.84
threshold=1210.2800000000004 251.50000000000003 115.30500000000002 12.022222222222224 0.00059103121928520382 1629.3950000000002 1.0000000180025095e-35 321.50000000000006 0.057189542483660136 119.50000000000001 182.50000000000003 374.00000000000006 15.500000000000002 0.41101055806938164
decision_type=2 2 2 2 2 2 2 2 2 2 2 2 2 2
left_child=1 4 -3 -2 6 -6 -1 8 9 -5 -10 -9 13 -8
right_child=3 2 -4 7 5 -7 12 11 10 -11 -12 -13 -14 -15
leaf_value=0.0048677079229476781 0.0088081567627136051 -0.015173664499297447 -0.0035184047303560111 -0.0010350603334809872 0.0022326717963798487 -0.01673691586279679 0.0042789320739306368 -0.0044699302736073429 0.0055297072620379834 -0.028898720374336294 0.024777155232629036 0.0033210475271169258 -0.0037169399301230444 -0.0069605298540582295
leaf_weight=36841.638073921204 67334.531105041504 20391.179958820343 170549.64430046082 17184.665103912354 242958.29443073273 5187.111759185791 54721.666812896729 56165.511297225952 107511.3817024231 3372.3997058868408 4791.9880275726318 49940.689727783203 255326.46763896942 17425.365392684937
leaf_count=789 202 1199 4593 188 4495 48 1037 592 876 93 65 522 8265 519
internal_value=-4.8014e-06 -0.0013833 -0.00476457 0.00361074 -0.000329038 0.00183482 -0.00180292 0.00214563 0.00450029 -0.00562976 0.00635526 -0.000803039 -0.00255364 0.00156314
internal_weight=1.1097e+06 803401 190941 306301 612461 248145 364315 238967 132860 20557.1 112303 106106 327473 72147
internal_count=23483 20945 5792 2538 15153 4543 10610 2336 1222 281 941 1114 9821 1556
is_linear=0
shrinkage=0.03


Tree=104
num_leaves=15
num_cat=0
split_feature=12 8 21 5 3 5 5 5 1 19 5 2 19 3
split_gain=5630.12 2657.38 2747.3 2709.12 2676.16 1634.55 1707.11 1631.26 1566 1237.65 1212.48 1117.27 1125.79 2193
threshold=1768.5600000000002 3.5563492063492066 1.0000000180025095e-35 1036.6200000000001 1.5000000000000002 2250.4095454545454 100.45500000000001 3192.063333333334 251.50000000000003 108.50000000000001 137.17500000000004 7.5000000000000009 7.5000000000000009 3.5000000000000004
decision_type=2 2 2 2 2 2 2 2 2 2 2 2 2 2
left_child=1 2 -1 9 5 6 -4 -2 11 10 -3 12 13 -6
right_child=7 3 4 -5 8 -7 -8 -9 -10 -11 -12 -13 -14 -15
leaf_value=0.0046103415980356692 0.0050228316781335183 -0.017410686593749131 -0.013740377104151913 -0.033965326890490775 0.00059098959315468584 -0.032854526628003845 -0.0029090990343704002 0.015538567727251401 -0.0016749952088621373 -0.01765816004804012 -0.0018573156060774974 0.0045840399370049804 6.2484146543283876e-05 0.025695663311523089
leaf_weight=89230.716831684113 85667.633270263672 5103.8322677612305 14047.740245819092 3205.0821762084961 9728.3667831420898 1720.553150177002 190082.45554161072 15702.04606628418 281106.56276416779 6598.0779504776001 37772.720724105835 74172.636512756348 286359.87344360352 4598.9881687164307
leaf_count=1592 321 273 965 58 256 38 7256 27 5033 150 1012 639 5671 47
internal_value=-8.28743e-05 -0.000763417 -0.000400047 -0.00732085 -0.000918907 -0.00390297 -0.00365575 0.00665445 1.76219e-05 -0.00558173 -0.00371597 0.00128693 0.000473362 0.00867401
internal_weight=1.1051e+06 1.00373e+06 951048 52679.7 861817 205851 204130 101370 655966 49474.6 42876.6 374860 300687 14327.4
internal_count=23338 22990 21497 1493 19905 8259 8221 348 11646 1435 1285 6613 5974 303
is_linear=0
shrinkage=0.03


Tree=105
num_leaves=15
num_cat=0
split_feature=10 5 5 21 20 19 20 20 1 1 5 15 5 20
split_gain=5655.09 3682.6 3282.57 2114.32 2001.88 1939.23 4657.35 1914.59 1816.85 2491.57 1676.01 1670.93 1258.96 1256.14
threshold=4.5000000000000009 3192.063333333334 167.79190476190479 1.0000000180025095e-35 0.00059103121928520382 9.5000000000000018 0.0058958271162996749 0.15856846176662934 337.50000000000006 547.50000000000011 309.3378125000001 4004.3100000000004 303.23750000000007 0.0027212853866227715
decision_type=2 2 2 2 2 2 2 2 2 2 2 2 2 2
left_child=2 8 -1 -4 11 6 -6 -7 13 -10 -8 -5 -9 -2
right_child=1 -3 3 4 5 7 10 12 9 -11 -12 -13 -14 -15
leaf_value=-0.0057120653934935759 -0.0013041604884092253 0.018401936960488911 0.0039408640989927607 -0.0022450468119969043 0.044937199956009165 0.00074279671760015442 0.013544022510547767 -0.026687050945062761 -0.0053784386754615072 0.011891562461456655 -0.012762675971072219 -0.019385671301446205 -0.0056058027271144173 0.0067277934433772101
leaf_weight=117464.87258338928 21223.422910690308 16182.273620605469 91797.42896270752 349165.99224472046 2977.9362869262695 334098.37907505035 4782.9352355003357 3258.061466217041 35530.268709182739 9515.3899040222168 3970.9133520126343 5175.13037109375 11548.682010650635 100363.0258769989
leaf_count=5376 173 17 1550 9217 14 5688 118 138 208 32 69 60 213 569
internal_value=-7.3362e-05 0.00474741 -0.00102699 -0.00034473 -0.00089506 0.000678439 0.0126649 0.000274696 0.00341932 -0.00172669 0.00160891 -0.00249646 -0.0102742 0.0053258
internal_weight=1.10705e+06 182814 924240 806775 714978 360637 11731.8 348905 166632 45045.7 8753.85 354341 14806.7 121586
internal_count=23442 999 22443 17067 15517 6240 201 6039 982 240 187 9277 351 742
is_linear=0
shrinkage=0.03


Tree=106
num_leaves=15
num_cat=0
split_feature=15 1 1 15 18 4 1 15 18 20 1 18 1 21
split_gain=5236.69 2798.23 2468.44 1981.09 1959.9 2006.5 1755.26 1513.64 1499.71 1383.46 1251.84 1216.54 1961.92 1373.42
threshold=1133.5800000000002 261.50000000000006 251.50000000000003 115.30500000000002 658.72727272727286 258.5750000000001 553.50000000000011 5980.0350000000008 1.0217391304347829 0.074633183764131833 313.00000000000006 125.42857142857144 175.50000000000003 1.0000000180025095e-35
decision_type=2 2 2 2 2 2 2 2 2 2 2 2 2 2
left_child=2 7 4 8 5 -1 9 -2 -4 10 -3 13 -13 -7
right_child=1 6 3 -5 -6 11 -8 -9 -10 -11 -12 12 -14 -15
leaf_value=-0.0044783875549995198 0.0057335123006831508 0.0041802751753787825 0.026391223395226541 -0.0032058198744576664 -0.028477205384464115 0.0047837406692711817 0.012454236271159795 0.015256798304422023 -0.014558368598427088 -0.0094696205263192206 -0.00055710020309116611 0.00051128429723925077 0.022646354755892491 -0.0003423345655459006
leaf_weight=86690.322344779968 69824.451169967651 86810.832654953003 820.14861297607422 163262.07593536377 2203.1313991546631 52568.681765556335 12466.956390380859 19137.819116592407 20379.589882850647 10998.781091690063 118994.29168510437 9679.8174285888672 5722.2036418914795 445885.94768619537
leaf_count=4240 588 738 23 4460 33 922 69 47 1201 134 1150 114 60 9604
internal_value=2.22635e-05 0.00326968 -0.00129057 -0.00432707 -0.000361183 -0.000257093 0.00151705 0.00778516 -0.0129508 0.000887034 0.00144139 0.000455208 0.00875367 0.000198449
internal_weight=1.10545e+06 318233 787212 184462 602750 600547 229271 88962.3 21199.7 216804 205805 513857 15402 498455
internal_count=23383 2726 20657 5684 14973 14940 2091 635 1224 2022 1888 10700 174 10526
is_linear=0
shrinkage=0.03


Tree=107
num_leaves=15
num_cat=0
split_feature=6 0 15 18 5 1 12 6 6 5 14 21 18 16
split_gain=5128.54 3226.21 2582.32 2205.52 2105.53 1771.4 1676.01 1761.08 1224.77 1151.06 1248.12 3283.62 1530.12 2184.08
threshold=865.7223658265433 313.00000000000006 493.55000000000007 17.441052631578952 3192.063333333334 261.50000000000006 354.04500000000007 409.47869293437111 561.09945193207454 3192.063333333334 2972.5700000000002 1.0000000180025095e-35 145.15053763440864 0.37778630095893045
decision_type=2 2 2 2 2 2 2 2 2 2 2 2 2 2
left_child=1 2 4 8 6 -5 7 -1 -4 10 11 -2 13 -12
right_child=9 -3 3 5 -6 -7 -8 -9 -10 -11 12 -13 -14 -15
leaf_value=-0.0020746488377649118 0.031434322133016862 -0.016038184913188629 -0.00044544109106250826 0.0092412161932200216 -0.032903931018284781 0.0018167507637756415 0.0016270470674914757 -0.013102431843952206 0.0077631024012354303 0.013372378892888918 0.0066747264306175648 -0.0034991532034003431 0.01069794299623743 -0.0071712141271995178
leaf_weight=450432.40216779709 5154.6009788513184 11986.942708015442 284810.01051712036 48716.299795150757 1918.4462356567383 71169.746266365051 116773.95531845093 13402.326892852783 17336.142486572266 19511.910327911377 22200.805206298828 4545.0648708343506 18342.040260314941 19018.206199645996
leaf_count=14270 27 912 4336 505 27 761 1859 223 136 44 73 64 51 106
internal_value=2.43924e-05 -0.000579538 -0.000394762 0.0013922 -0.00168939 0.00483476 -0.00158512 -0.00239384 2.60205e-05 0.00693865 0.00512283 0.0150917 0.00349485 0.000285912
internal_weight=1.10532e+06 1.01655e+06 1.00456e+06 422032 582527 119886 580609 463835 302146 88772.6 69260.7 9699.67 59561.1 41219
internal_count=23394 23029 22117 5738 16379 1266 16352 14493 4472 365 321 91 230 179
is_linear=0
shrinkage=0.03


Tree=108
num_leaves=15
num_cat=0
split_feature=13 22 5 0 4 5 5 19 14 6 19 1 20 5
split_gain=4744.98 3360.16 1950.39 1902.87 1966.03 2178.82 1916.52 1648.09 1625.15 1958.16 1626.68 1529.79 1579.38 1896.13
threshold=748.19500000000005 0.34891304347826091 3192.063333333334 225.50000000000003 13175.960000000001 796.00716666666688 112.17000000000002 7.5000000000000009 2972.5700000000002 1071.7076944637413 17.500000000000004 553.50000000000011 0.10674859302041419 896.42000000000019
decision_type=2 2 2 2 2 2 2 2 2 2 2 2 2 2
left_child=3 11 -3 4 5 -1 -5 -8 9 10 -7 12 -2 -14
right_child=1 2 -4 6 -6 8 7 -9 -10 -11 -12 -13 13 -15
leaf_value=-0.001479813347938958 0.0035951063568587394 -0.0044547172084159672 0.016785277114683514 -0.025520523222832412 -0.02744201395827062 0.021136781576848784 0.0095471558817170569 -0.0073473118907801203 -0.011629853105308502 0.032405232337349286 0.0024299194891973718 0.015607813833791071 0.001506854593845203 -0.022244489973947349
leaf_weight=570977.45942974091 352999.03005218506 73648.512258529663 4088.4543991088867 4606.1535058021545 2531.9146690368652 5290.1874485015869 5890.2254452705383 43166.119663715363 3854.5109329223633 2890.4202308654785 19749.957178115845 9171.1174163818359 8451.1572856903076 4689.5226669311523
leaf_count=16093 3064 935 10 415 31 66 256 2053 44 16 320 28 81 28
internal_value=-2.06987e-05 0.00234267 -0.0033336 -0.00164559 -0.00116546 -0.00105417 -0.00705887 -0.00531572 0.00658802 0.00910867 0.0063958 0.00351849 0.00321484 -0.00699023
internal_weight=1.112e+06 453048 77737 658957 605294 602763 53662.5 49056.3 31785.1 27930.6 25040.1 375311 366140 13140.7
internal_count=23440 4146 945 19294 16570 16539 2724 2309 446 402 386 3201 3173 109
is_linear=0
shrinkage=0.03


Tree=109
num_leaves=15
num_cat=0
split_feature=15 7 18 4 4 1 18 15 14 18 17 7 4 11
split_gain=5560.38 2767.22 2733.46 2414.02 1986.81 1762.92 1388.53 1214.6 1214.23 1214.45 1762.39 1293.24 1243.03 1953.37
threshold=1895.5050000000001 67.100000000000009 285.73181818181826 22016.660000000003 108.56000000000002 313.00000000000006 83.714285714285737 523.245 3401.9000000000001 10.22140522875817 4.041666666666667 127.12500000000001 244.37500000000003 1.5000000000000002
decision_type=2 2 2 2 2 2 2 2 2 2 2 2 2 2
left_child=1 5 3 -2 -3 -1 -5 -7 9 10 -6 -12 -11 -14
right_child=2 4 -4 6 8 7 -8 -9 -10 12 11 -13 13 -15
leaf_value=0.0011371798274981177 0.0029186042581003709 -0.014642887633063699 -0.014710081622988145 0.0057540289465651279 0.022038485968167338 -0.015284396301940322 0.01445388274434895 -0.0026954593578557848 -0.017701541085226077 -0.0088257015726597166 -0.0020719944963621603 -0.0071725396061545392 0.003178257128842012 -0.0038829674385392234
leaf_weight=470691.22124195099 145844.36932563782 12396.213673591614 6455.3959197998047 35395.516292572021 2310.6843495368958 8129.154501914978 31001.044937133789 45007.133633613586 4606.6229515075684 14170.694751262665 106447.92627811432 77185.320403575897 91784.648410797119 57224.437864303589
leaf_count=9003 1248 906 39 87 73 310 50 770 58 788 3028 3344 2536 1211
internal_value=0.000207039 -0.000846187 0.00449268 0.00507807 -0.00284707 0.000552374 0.00981918 -0.00462643 -0.00243289 -0.00223042 -0.00388782 -0.00421642 -0.000341559 0.000466355
internal_weight=1.10865e+06 889954 218696 212241 366127 523828 66396.6 53136.3 353730 349124 185944 183633 163180 149009
internal_count=23451 22027 1424 1385 11944 10083 137 1080 11038 10980 6445 6372 4535 3747
is_linear=0
shrinkage=0.03


Tree=110
num_leaves=15
num_cat=0
split_feature=7 21 5 19 19 11 22 0 22 5 17 7 7 5
split_gain=3646.37 2570.4 2028.38 1743.09 1810.84 1730.68 1727.94 1807.01 2108.78 2278.26 1774.02 2427.97 1749.66 1416.27
threshold=58.937500000000007 1.0000000180025095e-35 110.68666666666668 20.500000000000004 24.500000000000004 15.500000000000002 0.86607142857142871 76.500000000000014 0.10948202054794522 693.38433333333353 4.041666666666667 50.94444444444445 15.980769230769232 337.09888888888895
decision_type=2 2 2 2 2 2 2 2 2 2 2 2 2 2
left_child=1 5 3 -2 -5 -1 7 10 9 -9 11 -3 -8 -10
right_child=2 6 -4 4 -6 -7 12 8 13 -11 -12 -13 -14 -15
leaf_value=0.0036998091520063408 -0.015737988250995837 0.0053241812852978425 -0.0017964889748417498 0.028783547095341321 -0.0086489352384859167 0.014036892761558865 0.00036008305592794828 -0.0064406966984561125 -0.0050209628133116684 -0.036076431006970978 0.0011648848035808127 0.03024697079397683 -0.013804980174932159 0.007375713353352166
leaf_weight=51863.813112258911 16995.903942108154 27483.659572601318 411073.04830408096 1750.9696044921875 3370.928041934967 20268.127082824707 16892.872815132141 34325.685044288635 14779.334772109985 2486.7468891143799 464617.04672145844 4017.0168657302856 14635.868159294128 18852.397261619568
leaf_count=723 1196 372 11900 41 167 29 508 985 437 60 6066 52 571 280
internal_value=-0.000127899 0.00125857 -0.00227297 -0.011119 0.0042099 0.00660748 0.000613269 0.000993742 -0.00350184 -0.00846115 0.00163219 0.00851955 -0.00622002 0.0019283
internal_weight=1.10341e+06 670223 433191 22117.8 5121.9 72131.9 598091 566562 70444.2 36812.4 496118 31500.7 31528.7 33631.7
internal_count=23387 10083 13304 1404 208 752 9331 8252 1762 1045 6490 424 1079 717
is_linear=0
shrinkage=0.03


Tree=111
num_leaves=15
num_cat=0
split_feature=13 22 5 5 16 2 22 16 16 16 5 17 5 4
split_gain=4831.07 2965.51 2092.34 1848.35 1730.57 1509.07 1472.89 3096.82 2915.32 1647.33 1645.55 2155.37 1609.27 1474.69
threshold=748.19500000000005 0.40370370370370373 166.23000000000005 3192.063333333334 -0.0098433424457874241 32.500000000000007 0.10948202054794522 0.89237189853735222 0.9994410909746736 0.99453939809514369 329.56400000000002 20.839743589743595 614.90702941176482 5645.1050000000005
decision_type=2 2 2 2 2 2 2 2 2 2 2 2 2 2
left_child=2 5 -1 6 -3 -2 9 10 -9 13 -8 -12 -13 -4
right_child=1 4 3 -5 -6 -7 7 8 -10 -11 11 12 -14 -15
leaf_value=-0.0054796878103240453 0.0023077363508502728 0.0079082828335705034 -0.0047619323123841142 -0.030352694125342798 -0.0065235050368741684 0.0073171410814648888 -0.00052049306186087614 -0.0099833668232877596 0.022031733096619259 -0.00056289139004319765 0.0093690130170147028 -0.0025133932188992456 0.0082496989893885812 -0.031632603930234308
leaf_weight=115784.54602813721 330752.63216018677 8866.053882598877 111627.46232843399 1908.5530281066895 47244.909364700317 64702.483665466309 106952.9541182518 32563.922334671021 2759.4157447814941 174634.7713432312 49060.209132671356 40157.602268695831 18130.84753704071 1849.7229614257812
leaf_count=5282 3234 81 3434 40 676 172 2784 1074 21 4621 827 896 264 33
internal_value=-0.00017571 0.00221189 -0.00182069 -0.00103546 -0.00424114 0.00312768 -0.000930279 0.000756472 -0.00747133 -0.00239166 0.00211323 0.00473686 0.00083619 -0.00520543
internal_weight=1.107e+06 451566 655430 539645 56111 395455 537737 249625 35323.3 288112 214302 107349 58288.4 113477
internal_count=23439 4163 19276 13994 757 3406 13954 5866 1095 8088 4771 1987 1160 3467
is_linear=0
shrinkage=0.03


Tree=112
num_leaves=15
num_cat=0
split_feature=15 1 20 5 15 6 4 22 1 1 20 5 12 13
split_gain=3900.13 2325.1 1824.78 1799.9 1796.3 1587.5 1504.28 1310.51 3634.83 2084.97 1860.78 2295 1456.4 1313.58
threshold=3198.1150000000002 282.50000000000006 0.00059103121928520382 79.985000000000028 188.45000000000002 3170.263322026673 116.45000000000002 0.060661764705882359 171.50000000000003 190.50000000000003 0.046578726550876241 869.11250000000007 621.03000000000009 622.36500000000012
decision_type=2 2 2 2 2 2 2 2 2 2 2 2 2 2
left_child=1 2 3 -1 -3 -5 -4 10 12 -10 -8 13 -9 -12
right_child=-2 4 6 5 -6 -7 7 8 9 -11 11 -13 -14 -15
leaf_value=-0.013457592740382949 0.0045602876787781948 -0.011071119448928256 0.024838343391025256 -0.0010822700723756311 -0.0024705361652044783 0.023245302663134064 0.0016398176291290859 -0.015071047989872653 0.011146412015556842 0.0029422171733553921 -0.00698965550000914 -0.028424408566309831 0.0022174730774832097 0.0045297880754946659
leaf_weight=10583.300563812256 145173.12384605408 24645.16131734848 2494.5007963180542 399688.25640773773 192108.43106555939 2408.8196716308594 115218.79793357849 12361.341747283936 36664.33492565155 116245.15664958954 29694.591223716736 3600.3556537628174 6783.3781509399414 12708.033786773682
leaf_count=715 679 1412 86 11070 3893 7 1958 319 407 1658 927 46 76 175
internal_value=-2.38599e-05 -0.000713426 7.89807e-05 -0.00125716 -0.00344936 -0.000935383 0.00172114 0.00154664 0.00336752 0.0049106 -0.000396766 -0.00549608 -0.00894944 -0.00353678
internal_weight=1.11038e+06 965204 748451 412680 216754 402097 335770 333276 172054 152909 161222 46003 19144.7 42402.6
internal_count=23428 22749 17444 11792 5305 11077 5652 5566 2460 2065 3106 1148 395 1102
is_linear=0
shrinkage=0.03


Tree=113
num_leaves=15
num_cat=0
split_feature=10 5 18 14 21 20 19 20 5 6 4 18 20 18
split_gain=4199.8 2486.37 2217.22 2926.25 2580.33 2177.43 2812.34 2929.85 3405.27 2067.28 1825.54 1685.82 1434.89 1786.76
threshold=4.5000000000000009 3192.063333333334 365.76315789473693 8907.1250000000018 1.0000000180025095e-35 0.00059103121928520382 8.5000000000000018 0.0060676403599019225 404.37595238095247 1071.7076944637413 258.5750000000001 2.1935373831150593 0.56153667736181456 37.806055646481191
decision_type=2 2 2 2 2 2 2 2 2 2 2 2 2 2
left_child=2 -2 4 -4 9 10 7 -7 -9 12 11 -6 13 -1
right_child=1 -3 3 -5 5 6 -8 8 -10 -11 -12 -13 -14 -15
leaf_value=0.0006243022329449129 0.003173537895536792 0.015631119073386705 -0.0037031409226931855 -0.03990012311705296 0.0027296417119928333 0.038438367215266944 1.2128984350332993e-05 0.012683697141048753 -0.032737394032235793 0.017456694135961993 -0.0016215266759491286 -0.0085659620396927004 0.025883917300290188 0.015902792652807012
leaf_weight=76595.870927810669 171025.68088150024 15729.364501953125 6259.0520482063293 2944.2598991394043 14408.706763267517 3216.596887588501 366910.94684457779 10621.32186794281 1707.0726118087769 9380.106517791748 351442.48250579834 67823.639350891113 2306.4238929748535 7549.8707332611084
leaf_count=1559 1000 17 113 27 687 20 6758 318 43 43 8882 3794 34 100
internal_value=0.000122411 0.00422433 -0.000709277 -0.0153444 -0.000561249 -0.0011081 0.000541973 0.0130319 0.00635155 0.00409511 -0.00256325 -0.00658657 0.00264167 0.0019986
internal_weight=1.10792e+06 186755 921166 9203.31 911963 816131 382456 15545 12328.4 95832.3 433675 82232.3 86452.2 84145.7
internal_count=23395 1017 22378 140 22238 20502 7139 381 361 1736 13363 4481 1693 1659
is_linear=0
shrinkage=0.03


Tree=114
num_leaves=15
num_cat=0
split_feature=7 22 8 5 8 1 16 8 16 5 7 19 0 22
split_gain=3194.48 2793.9 4172.39 2498.15 2480.69 1906.01 2029.83 1804.87 1919.71 1936.25 1235.13 1203.49 1178.83 1114.78
threshold=58.937500000000007 0.58712121212121227 3.772312223858616 3192.063333333334 0.49193338537600839 313.00000000000006 0.23219844811385623 0.54067843353557654 0.99972883708986815 453.17000000000002 315.50000000000006 13.500000000000002 45.500000000000007 0.86607142857142871
decision_type=2 2 2 2 2 2 2 2 2 2 2 2 2 2
left_child=1 2 3 5 12 -1 -7 8 9 10 13 -6 -3 -2
right_child=7 4 -4 -5 11 6 -8 -9 -10 -11 -12 -13 -14 -15
leaf_value=0.0031155580534914912 -0.0048532643494373553 -0.0092566419520940836 -0.0074333002381970631 0.01293222718831147 0.019650938297582913 0.00067646605237711059 -0.0096015491102719331 0.0012590416985633409 -0.035698275881894281 0.00047222026553848939 -0.016258305153123764 -0.00039106595416375529 -0.034932781482733356 0.0023619668273831607
leaf_weight=447740.94467830658 183712.93098640442 29386.031030654907 39814.478807926178 20315.226272583008 3101.5795297622681 94459.229800224304 21148.571574211121 118599.96580886841 1595.6264724731445 102699.13124084473 7784.2790150642395 19797.109273910522 1686.3299970626831 21518.708229541779
leaf_count=6371 6655 897 1062 34 61 924 183 3040 25 1977 688 465 88 988
internal_value=0.000104916 0.00139394 0.00196081 0.00260186 -0.005153 0.00222889 -0.00120507 -0.00189832 -0.00307844 -0.00291133 -0.0045425 0.00233836 -0.0106717 -0.00409658
internal_weight=1.11336e+06 677450 623478 583664 53971 563349 115608 435911 317311 315715 213016 22898.7 31072.4 205232
internal_count=23458 10085 8574 7512 1511 7478 1107 13373 10333 10308 8331 526 985 7643
is_linear=0
shrinkage=0.03


Tree=115
num_leaves=15
num_cat=0
split_feature=7 0 10 7 16 18 18 4 4 12 18 17 17 18
split_gain=3240.46 1888.8 1424.78 1523.35 2002.11 2359.31 1609.37 1413.94 1368.92 1355.85 1321.84 1374.4 1106.41 1192.51
threshold=12.022222222222224 225.50000000000003 15.500000000000002 67.100000000000009 0.35129356745093449 1.0217391304347829 10.468857758620691 114.07500000000002 9729.590000000002 572.83500000000015 125.42857142857144 65.583333333333357 1.5277777777777779 13.985042576823401
decision_type=2 2 2 2 2 2 2 2 2 2 2 2 2 2
left_child=9 2 3 12 6 -6 -5 -3 -7 -1 11 -9 -2 -14
right_child=1 7 -4 4 5 8 -8 10 -10 -11 -12 -13 13 -15
leaf_value=0.00036042024335332406 -0.013913935321702861 -0.024651133917188435 -0.019505555997120769 -0.002052623122721853 0.026087427079804316 -0.0039351097561052713 0.0039123876052878856 -0.0066852517506455255 -0.03097866625531575 0.0074330949483648635 0.020704425314624936 0.019026251653039592 1.1184975129611603e-05 0.0027800519784475781
leaf_weight=36536.182456970215 4462.3616409301758 3378.6719741821289 3351.9832611083984 84606.406223297119 2326.2509307861328 171974.65840053558 78420.467319488525 44208.290432453156 1681.7397575378418 73396.255374908447 1766.6185894012451 1934.8009071350098 374300.40642929077 223610.99741172791
leaf_count=957 155 329 13 2711 46 5252 1832 2239 19 313 42 46 6890 2534
internal_value=0.000195501 -0.000344028 -3.95781e-05 3.01474e-05 -0.00157846 -0.00379726 0.000816841 -0.00594981 -0.00420054 0.00508298 -0.00462122 -0.00559938 0.000935477 0.00104676
internal_weight=1.10596e+06 996024 944735 941383 339010 175983 163027 51288.4 173656 109932 47909.7 46143.1 602374 597911
internal_count=23378 22108 19452 19439 9860 5317 4543 2656 5271 1270 2327 2285 9579 9424
is_linear=0
shrinkage=0.03


Tree=116
num_leaves=15
num_cat=0
split_feature=15 1 22 7 15 6 6 8 15 12 22 1 1 1
split_gain=3665.39 2326.04 2153.29 2123.07 2081.01 1783.26 2805.67 2307.94 1776.94 1724.56 1695.05 2401.52 2678.89 1493.91
threshold=1477.2950000000003 282.50000000000006 0.65686274509803932 63.100000000000009 112.51500000000001 1071.7076944637413 409.47869293437111 9.0976190476190499 112.51500000000001 682.1450000000001 0.054093567251461992 313.00000000000006 374.00000000000006 351.50000000000006
decision_type=2 2 2 2 2 2 2 2 2 2 2 2 2 2
left_child=1 2 3 5 9 6 7 -1 -3 -4 -2 -12 13 -13
right_child=10 8 4 -5 -6 -7 -8 -9 -10 -11 11 12 -14 -15
leaf_value=0.0024775518437224783 -0.0057108675469136018 -0.013473824253499835 -0.012992130945861271 -0.0016684083925164899 0.00083082756256649352 0.011753140559483368 -0.0085304218419186752 -0.017736546532901382 -0.0030799285162699482 0.0026426525773615402 0.006654118801670281 0.00061145116231897949 0.0059360921253231716 -0.0085319755125274396
leaf_weight=325851.05254077911 17870.197898864746 16641.285528182983 30641.843187332153 255025.88378143311 29429.963693618774 15769.531871795654 23644.337121963501 5144.2376041412354 132993.95776844025 8000.081506729126 129977.93452072144 37944.466775894165 50188.529836654663 27889.651948928833
leaf_count=6135 234 1028 1268 7870 1037 67 275 190 3487 126 778 310 403 230
internal_value=0.000120209 -0.000845519 -0.000113542 0.00043801 -0.00517977 0.00188829 0.00144899 0.00216234 -0.0042375 -0.00975555 0.00320581 0.00385396 0.000716387 -0.00326344
internal_weight=1.10701e+06 843142 693507 625435 68071.9 370409 354640 330995 149635 38641.9 263871 246001 116023 65834.1
internal_count=23438 21483 16968 14537 2431 6667 6600 6325 4515 1394 1955 1721 943 540
is_linear=0
shrinkage=0.03


Tree=117
num_leaves=15
num_cat=0
split_feature=20 18 20 21 6 18 0 18 16 18 15 20 6 7
split_gain=3775.92 2763.65 2527.67 2507.03 1662.33 1556.09 1537.29 1472.42 1265.03 1682.35 1257.02 1830.62 1514.22 1222.08
threshold=0.00059103121928520382 17.644957983193283 0.084341099394573946 1.0000000180025095e-35 865.7223658265433 285.73181818181826 223.50000000000003 96.189793244030298 0.99960940627443606 37.806055646481191 2929.3600000000006 0.99398728250621604 699.41730972807034 141.25000000000003
decision_type=2 2 2 2 2 2 2 2 2 2 2 2 2 2
left_child=3 10 7 4 8 -4 -5 13 9 -1 11 12 -2 -3
right_child=1 2 5 6 -6 -7 -8 -9 -10 -11 -12 -13 -14 -15
leaf_value=0.0016165738846473298 -0.00042347929993556227 0.0038067196193505874 -0.00096377340777038236 -0.0021602164786838907 0.022189051483538776 -0.021094887752037255 -0.0086506176796608391 0.011460984556373224 -0.016685007299468958 0.018777873029989109 0.0044282243868250248 0.02662949409563627 -0.018378340084312855 0.017502107698650411
leaf_weight=37086.740859508514 348033.10472822189 121869.32405662537 20857.422728061676 416650.67698097229 4299.3746871948242 4122.5263957977295 35638.296404838562 34359.066961288452 2817.5730209350586 5949.4496250152588 54362.702726364136 2209.3458023071289 4259.3579568862915 6142.6914691925049
leaf_count=870 6606 1053 354 11518 21 28 2025 104 31 79 329 31 60 122
internal_value=-5.04918e-05 0.001564 0.00458112 -0.00196629 0.00439632 -0.0043003 -0.00267199 0.00594784 0.00271908 0.00399662 0.000181333 -0.000470139 -0.000641592 0.00446653
internal_weight=1.09866e+06 596216 187351 502442 50153.1 24979.9 452289 162371 45853.8 43036.2 408865 354502 352292 128012
internal_count=23231 8687 1661 14544 1001 382 13543 1279 980 949 7026 6697 6666 1175
is_linear=0
shrinkage=0.03


Tree=118
num_leaves=15
num_cat=0
split_feature=13 8 8 14 16 17 21 1 1 15 14 5 13 1
split_gain=3544.09 2167.88 2021.05 1664.55 1976.74 1538.09 1419.79 1404.32 2328.03 1150.23 1278.64 1145.77 1036.46 998.431
threshold=2471.3100000000004 0.32030661980167635 3.5563492063492066 3401.9000000000001 0.9995232606733454 58.07500000000001 1.0000000180025095e-35 321.50000000000006 547.50000000000011 393.80500000000006 205.77500000000003 1629.3950000000002 18179.580000000005 222.50000000000003
decision_type=2 2 2 2 2 2 2 2 2 2 2 2 2 2
left_child=1 5 6 4 -4 11 -3 12 -9 10 -7 13 -2 -1
right_child=7 2 3 -5 -6 9 -8 8 -10 -11 -12 -13 -14 -15
leaf_value=-0.0014454660477474452 0.0044424513866879942 0.0070881765498189125 -0.0048361959701625368 -0.031282696475694219 0.028163575169184159 0.027791522256291591 0.000868099750162815 -0.0031991926897760085 0.012047830748137922 -0.0059048411861012508 0.005170120728003583 -0.020177261199191505 0.011466842725966883 -0.0045732831438636866
leaf_weight=265647.5775270462 95671.14200592041 35953.332926750183 49474.533335208893 2036.0345687866211 1669.7331390380859 2512.7863335609436 403430.44167232513 42817.024559020996 11394.372268676758 7409.9808187484741 20222.105191230774 3317.8046274185181 23561.070983886719 140395.90053367615
leaf_count=8355 484 533 1491 23 12 68 7605 200 27 141 397 66 32 3971
internal_value=7.4853e-05 -0.000657904 0.000708764 -0.00481378 -0.00374825 -0.00218952 0.00137737 0.00401224 8.75009e-06 0.00434848 0.00769259 -0.00267116 0.00583221 -0.00252713
internal_weight=1.10551e+06 932070 492564 53180.3 51144.3 439506 439384 173444 54211.4 30144.9 22734.9 409361 119232 406043
internal_count=23405 22662 9664 1526 1503 12998 8138 743 227 606 465 12392 516 12326
is_linear=0
shrinkage=0.03


Tree=119
num_leaves=15
num_cat=0
split_feature=15 18 1 17 1 22 18 20 6 17 20 17 18 22
split_gain=3059.93 2945.45 2530.96 2330.54 2046.71 2018.68 1733.81 1621.2 1502.95 1839.8 1384.87 1346.5 2354.69 1670.27
threshold=465.43500000000012 658.72727272727286 255.50000000000003 46.058823529411775 311.50000000000006 0.063717532467532478 12.656854256854258 0.016107801178801364 102.29862167865515 8.5051020408163271 0.076389055620840987 10.67543859649123 1.0217391304347829 0.49074074074074076
decision_type=2 2 2 2 2 2 2 2 2 2 2 2 2 2
left_child=1 3 5 4 7 -2 -7 11 -9 -10 -4 -1 -13 -14
right_child=2 -3 10 -5 -6 6 -8 8 9 -11 -12 12 13 -15
leaf_value=-0.0051722710533187201 -0.00032008510631408678 -0.035485974892337596 0.00082923179171410014 0.0043870631210430654 -0.0084080248999354387 0.0028058604677959967 0.0097752246000483347 0.0047914636460689875 -0.013541536033000586 0.00059789834277858181 -0.0074752290608992751 0.032697026203289389 -0.00025667875768199585 -0.0064472097160316877
leaf_weight=101685.47835493088 50638.946981430054 2231.9370212554932 303010.7872838974 62159.371111869812 38528.016265869141 57007.275959014893 73650.98281288147 66807.327041149139 9922.3554697036743 49594.172090530396 19199.257307052612 1820.2045307159424 221153.11781835556 47664.170686721802
leaf_count=3778 840 38 3837 1286 1861 740 520 1817 189 803 304 21 5676 1684
internal_value=0.000204029 -0.0012402 0.00192951 -0.00111149 -0.0017479 0.00476483 0.00673533 -0.00123299 0.00170353 -0.00176313 0.000333968 -0.00222934 -0.00112331 -0.00135472
internal_weight=1.10507e+06 601566 503507 599334 537175 181297 130658 498647 126324 59516.5 322210 372323 270637 268817
internal_count=23394 17153 6241 17115 15829 2100 1260 13968 2809 992 4141 11159 7381 7360
is_linear=0
shrinkage=0.03


Tree=120
num_leaves=15
num_cat=0
split_feature=20 15 1 1 20 17 6 17 11 4 7 8 4 4
split_gain=3458.18 2137.53 2059.34 2108.33 2477.75 2015.5 2380.71 1953.9 1622 1779.25 2247.1 1459.72 1151.23 1517
threshold=0.00059103121928520382 3373.7400000000002 251.50000000000003 174.50000000000003 0.32202633112484647 46.058823529411775 1213.5252770697982 9.6794871794871806 20.500000000000004 438.69500000000011 138.16666666666671 0.12757480715436129 304.17500000000001 167.81000000000003
decision_type=2 2 2 2 2 2 2 2 2 2 2 2 2 2
left_child=5 2 3 4 -2 8 -7 11 9 10 12 -5 13 -1
right_child=1 -3 -4 7 -6 6 -8 -9 -10 -11 -12 -13 -14 -15
leaf_value=-0.0057257091470535445 0.00022457882556023635 0.0052262448846689203 -0.0016810455046730678 0.023171142902827659 -0.020955334479821338 0.0022302824804110461 0.033432819399354954 0.0029112225649692842 -0.031239572737878561 -0.00089696566228341073 -0.0097875069878292469 0.007774689731458677 -0.0067068124015140021 0.0035554370424220726
leaf_weight=25489.233892917633 112462.61315155029 120722.4571685791 188166.05917835236 7020.0067367553711 5180.9590826034546 58771.085652351379 2266.5788269042969 133588.77941226959 1729.9630126953125 287074.94755172729 54533.256322860718 26254.31906414032 34351.666306495667 41837.578691005707
leaf_count=1405 2183 508 3397 95 158 1280 7 1960 11 5905 3208 371 1276 1535
internal_value=0.000110055 0.00166379 0.000753743 0.00236406 -0.000711576 -0.00171184 0.00339953 0.0045323 -0.00241302 -0.00229912 -0.00487546 0.0110349 -0.00223957 4.10343e-05
internal_weight=1.09945e+06 593395 472673 284507 117644 506054 61037.7 166863 445017 443287 156212 33274.3 101678 67326.8
internal_count=23299 8672 8164 4767 2341 14627 1287 2426 13340 13329 7424 466 4216 2940
is_linear=0
shrinkage=0.03


Tree=121
num_leaves=15
num_cat=0
split_feature=15 5 0 5 17 5 19 5 19 19 19 5 19 0
split_gain=3197.75 1681.75 1660.23 1367.44 1357.1 1618.32 1942.57 1396.28 1271.22 1090.88 1083.41 1339.74 1157.86 1081.43
threshold=987.5200000000001 3192.063333333334 210.50000000000003 112.17000000000002 46.058823529411775 1155.2500000000002 94.500000000000014 1629.3950000000002 35.500000000000007 1052.5000000000002 7.5000000000000009 228.20416666666671 17.500000000000004 15.500000000000002
decision_type=2 2 2 2 2 2 2 2 2 2 2 2 2 2
left_child=2 8 4 -4 7 13 -7 -1 -2 -10 11 -5 -12 -6
right_child=1 -3 3 10 5 6 -8 -9 9 -11 12 -13 -14 -15
leaf_value=-0.0010763479977662909 0.0067959226191472441 0.011448165289300899 -0.019991287472707019 0.016656390442412759 0.0074952309878237111 0.023632139295221209 0.00064502598893596439 -0.012014429786704056 0.00080111835455710944 0.012441189108584327 -0.014717194696218978 -0.011632738709256142 -0.0034641101020076487 -0.0015351479839998915
leaf_weight=611336.63877248764 40180.995500564575 17080.358236312866 5763.9962058067322 4277.0347428321838 16459.561471939087 6839.6869163513184 6393.6742858886719 10667.317474365234 280981.06687545776 7418.1878967285156 10974.894938468933 2302.9434704780579 32792.636743068695 43264.486769676208
leaf_count=15599 345 40 509 188 254 67 71 101 2741 15 696 113 1503 998
internal_value=-0.000112197 0.00227558 -0.00121114 -0.00617406 -0.000810264 0.00306007 0.0125437 -0.00126432 0.00179811 0.00110137 -0.00458489 0.00675016 -0.0062913 0.000955242
internal_weight=1.09673e+06 345661 751073 56111.5 694961 72957.4 13233.4 622004 328580 288399 50347.5 6579.98 43767.5 59724
internal_count=23240 3141 20099 3009 17090 1390 138 15700 3101 2756 2500 301 2199 1252
is_linear=0
shrinkage=0.03


Tree=122
num_leaves=15
num_cat=0
split_feature=13 22 21 6 18 17 12 6 0 20 19 20 17 18
split_gain=2645.29 2031.95 1597.21 1968.46 1458.25 1400.07 1610.25 1465.94 1400.04 1366.82 1491.96 2776.44 2037.39 1168.66
threshold=596.21000000000015 0.34891304347826091 1.0000000180025095e-35 865.7223658265433 37.806055646481191 8.3484848484848495 809.42000000000007 3170.263322026673 225.50000000000003 0.0028884670302777617 69.500000000000014 0.084341099394573946 2.8137931034482762 145.15053763440864
decision_type=2 2 2 2 2 2 2 2 2 2 2 2 2 2
left_child=2 9 3 4 -1 6 -3 -7 -4 -2 11 12 -11 -10
right_child=1 5 8 -5 -6 7 -8 -9 13 10 -12 -13 -14 -15
leaf_value=0.00033691121920813668 -0.0001315314208930119 0.014666096764721137 -0.0014593642176859625 0.023720840789276647 0.020137296609737895 -0.0050543987585117637 -0.0052114154631412784 0.014212831422015012 -0.0075722664646925382 0.029099217277138146 0.0022351222222585488 -0.0045951876857945858 0.0083444399809733671 0.023296720974346586
leaf_weight=42571.802949905396 135206.62362480164 8301.8915615081787 481637.96003007889 4024.8166561126709 3613.3021893501282 74439.22313117981 6544.1551818847656 3713.1849365234375 46635.95451593399 4582.5354118347168 215049.24531555176 14733.832509994507 57459.444944381714 1111.5691609382629
leaf_count=1137 1685 89 14229 25 61 1100 42 8 2536 14 1641 130 627 28
internal_value=-6.65145e-05 0.00148686 -0.00146025 0.00365242 0.00189404 -0.00253118 0.00590884 -0.00413557 -0.00194528 0.00236198 0.00351719 0.00710673 0.00988631 -0.00684418
internal_weight=1.09963e+06 520030 579595 50209.9 46185.1 92998.5 14846 78152.4 529385 427032 291825 76775.8 62042 47747.5
internal_count=23352 5336 18016 1223 1198 1239 131 1108 16793 4097 2412 771 641 2564
is_linear=0
shrinkage=0.03


Tree=123
num_leaves=15
num_cat=0
split_feature=6 1 15 15 22 18 4 1 4 1 9 22 6 18
split_gain=3102.79 1421.42 2036.18 1637.69 1957.29 1827.58 1779.19 1607.94 1564.13 1478.6 1110.01 2214.01 1468.1 1501.51
threshold=865.7223658265433 317.50000000000006 655.61500000000012 465.43500000000012 0.054093567251461992 14.658241758241759 9729.590000000002 265.50000000000006 537.74000000000012 395.50000000000006 1.5000000000000002 0.32426470588235301 87.631096185851774 3.7475490196078436
decision_type=2 2 2 2 2 2 2 2 2 2 2 2 2 2
left_child=1 3 -3 6 7 -6 10 8 -5 -4 -1 12 13 -12
right_child=-2 2 9 4 5 -7 -8 -9 -10 -11 11 -13 -14 -15
leaf_value=-0.0011285582595425912 0.0055787134656874651 -0.0076852461754851149 -0.003464161302832149 0.02313640012286548 0.0012159356506331561 0.0069083983597450034 -0.026270476922148511 -0.011202231552544956 -0.0011249460159080385 0.0027403642174892726 0.03051677445089393 -0.0071394514151848568 0.0032667398002459917 0.0078880921138384415
leaf_weight=478401.14191579819 86098.823372840881 52832.75719499588 79862.69974899292 2493.2303142547607 128376.24451160431 83947.232736587524 2431.7154121398926 14641.081308364868 49388.014596939087 60919.742525100708 4015.5006732940674 13875.319124221802 31775.390707015991 7687.4073238372803
leaf_count=14093 360 2293 1042 54 1739 778 23 348 868 791 42 301 394 120
internal_value=0.000112441 -0.000353341 -0.00266437 0.000194364 0.00206024 0.00346703 -0.000772425 -0.0024296 4.94353e-05 -0.000779315 -0.000655717 0.00328739 0.00661668 0.0156913
internal_weight=1.09675e+06 1.01065e+06 193615 817032 278846 212323 538186 66522.3 51881.2 140782 535755 57353.6 43478.3 11702.9
internal_count=23246 22886 4126 18760 3787 2517 14973 1270 922 1833 14950 857 556 162
is_linear=0
shrinkage=0.03


Tree=124
num_leaves=15
num_cat=0
split_feature=5 22 22 7 17 1 8 6 5 13 5 0 22 19
split_gain=2786.46 2643.84 2494.64 2351.48 2263.13 1785.55 1475.17 4378.33 1552.52 1467.66 1260.08 1241.34 1279.16 1365.58
threshold=449.74454545454552 0.5590277777777779 0.072751322751322761 106.10000000000001 11.414285714285716 273.50000000000006 1.9845446950710111 1213.5252770697982 693.38433333333353 11278.895000000002 96.575000000000003 342.50000000000006 0.28269230769230774 33.500000000000007
decision_type=2 2 2 2 2 2 2 2 2 2 2 2 2 2
left_child=3 2 6 10 5 -4 9 8 -8 -2 -1 12 -5 -14
right_child=1 -3 4 11 -6 -7 7 -9 -10 -11 -12 -13 13 -15
leaf_value=-0.009003169499685746 0.0012842673850935959 -0.0066095845559541984 0.014410750872035388 -0.0063078960488894146 0.0028040499247963665 0.0048309609589129296 -0.0081789971797531433 0.022004397483605997 -0.029581298668741686 -0.018867426998571819 0.00017285861456461742 -0.019834484618223989 0.0035546428139747151 -0.0060795895798160396
leaf_weight=13809.60250377655 147092.91009616852 29207.516461372375 32230.416105270386 81072.734712600708 167693.09785842896 38381.745391845703 7713.3418169021606 3297.677134513855 5050.59339427948 3306.2837905883789 516357.01360702515 4538.0020327568054 32451.849742889404 22338.288140773773
leaf_count=753 2397 586 146 3669 1482 189 155 19 103 14 11120 472 1363 849
internal_value=0.000231415 0.0021044 0.00273349 -0.000980757 0.00470175 0.00920643 -8.45043e-05 -0.00872066 -0.0166808 0.000838815 -6.64861e-05 -0.00443263 -0.00391534 -0.00037408
internal_weight=1.10454e+06 433974 404766 670567 238305 70612.2 166461 16061.6 12763.9 150399 530167 140401 135863 54790.1
internal_count=23317 5091 4505 18226 1817 335 2688 277 258 2411 11873 6353 5881 2212
is_linear=0
shrinkage=0.03


Tree=125
num_leaves=15
num_cat=0
split_feature=20 20 18 21 6 18 20 4 18 7 18 18 18 7
split_gain=2252.12 2250.6 2294.07 2168.98 3362.26 2121.57 1993.02 1685.4 1966.59 1381.02 1777.6 1515.08 1269.88 1224.46
threshold=0.00059103121928520382 0.10003883546728169 96.189793244030298 1.0000000180025095e-35 865.7223658265433 365.76315789473693 0.99398728250621604 167.81000000000003 1.3494186046511631 19.97058823529412 19.273768216516313 37.806055646481191 658.72727272727286 7.0340909090909101
decision_type=2 2 2 2 2 2 2 2 2 2 2 2 2 2
left_child=3 2 -2 4 9 6 -3 -5 -9 10 -1 -11 13 -10
right_child=1 5 -4 7 -6 -7 -8 8 12 11 -12 -13 -14 -15
leaf_value=-0.00019085674488750779 0.001322859689920569 -0.0049883212045058328 0.0095069449605060981 -0.0078985092744297495 0.028698252791788195 -0.037775301284128419 0.019996169759528414 0.027426213736677699 0.0069974259303388787 0.0014901343907275145 -0.038627620339974966 0.018558322868755341 -0.021329873208537031 -0.0018856844518239189
leaf_weight=3189.1172399520874 501981.16194725037 49288.282970428467 32823.17640209198 41607.645065307617 4632.3318405151367 1661.1717090606689 3031.7915477752686 2075.0247974395752 14456.427077293396 36001.422689914703 1619.7928667068481 5360.8766422271729 2929.0589656829834 396226.90244960785
leaf_count=80 7210 1243 107 2596 20 22 48 33 371 815 31 73 51 10618
internal_value=-2.65982e-05 0.00123618 0.00182549 -0.00148989 0.00438964 -0.00460079 -0.00353346 -0.00214325 -0.00156683 0.0019394 -0.0132439 0.0037102 -0.0017136 -0.00157267
internal_weight=1.09688e+06 588786 534804 508099 50803.5 53981.2 52320.1 457295 415687 46171.2 4808.91 41362.3 413612 410683
internal_count=23318 8630 7317 14688 1019 1313 1291 13669 11073 999 111 888 11040 10989
is_linear=0
shrinkage=0.03


Tree=126
num_leaves=15
num_cat=0
split_feature=15 1 1 22 17 17 7 7 4 20 13 20 17 7
split_gain=2162.45 2483.49 1755.06 1588.12 1472.27 1402.18 3251.48 1058.19 1035.33 1239.41 2116.19 1231.76 1187.96 1729.24
threshold=900.07500000000016 311.50000000000006 245.50000000000003 0.063717532467532478 17.02105263157895 46.058823529411775 16.021739130434785 20.851648351648354 108.56000000000002 0.10674859302041419 1600.0400000000002 0.016107801178801364 19.681159420289859 166.16666666666671
decision_type=2 2 2 2 2 2 2 2 2 2 2 2 2 2
left_child=1 5 3 -2 7 8 -7 -5 -1 11 -11 12 -10 -14
right_child=2 -3 -4 4 -6 6 -8 -9 9 10 -12 -13 13 -15
leaf_value=-0.008102466717275934 -0.0017003181250990634 -0.0060462889415879729 0.00095342973439439447 0.006772596120496451 0.004109811315448973 0.019016988256535267 0.0011063536451256738 0.018472092906078656 0.00045262778068105402 -0.0036231140050459109 -0.029455875509199456 0.0024873607384064164 -0.0017246150517187056 -0.011188122629651447
leaf_weight=16307.503810882568 18928.542407989502 71798.361064910889 282461.60143661499 12518.630395889282 35323.588172912598 10713.137351989746 60800.511632919312 15743.242761611938 244298.88772964478 27514.836915016174 3165.5209579467773 126148.86748600006 153742.52758693695 19574.249412536621
leaf_count=1095 247 2768 2797 56 279 134 1262 106 6793 785 35 2500 3556 875
internal_value=0.000190845 -0.000747478 0.002078 0.00592648 0.0081967 -0.000172852 0.00379403 0.0132982 -0.000653176 -0.000441429 -0.00630593 -0.000110321 -0.000895083 -0.00279458
internal_weight=1.09904e+06 734064 364976 82514 63585.5 662266 71513.6 28261.9 590752 574445 30680.4 543765 417616 173317
internal_count=23288 19803 3485 688 441 17035 1396 162 15639 14544 820 13724 11224 4431
is_linear=0
shrinkage=0.03


Tree=127
num_leaves=15
num_cat=0
split_feature=5 22 22 17 16 12 6 0 0 5 1 22 5 22
split_gain=2346.12 1435.61 1739.33 2520.71 1752.19 1465.56 1585.51 1413.14 2297.82 1220.02 1148.28 1667.8 1083.96 1082.47
threshold=453.17000000000002 0.5064102564102565 0.072751322751322761 11.273291925465839 -0.99906536334271601 393.25500000000005 383.61158622780965 188.50000000000003 186.50000000000003 112.17000000000002 33.500000000000007 0.32426470588235301 3192.063333333334 0.32426470588235301
decision_type=2 2 2 2 2 2 2 2 2 2 2 2 2 2
left_child=7 2 4 5 -2 6 -4 8 10 -9 11 -1 -5 -11
right_child=1 -3 3 12 -6 -7 -8 9 -10 13 -12 -13 -14 -15
leaf_value=0.0082174540079834237 -0.021634001035062585 -0.0044227791399619213 0.023670214008336202 0.0012102542151349932 0.00019396026712333408 0.005889610225733902 0.0062987875355800466 -0.016878823495273657 0.028477508093287154 -0.0080018227197478885 -0.0011923777265806705 -0.0052095663044736569 0.01159567721873875 -5.2862065283979935e-07
leaf_weight=27227.273857116699 3359.676383972168 32546.427290916443 10275.408599853516 159926.16980457306 159972.4400138855 49546.637212753296 8781.3939342498779 7278.3711295127869 2394.2988319396973 29633.506151199341 565791.9984459877 11973.289737701416 9567.8290252685547 31258.004988670349
leaf_count=812 105 610 82 1461 2541 188 58 614 63 1585 13417 495 18 1386
internal_value=-8.58686e-05 0.00163526 0.00212662 0.00376207 -0.000257626 0.0086131 0.0156804 -0.00119153 -0.000731775 -0.00528651 -0.00084831 0.00411578 0.0017978 -0.00389579
internal_weight=1.10953e+06 433976 401430 238097 163332 68603.4 19056.8 675557 607387 68169.9 604993 39200.6 169494 60891.5
internal_count=23435 5063 4453 1807 2646 328 140 18372 14787 3585 14724 1307 1479 2971
is_linear=0
shrinkage=0.03


Tree=128
num_leaves=15
num_cat=0
split_feature=3 18 17 14 18 1 18 22 19 0 17 17 13 18
split_gain=1948 2013.78 2364.35 1641.35 1478.7 1352.21 1218.12 1195.37 1623.84 1576.86 1304.76 1174.49 1417.83 1217.12
threshold=1.5000000000000002 17.441052631578952 45.062500000000007 2972.5700000000002 1.3494186046511631 220.50000000000003 658.72727272727286 0.060661764705882359 5.5000000000000009 45.500000000000007 1.5277777777777779 58.07500000000001 1443.5400000000002 3.8291793313069915
decision_type=2 2 2 2 2 2 2 2 2 2 2 2 2 2
left_child=3 4 6 11 -2 -6 7 9 10 -3 -9 12 13 -1
right_child=1 2 -4 -5 5 -7 -8 8 -10 -11 -12 -13 -14 -15
leaf_value=-0.0081615320144838473 0.022577002480641595 0.0031259298969382229 0.022753232763248095 -0.031091712617967088 0.0013322848263122573 -0.0015302403499643073 -0.012989559170669147 0.0036654879289847318 0.0035137810343891835 -0.0059582598174420355 0.02825901908328354 0.004928301692182193 -0.025730308205216462 -0.0015298721680739253
leaf_weight=28953.27548122406 2545.6449890136719 43702.430945396423 5309.9813842773438 1746.9362392425537 269210.31782627106 331239.85187482834 4432.1248645782471 3480.4261016845703 179637.57465553284 28327.598072052002 4390.1382551193237 19729.685831546783 2363.9559440612793 177619.39214468002
leaf_count=1546 48 525 23 27 5079 6325 44 65 1509 610 58 442 44 6949
internal_value=0.000165484 0.000813551 0.00297047 -0.00228776 -0.000149733 -0.000246833 0.00257083 0.00283753 0.0040993 -0.000447316 0.0174204 -0.00206501 -0.00272579 -0.00246007
internal_weight=1.10269e+06 872276 269280 230413 602996 600450 263970 259538 187508 72030 7870.56 228666 208937 206573
internal_count=23294 14286 2834 9008 11452 11404 2811 2767 1632 1135 123 8981 8539 8495
is_linear=0
shrinkage=0.03


Tree=129
num_leaves=15
num_cat=0
split_feature=18 5 20 7 18 2 8 18 5 20 7 17 20 17
split_gain=3003.15 2277.26 2632.55 2436.92 1510.33 1817.32 1524.12 1373.18 1365.59 1339.99 1319.6 1448.98 2788.12 1192.83
threshold=658.72727272727286 453.17000000000002 0.99398728250621604 118.12500000000001 125.42857142857144 24.500000000000004 8.3084158415841607 145.15053763440864 629.08687500000008 0.042061469796163008 18.016666666666669 46.555555555555564 0.0033155805497024483 58.07500000000001
decision_type=2 2 2 2 2 2 2 2 2 2 2 2 2 2
left_child=1 2 3 7 6 -6 10 -1 -8 13 11 12 -3 -5
right_child=-2 4 -4 9 5 -7 8 -9 -10 -11 -12 -13 -14 -15
leaf_value=-0.00017161582789611862 -0.021958013620181245 -0.010331875693346693 0.027961553052473602 -0.0067919789313950641 0.012234690848711153 0.00011316519941613766 0.0015716153226131243 -0.022579508022311831 -0.034705369785542027 0.0034453606485647438 0.00048685060005210039 0.017505309663496893 0.006293331018107794 0.0086425698011188372
leaf_weight=549527.72517251968 5576.3652009963989 10847.667379379272 2792.7622041702271 102960.09569549561 25671.494637489319 19642.991552352905 1742.6098518371582 2452.3871221542358 1988.241870880127 15016.162351608276 297113.28972434998 7445.6794090270996 55162.930519104004 4696.0995674133301
leaf_count=12505 74 167 39 5061 180 47 39 78 50 593 4185 78 177 139
internal_value=-3.74287e-05 7.43921e-05 -0.00100132 -0.00112204 0.00181104 0.0069826 0.00118461 -0.000271986 -0.017843 -0.00494631 0.00137713 0.00497698 0.00355897 -0.00611722
internal_weight=1.10264e+06 1.09706e+06 677445 674652 419615 45314.5 374300 551980 3730.85 122672 370570 73456.3 66010.6 107656
internal_count=23412 23338 18415 18376 4923 227 4696 12583 89 5793 4607 422 344 5200
is_linear=0
shrinkage=0.03


Tree=130
num_leaves=15
num_cat=0
split_feature=21 4 4 18 18 18 5 15 15 15 6 1 1 22
split_gain=2404.9 1809.59 1549.19 1495.12 1460.77 1669 2259.34 1235.61 1476.08 1233.34 1071.48 1020.51 1278.75 1182.96
threshold=1.0000000180025095e-35 258.5750000000001 279.85500000000008 6.2954963235294121 125.42857142857144 365.76315789473693 2250.4095454545454 218.04500000000004 212.64500000000001 141.61500000000004 232.70890782192242 282.50000000000006 296.50000000000006 0.063717532467532478
decision_type=2 2 2 2 2 2 2 2 2 2 2 2 2 2
left_child=-1 3 9 -2 11 10 -7 8 -5 -3 -6 13 -13 -4
right_child=1 2 4 7 5 6 -8 -9 -10 -11 -12 12 -14 -15
leaf_value=0.0041960088641506479 -0.00056419999874919428 0.0045410225193159535 -0.00097338363552854849 -0.0079575916253342184 0.018116789744785797 0.0046026213821350938 -0.025164186334481285 -0.032227038397581287 0.033465797738251424 0.024457778197241015 0.0053266994268185534 -0.011004347261035195 -0.0014553440176879203 0.001744697470050338
leaf_weight=119975.17751979828 46646.263236045837 10334.180998325348 299449.38859462738 42138.432108402252 7133.5232453346252 6347.2832365036011 3570.1534833908081 1834.3412036895752 769.32456874847412 3823.9424171447754 33713.256715774536 13328.254413604736 232089.74008750916 277759.48418903351
leaf_count=1785 2393 342 6592 2418 102 85 36 134 21 114 143 338 4210 4583
internal_value=0.00018753 -0.00030381 0.000110116 -0.00432294 -4.95724e-05 0.0048883 -0.00614214 -0.00823965 -0.00719964 0.00994722 0.00756815 -0.0003544 -0.00197479 0.000334603
internal_weight=1.09891e+06 978938 887549 91388.4 873391 50764.2 9917.44 44742.1 42907.8 14158.1 40846.8 822627 245418 577209
internal_count=23296 21511 16545 4966 16089 366 121 2573 2439 456 245 15723 4548 11175
is_linear=0
shrinkage=0.03


Tree=131
num_leaves=15
num_cat=0
split_feature=7 4 17 18 16 1 10 2 13 17 17 19 21 17
split_gain=2256.61 1400.52 1314.6 3028.1 1170.74 2051.23 1098.27 1220.74 1055.59 988.501 1324.34 959.169 1800.03 947.933
threshold=22.026315789473689 191.96000000000004 46.058823529411775 12.786866359447007 0.99677518179828783 220.50000000000003 2.5000000000000004 16.500000000000004 1383.0700000000002 35.535714285714292 36.67948717948719 99.500000000000014 1.0000000180025095e-35 76.125000000000014
decision_type=2 2 2 2 2 2 2 2 2 2 2 2 2 2
left_child=2 -2 6 -4 5 -3 7 8 -1 -6 -11 -8 -13 -7
right_child=1 4 3 -5 9 13 11 -9 -10 10 -12 12 -14 -15
leaf_value=0.00019450252883685827 -0.0052728785264345452 0.0030288208252599435 0.0039913398253485256 0.035277697922724609 -0.0034366968646880637 -0.0010794590175515198 0.0064500454967648816 -0.026840838836230382 -0.018703488689926846 0.016499162017989229 -0.00020711752167841833 0.0091549031591448803 -0.0004364626851646031 0.008141220348994966
leaf_weight=59215.859179496765 55825.153249740601 177979.4235830307 12764.999034881592 3543.2506141662598 161003.09759807587 389873.47992181778 57051.673788070679 1624.7333717346191 2765.2504348754883 4619.2722015380859 53723.507497787476 22382.007469177246 82318.289337158203 10279.712469100952
leaf_count=1755 3297 4129 192 17 3664 8022 432 30 37 62 998 54 463 139
internal_value=4.47007e-05 -0.000680085 0.00260371 0.0108237 -0.000358456 0.000349573 0.00200795 -0.00133151 -0.000654381 -0.00222448 0.0011208 0.00332113 0.00161526 -0.00084219
internal_weight=1.09497e+06 853304 241666 16308.2 797478 578133 225358 63605.8 61981.1 219346 58342.8 161752 104700 400153
internal_count=23291 20311 2980 209 17014 12290 2771 1822 1792 4724 1060 949 517 8161
is_linear=0
shrinkage=0.03


Tree=132
num_leaves=15
num_cat=0
split_feature=10 0 6 22 5 7 22 0 18 7 18 5 18 18
split_gain=2123.34 1601.56 1508.27 1469.44 1431.84 1688.69 1047.18 3785.91 2060.74 1237.41 1204.98 1310.31 1636.27 1185.1
threshold=6.5000000000000009 221.50000000000003 109.14244056563216 0.34738243123336293 113.64833333333334 15.980769230769232 0.57518796992481214 80.500000000000014 13.357028020211301 198.25000000000003 658.72727272727286 449.74454545454552 125.42857142857144 125.42857142857144
decision_type=2 2 2 2 2 2 2 2 2 2 2 2 2 2
left_child=1 6 4 -2 -3 -6 9 -8 -9 10 11 12 -1 -13
right_child=3 2 -4 -5 5 -7 7 8 -10 -11 -12 13 -14 -15
leaf_value=-0.00032599182385059796 0.0050436244243592067 -0.018471639801496118 -0.015456003386507001 -0.0054323241026989887 0.028749480616789329 -0.0023450916842567096 -0.0080863569071140395 -0.00034073559788532404 0.016705378871904018 -0.0071591791331402591 -0.014792667528195014 0.0015052407949922989 -0.021530918374374368 0.0088359902085913353
leaf_weight=514933.62230587006 104685.67305755615 4738.8643245697021 10768.490775108337 13601.237594604492 1620.6266984939575 37515.08370256424 53197.073086738586 18683.251796722412 9674.428165435791 20105.067734718323 4670.4605941772461 282500.73913002014 3276.0593729019165 21328.678838729858
leaf_count=12805 383 447 435 85 37 1933 1614 695 225 784 63 3650 112 143
internal_value=4.12553e-05 -0.00041572 -0.00540597 0.00383833 -0.00293339 -0.00104343 -0.000121887 -0.00336815 0.00548234 0.000190825 0.000369741 0.000456245 -0.000460873 0.0020204
internal_weight=1.1013e+06 983012 54643.1 118287 43874.6 39135.7 928369 81554.8 28357.7 846815 826710 822039 518210 303829
internal_count=23411 22943 2852 468 2417 1970 20091 2534 920 17557 16773 16710 12917 3793
is_linear=0
shrinkage=0.03


Tree=133
num_leaves=15
num_cat=0
split_feature=7 5 18 18 17 7 11 7 20 5 20 13 1 22
split_gain=2023.97 1880.71 1703.61 1583.4 1725.13 2972.78 2248.46 1469.43 1557.44 1220.53 1213.48 1173.33 1109.89 1180.82
threshold=15.980769230769232 3192.063333333334 658.72727272727286 145.15053763440864 7.9827586206896557 140.25000000000003 5.5000000000000009 210.25000000000003 0.99398728250621604 319.01000000000005 0.14667337372130132 829.99500000000023 85.500000000000014 0.097619047619047633
decision_type=2 2 2 2 2 2 2 2 2 2 2 2 2 2
left_child=1 -1 3 7 5 6 -5 8 9 10 -2 -9 -11 -14
right_child=2 -3 -4 4 -6 -7 -8 11 -10 12 -12 -13 13 -15
leaf_value=0.0023042430294186772 -0.0011923938839062114 0.013214729464926104 -0.016525150325544597 -0.017013378312571055 0.017593738458881184 0.026680829487652657 0.0087190927115279992 -0.0045912857230360231 0.024088684141998024 -0.0032538735399489874 -0.011574746763801559 -0.035983991842543334 -0.00061315733218995222 0.0025038952045784752
leaf_weight=136040.73528671265 350356.36863517761 15861.154342651367 5756.2641878128052 6818.841591835022 9188.8667125701904 3242.1259903907776 5508.0803184509277 51695.861839771271 2371.0900039672852 54658.970418930054 10413.900647640228 1074.7816104888916 181164.56455802917 275999.05178165436
leaf_count=1735 10366 21 74 147 34 55 22 2699 30 1253 384 27 3157 3410
internal_value=0.000228024 0.00344507 -0.000282005 -0.000183497 0.00730096 0.00121138 -0.00551975 -0.000383383 -9.01142e-05 -0.000156366 -0.00149271 -0.00524405 0.000785612 0.0012687
internal_weight=1.11015e+06 151902 958249 952493 24757.9 15569 12326.9 927735 874964 872593 360770 52770.6 511823 457164
internal_count=23414 1756 21658 21584 258 224 169 21326 18600 18570 10750 2726 7820 6567
is_linear=0
shrinkage=0.03


Tree=134
num_leaves=15
num_cat=0
split_feature=18 6 8 6 8 16 18 4 4 10 6 2 19 8
split_gain=1941.33 3093.92 1740.46 1874.79 1295.81 1814.51 1534 994.775 1614.6 969.723 968.007 1432.5 967.381 1223.91
threshold=658.72727272727286 3170.263322026673 6.5993630573248412 561.09945193207454 0.27285388706001523 0.99982985934427715 1.475426580149003 258.5750000000001 270.04000000000002 6.5000000000000009 313.13840920803318 6.5000000000000009 39.500000000000007 32.309523809523817
decision_type=2 2 2 2 2 2 2 2 2 2 2 2 2 2
left_child=1 2 4 10 9 6 -6 -8 -9 -1 11 12 -4 -14
right_child=-2 -3 3 -5 5 -7 7 8 -10 -11 -12 -13 13 -15
leaf_value=-0.0015066754446580659 -0.018786311749761777 0.010815120587647371 -0.0113638482775966 -0.03569927062600832 0.024701106010821178 -0.01663353149409218 -0.010309912736693291 0.024911037821756476 0.0011205027856667775 0.0032898393027356236 0.0081038380881959023 -0.03455563372976226 -0.0044357625532127978 0.027768618033722988
leaf_weight=431377.50148582458 4879.1325511932373 23884.16276550293 9556.8342928886414 2035.3397617340088 2467.7314624786377 5164.6669502258301 6784.8490977287292 2559.3324289321899 558954.10571575165 41573.53600692749 3752.7250347137451 1713.0542221069336 3732.7022352218628 1462.1665201187134
leaf_count=12595 71 39 400 53 47 37 388 67 9179 193 76 58 124 32
internal_value=5.63526e-05 0.000140652 -9.75644e-05 -0.00839613 7.86527e-05 0.00103418 0.00119463 0.00109169 0.00122982 -0.00108493 -0.00561489 -0.00874777 -0.00570808 0.00470033
internal_weight=1.0999e+06 1.09502e+06 1.07113e+06 22252.8 1.04888e+06 575931 570766 568298 561513 472951 20217.5 16464.8 14751.7 5194.87
internal_count=23359 23288 23249 743 22506 9718 9681 9634 9246 12788 690 614 556 156
is_linear=0
shrinkage=0.03


Tree=135
num_leaves=15
num_cat=0
split_feature=5 20 18 16 6 20 1 7 7 17 20 1 22 1
split_gain=1677.35 2121.63 1661.21 2002.79 1766.95 1349.99 4085.6 1327.21 1269.85 1270.2 1186.45 1166.94 1771.78 1516.06
threshold=388.54500000000007 0.44823873831313293 10.643650793650794 -0.3007653743635566 398.44090674655075 0.39988377552601978 144.50000000000003 15.031250000000002 66.062500000000014 63.166666666666679 0.13803253469163487 313.00000000000006 0.057189542483660136 127.50000000000001
decision_type=2 2 2 2 2 2 2 2 2 2 2 2 2 2
left_child=5 2 4 -4 8 7 -7 -1 -2 -10 -9 12 -5 -14
right_child=1 -3 3 11 -6 6 -8 10 9 -11 -12 -13 13 -15
leaf_value=0.0034046815760032665 0.0026220483701360729 -0.022799260042751283 0.0080641789308078509 -0.00026929017998627815 -0.0099286727347938225 -0.028053038232081762 0.027005161388873662 -0.0012797031342638599 -0.0058880264895072761 0.0051065594486408893 -0.010145255665684956 -0.001912861396125421 -0.0060180014202849495 0.0056522059831458039
leaf_weight=54443.82239484787 75731.271396636963 3211.0194454193115 52876.909230232239 107459.97020149231 17919.513971328735 1614.8651781082153 4696.8971209526062 512066.71773052216 41750.448872089386 12207.998818397522 13936.452987670898 62539.307363033295 10795.677753448486 136531.33812332153
leaf_count=1149 1089 53 767 1586 286 69 111 14960 1128 233 477 518 195 929
internal_value=0.000196846 0.00143563 0.00158679 0.00265971 -0.00110408 -0.00090317 0.0128744 -0.00105343 0.000116576 -0.00339955 -0.00151497 0.0017587 0.00265999 0.00479635
internal_weight=1.10778e+06 521023 517812 370203 147609 586759 6311.76 580447 129690 53958.4 526003 317326 254787 147327
internal_count=23550 6784 6731 3995 2736 16766 180 16586 2450 1361 15437 3228 2710 1124
is_linear=0
shrinkage=0.03


Tree=136
num_leaves=15
num_cat=0
split_feature=7 8 5 18 16 1 8 1 18 19 17 16 18 16
split_gain=1563.16 1524.24 1278.21 1218.2 1419.74 1440.29 1170.97 1053.67 1039.93 918.601 1017.02 948.441 1243.24 860.964
threshold=67.100000000000009 3.5563492063492066 3192.063333333334 9.1336769759450185 -0.057665857103533828 219.50000000000003 0.61242875528589824 317.50000000000006 658.72727272727286 2.5000000000000004 3.4529914529914536 0.46796412265457171 125.42857142857144 0.99663271259477748
decision_type=2 2 2 2 2 2 2 2 2 2 2 2 2 2
left_child=1 2 9 6 5 -5 -2 -3 -6 -1 11 -11 13 -13
right_child=3 7 -4 4 8 -7 -8 -9 -10 10 -12 12 -14 -15
leaf_value=-0.011279091100265459 -0.004909915453261365 -0.0018867558750763087 0.0088205167397832213 0.009873862673170539 -0.0016370710567647814 0.00062018012780002611 0.0011792668335393068 -0.012084463532668323 -0.025401923030386988 -1.6044363757575067e-05 0.00079849501000109032 0.0085264321340740232 0.018945167481936483 -0.015551850161204837
leaf_weight=5471.9125957489014 127531.87737846375 42966.706798553467 19039.623321533203 20956.957319259644 135818.36523342133 54393.550367832184 36564.060746192932 11559.195967197418 1657.8036088943481 10687.508094787598 620312.61468601227 4676.756067276001 8829.5054569244385 1848.3108196258545
leaf_count=227 5070 1070 36 634 3623 1667 1117 406 30 104 9262 102 39 48
internal_value=-4.38235e-05 0.000770521 0.00116261 -0.001611 -0.000113352 0.00319581 -0.00355314 -0.00405225 -0.0019273 0.000938661 0.00104244 0.00684805 0.0116196 0.00167926
internal_weight=1.10231e+06 725392 670866 376923 212827 75350.5 164096 54525.9 137476 651827 646355 26042.1 15354.6 6525.07
internal_count=23435 11294 9818 12141 5954 2301 6187 1476 3653 9782 9555 293 189 150
is_linear=0
shrinkage=0.03


Tree=137
num_leaves=15
num_cat=0
split_feature=20 18 18 17 5 2 5 18 19 7 7 20 20 19
split_gain=2045.75 2827.72 2203.44 1997.96 2655.36 1390.15 1328.87 1969.13 1233.83 1196.17 1698.29 1091.08 1215.9 1185.69
threshold=0.00059103121928520382 365.76315789473693 21.226539589442819 46.058823529411775 1155.2500000000002 25.500000000000004 79.985000000000028 1.0217391304347829 108.50000000000001 148.16666666666671 198.25000000000003 0.0048123305895908545 0.084341099394573946 81.500000000000014
decision_type=2 2 2 2 2 2 2 2 2 2 2 2 2 2
left_child=3 2 -2 5 -5 6 -1 -8 -6 11 -11 -4 13 -13
right_child=1 -3 9 4 8 -7 7 -9 -10 10 -12 12 -14 -15
leaf_value=-0.011551943004171374 0.00050495433090689027 -0.025516642981091586 -0.0033247066244223985 0.00059004145455527734 0.02444816937052292 -0.022625602116831334 0.029128710736930401 -0.0016131482542758376 0.0062721735395109045 0.02943738923556101 -0.0028067373804370513 0.0094987397059447254 -0.0021301909902038921 0.003224612392754676
leaf_weight=12098.994114875793 442226.64315795898 3470.1364307403564 15587.412887573242 48865.345809459686 6915.8078708648682 2871.1719093322754 1863.5297446250916 428364.60393285751 6557.7020444869995 3955.0006999969482 2327.7915878295898 52867.413672447205 18024.591566085815 55680.030813217163
leaf_count=884 7479 32 124 1163 68 23 22 12456 67 52 85 504 236 181
internal_value=0.000212764 0.00140758 0.00156662 -0.00118593 0.00384338 -0.0018903 -0.00175469 -0.00147864 0.0156241 0.00472895 0.0175199 0.00416126 0.00508355 0.00628158
internal_weight=1.10168e+06 594139 590669 507537 62338.9 445198 442327 430228 13473.5 148442 6282.79 142159 126572 108547
internal_count=23376 8693 8661 14683 1298 13385 13362 12478 135 1182 137 1045 921 685
is_linear=0
shrinkage=0.03


Tree=138
num_leaves=15
num_cat=0
split_feature=18 21 18 8 8 22 7 1 4 4 4 4 4 2
split_gain=1814.62 1857.54 1818.99 1426.62 1675.4 1418.43 1906.23 1635.39 1498.15 2243.7 1278.3 1461.6 1547.78 1379.87
threshold=658.72727272727286 1.0000000180025095e-35 125.42857142857144 3.5563492063492066 0.28819702251362272 0.36055555555555557 31.029411764705888 169.50000000000003 350.72500000000008 334.63500000000005 1584.9300000000001 884.61500000000012 465.41000000000003 24.500000000000004
decision_type=2 2 2 2 2 2 2 2 2 2 2 2 2 2
left_child=1 -1 3 4 5 6 -3 -7 9 -9 11 12 -4 -12
right_child=-2 2 10 -5 -6 7 -8 8 -10 -11 13 -13 -14 -15
leaf_value=0.0037079427729531846 -0.017685306974048392 0.0033029779383088654 -0.022683752841351327 -0.0056468736723253614 0.00095612566170765346 -0.010911328129084579 -0.0020397987386774584 0.0011914240973109774 -0.0050016290761539135 0.034141541535280616 0.012664684616182066 -0.027863096446072756 0.015161907907549902 0.0012388939153420049
leaf_weight=118947.86077213287 5127.3532934188843 80954.58399105072 1418.5800371170044 46876.942688465118 467023.45591306686 27969.341987609863 233135.76967096329 18071.942100524902 54026.328301906586 2053.5108580589294 21779.891626358032 2005.6933746337891 2983.4603366851807 16886.102733612061
leaf_count=1796 70 1177 87 1390 8036 1003 7356 999 1169 49 110 55 59 34
internal_value=8.53429e-05 0.000168942 -0.000262793 -0.000548067 -0.000277331 -0.00166135 -0.000662613 -0.0047324 -0.00239945 0.00458406 0.00562157 -0.0067732 0.00291852 0.00767807
internal_weight=1.09926e+06 1.09413e+06 975186 930112 883235 416211 314090 102121 74151.8 20125.5 45073.7 6407.73 4402.04 38666
internal_count=23390 23320 21524 21179 19789 11753 8533 3220 2217 1048 345 201 146 144
is_linear=0
shrinkage=0.03


Tree=139
num_leaves=15
num_cat=0
split_feature=1 1 8 22 1 19 1 1 6 4 8 4 16 12
split_gain=1198.55 2692.79 1689.29 1866.82 2898.32 2846.42 2597.81 2166.82 2041.02 1864.26 1623.07 1602.63 1507.09 1390.68
threshold=313.00000000000006 390.00000000000006 0.06859943977591039 0.10620300751879701 174.50000000000003 16.500000000000004 103.50000000000001 220.50000000000003 1213.5252770697982 173.85500000000002 1.1431774503523384 1707.6000000000001 0.20736876226537074 112.45500000000001
decision_type=2 2 2 2 2 2 2 2 2 2 2 2 2 2
left_child=2 12 -1 6 13 -6 8 -7 10 -8 -4 -12 -2 -5
right_child=1 -3 3 4 5 7 9 -9 -10 -11 11 -13 -14 -15
leaf_value=-0.0013563978541766837 -0.0028359096666511849 0.0017984942899760678 0.0085681617924240443 -0.015892651680914593 0.01469337554893348 0.0067563372919127243 0.021169907311434838 0.0010539356398414754 0.028084650954048627 -0.0018660232942324067 0.00039938274088621511 -0.027669342279596124 -0.010288428754105929 -0.0017319907477250515
leaf_weight=281707.91528129578 89694.862293720245 97881.376852989197 28164.439630508423 8365.4442253112793 20990.363695144653 96283.008664131165 3185.166880607605 158993.73076438904 3533.3653259277344 234326.91825771332 11988.814234733582 2140.5936851501465 33552.237452507019 24438.471453666687
leaf_count=9289 1757 2034 487 221 387 1203 90 2307 11 4266 280 32 496 451
internal_value=5.68769e-05 -0.00191615 0.000556032 0.00146546 0.00307783 0.00407894 -0.000293429 0.00320508 0.00624461 -0.00155534 0.00440761 -0.00388611 -0.00486609 -0.00535063
internal_weight=1.09525e+06 221128 874118 592410 309071 276267 283339 255277 45827.2 237512 42293.8 14129.4 123247 32803.9
internal_count=23311 4287 19024 9735 4569 3897 5166 3510 810 4356 799 312 2253 672
is_linear=0
shrinkage=0.03


Tree=140
num_leaves=15
num_cat=0
split_feature=1 15 22 19 15 1 18 1 18 22 15 20 1 20
split_gain=1345.4 1890.17 3324.74 3323.22 1872.46 1998.93 1709.43 1707.49 1474.33 1345.49 3738.99 1908.45 1809 1622.29
threshold=282.50000000000006 294.03000000000003 0.077935222672064791 35.500000000000007 170.20000000000005 415.50000000000006 658.72727272727286 351.50000000000006 83.714285714285737 0.49074074074074076 112.51500000000001 0.068776713641257245 123.50000000000001 0.267953767331437
decision_type=2 2 2 2 2 2 2 2 2 2 2 2 2 2
left_child=1 6 -3 -4 -2 7 9 -6 -5 12 -11 -12 13 -1
right_child=4 2 3 8 5 -7 -8 -9 -10 10 11 -13 -14 -15
leaf_value=0.0025732697481006773 -0.01024480309623067 -0.0022291350301995847 0.011370428568605775 0.0016188952222500755 -0.0010842826934585555 0.0027091766423034689 -0.030582445216784961 -0.0073907725474126763 0.011019851079262691 -0.0082757012122585249 0.0030717346817815952 0.029508962667701699 -0.0018637816662539376 -0.020516677949386591
leaf_weight=189270.1068315506 21709.870627403259 100731.12703323364 47524.799359321594 166424.60173225403 144482.70545625687 86013.332629203796 1690.8996829986572 52728.836973667145 16484.111228942871 54847.837810993195 17296.94936466217 2845.7303400039673 194758.44055318832 2758.9749069213867
leaf_count=4957 1319 2004 779 2041 2383 1251 28 823 29 1820 670 64 5075 96
internal_value=-6.3942e-05 0.000586124 0.00231697 0.00430427 -0.00175788 -0.00110666 -0.000650675 -0.00277104 0.00246724 -0.000539754 -0.0042169 0.00683232 0.000173354 0.00223942
internal_weight=1.09957e+06 794634 331165 230434 304935 283225 463469 197212 182909 461778 74990.5 20142.7 386788 192029
internal_count=23339 17563 4853 2849 5776 4457 12710 3206 2070 12682 2554 734 10128 5053
is_linear=0
shrinkage=0.03


Tree=141
num_leaves=15
num_cat=0
split_feature=6 21 20 17 20 17 20 20 20 16 8 22 22 16
split_gain=1835.23 1501.46 1843.4 1334.81 2131.98 1423.89 2004.24 1329.65 1431.52 1171.09 995.196 1350.65 1001.72 2072.29
threshold=3170.263322026673 1.0000000180025095e-35 0.00059103121928520382 4.041666666666667 0.44823873831313293 5.0312500000000009 0.05557857486643468 0.085777305174320764 0.56153667736181456 0.67731361345719121 7.6643192488262919 0.85164835164835173 0.59729729729729741 -0.99146903159491662
decision_type=2 2 2 2 2 2 2 2 2 2 2 2 2 2
left_child=1 -1 10 7 5 6 -5 9 -9 -4 12 -12 -3 -14
right_child=-2 2 3 4 -6 -7 -8 8 -10 -11 11 -13 13 -15
leaf_value=0.0033377214493980358 0.0087202858623161919 -0.0010510566057852411 0.0083301663678243699 0.00145870154250452 -0.025404807457626674 0.00083046937731677019 -0.025713322509003156 -0.0045430467530966157 0.01753306014555164 0.027570817326190291 -0.019209743413352631 0.005752754918495172 0.0029966460853159517 -0.0093798688956647572
leaf_weight=108078.36660718918 22057.156352996826 385782.5406627655 10921.957546234131 5468.5017771720886 2833.8459377288818 482986.10613059998 4393.1495237350464 11265.230863571167 3432.3275456428528 3846.0189571380615 6353.0561299324036 2800.2626237869263 18019.636812210083 37472.974200248718
leaf_count=1750 46 10955 118 76 95 7318 99 190 57 54 252 94 782 1524
internal_value=0.000157495 -1.69529e-05 -0.000388659 0.000819069 0.000450169 0.000599859 -0.0106734 0.00702033 0.000629217 0.0133715 -0.0017967 -0.0115771 -0.00159331 -0.00536132
internal_weight=1.10571e+06 1.08365e+06 975576 525147 495682 492848 9861.65 29465.5 14697.6 14768 450428 9153.32 441275 55492.6
internal_count=23410 23364 21614 8007 7588 7493 175 419 247 172 13607 346 13261 2306
is_linear=0
shrinkage=0.03


Tree=142
num_leaves=15
num_cat=0
split_feature=10 22 18 5 6 7 18 22 7 18 19 5 18 5
split_gain=1960.71 1842.79 1514.18 2459.7 1620.84 1017.04 1772.53 1488.8 1476.57 1451.91 1381.09 1900.7 1364.79 1323.71
threshold=6.5000000000000009 0.33630952380952389 365.76315789473693 1888.7062222222223 1071.7076944637413 126.62500000000001 125.42857142857144 0.95833333333333337 12.022222222222224 64.292913608131002 3.5000000000000004 357.9308333333334 1.475426580149003 96.575000000000003
decision_type=2 2 2 2 2 2 2 2 2 2 2 2 2 2
left_child=2 -2 4 -4 5 7 9 10 -9 -7 11 -1 -12 -14
right_child=1 -3 3 -5 -6 6 -8 8 -10 -11 12 -13 13 -15
leaf_value=-0.0034223130789901349 0.0050089380135603413 -0.0065883529728136417 0.00014542869100179036 -0.031111964651406279 0.0064317040547160927 -0.0027750645563701867 0.017765523600861321 0.0021277842974805547 -0.010861061382072441 -0.026107579093252321 0.016952824785030542 -0.032647392675132975 -0.010835701301340159 0.00047537371708564511
leaf_weight=8773.6212196350098 108362.22542190552 13896.885478973389 5698.1626734733582 3741.2860641479492 31851.460439682007 151070.48657846451 3717.1479659080505 12363.152762413025 21659.522987365723 2419.3827934265137 4452.524561882019 2577.53981590271 9412.543345451355 726598.1968793869
leaf_count=409 383 86 108 43 169 6240 71 393 844 122 117 71 511 13971
internal_value=0.000107017 0.00368984 -0.000338053 -0.0122829 -0.000222147 -0.000447013 -0.00264954 -6.34019e-06 -0.0061427 -0.0031462 0.000271511 -0.0101043 0.000430839 0.00033043
internal_weight=1.10659e+06 122259 984335 9439.45 974896 943044 157207 785837 34022.7 153490 751814 11351.2 740463 736011
internal_count=23538 469 23069 151 22918 22749 6433 16316 1237 6362 15079 480 14599 14482
is_linear=0
shrinkage=0.03


Tree=143
num_leaves=15
num_cat=0
split_feature=20 5 18 2 18 22 20 5 5 13 20 18 6 3
split_gain=1409.91 1786.51 1732.42 1700.26 1117.4 2100.84 2003.41 1832.43 1208.18 920.356 1537.11 1507 938.836 1300.8
threshold=0.00059103121928520382 79.985000000000028 1.0217391304347829 24.500000000000004 17.644957983193283 0.65686274509803932 0.084341099394573946 1155.2500000000002 437.15833333333342 326.86500000000007 0.01630705548373516 22.543472445157843 223.33925456494032 5.5000000000000009
decision_type=2 2 2 2 2 2 2 2 2 2 2 2 2 2
left_child=1 -1 -3 -4 -2 6 9 -8 -7 10 -6 -12 -11 -14
right_child=4 2 3 -5 5 8 7 -9 -10 12 11 -13 13 -15
leaf_value=-0.012985042875159974 -2.9359014917817569e-05 0.027656770044021842 -0.0010237827275162478 -0.022901466754235059 -0.013793687771060114 0.025009125182822053 -0.0025352198711377683 -0.025917261817553317 0.0011060000102955331 0.008878185080938468 -0.011484430175225706 0.014070750355382368 -0.0056434149183795758 0.0040842254197827341
leaf_weight=11550.797723770142 414080.12634563446 1863.7454781532288 481551.44241523743 3198.5101528167725 7200.8984413146973 5817.4679255485535 16981.770173549652 3649.5752782821655 2826.517128944397 28836.00595664978 3241.1695909500122 5703.9398956298828 14280.11385345459 91827.749713897705
leaf_count=870 7104 21 13654 27 177 105 270 37 45 314 85 110 156 368
internal_value=-0.000157428 -0.00133461 -0.00105754 -0.00116908 0.0008291 0.00279972 0.00207225 -0.00669247 0.0172136 0.0032698 -0.00349594 0.00480613 0.00407972 0.00277425
internal_weight=1.09261e+06 498164 486614 484750 594445 180365 171721 20631.3 8643.99 151090 16146 8945.11 134944 106108
internal_count=23343 14572 13702 13681 8771 1667 1517 307 150 1210 372 195 838 524
is_linear=0
shrinkage=0.03


Tree=144
num_leaves=15
num_cat=0
split_feature=20 17 18 3 18 20 17 15 18 18 20 18 17 18
split_gain=1508.62 1575.66 1602.3 1336.8 1291.68 1698.87 1156.19 1358.15 1149.97 1330.5 1161.15 1068.08 1051.53 1683.7
threshold=0.00059103121928520382 46.058823529411775 14.248809523809525 24.500000000000004 20.800419985202598 0.084341099394573946 9.8633540372670829 1343.1750000000004 28.29893617021277 125.42857142857144 0.022115158800838849 285.73181818181826 30.414285714285715 25.762454212454216
decision_type=2 2 2 2 2 2 2 2 2 2 2 2 2 2
left_child=1 3 -3 12 -2 6 7 8 -6 10 -10 -7 -1 -14
right_child=4 2 -4 -5 5 11 -8 -9 9 -11 -12 -13 13 -15
leaf_value=-0.0011884840504219048 0.00013269798108429459 0.0014538599726529166 0.016622999336134824 -0.029012179056514993 0.022631513922055632 -0.0010814151233023259 0.0019976637467725516 0.0041126623668159478 -0.0063665001137481348 0.021668776265863849 0.01343120617012611 -0.017527393975040204 -0.004434447811605324 -0.032169530191492206
leaf_weight=366923.01943159103 446179.59690093994 56160.969663143158 7035.0217781066895 1613.2578430175781 7866.3207721710205 17674.487571239471 71675.450140953064 38141.633804321289 5836.9222984313965 4777.0945434570312 4875.4475936889648 4429.5841188430786 64862.292334079742 2012.3668689727783
leaf_count=11430 7521 1258 68 17 95 294 479 161 105 25 68 29 1795 38
internal_value=-5.86212e-05 -0.00127878 0.00314722 -0.00192129 0.000952896 0.00330937 0.00458778 0.00760494 0.0132997 0.00853742 0.00265213 -0.00439 -0.00181921 -0.00527841
internal_weight=1.10006e+06 498607 63196 435411 601457 155277 133173 61497.4 23355.8 15489.5 10712.4 22104.1 433798 66874.7
internal_count=23383 14606 1326 13280 8777 1256 933 454 293 198 173 323 13263 1833
is_linear=0
shrinkage=0.03


Tree=145
num_leaves=15
num_cat=0
split_feature=5 5 18 18 18 1 5 4 20 17 19 18 18 17
split_gain=1579.29 2096.8 2644.79 1278.87 1261.46 1217.15 1106.73 1006.52 1436.7 1389.32 1127.2 1352.09 1107.46 1036.96
threshold=465.46500000000009 480.4308333333334 21.226539589442819 105.14000000000001 658.72727272727286 317.50000000000006 3192.063333333334 91.365000000000023 0.56153667736181456 4.041666666666667 10.500000000000002 1.0217391304347829 48.516483516483525 2.8137931034482762
decision_type=2 2 2 2 2 2 2 2 2 2 2 2 2 2
left_child=3 2 -2 5 6 7 -3 8 -1 13 12 -12 -11 -9
right_child=1 4 -4 -5 -6 -7 -8 9 -10 10 11 -13 -14 -15
leaf_value=-0.013095966224511537 0.0049936082597449808 0.0007349083585322855 0.030157168976110905 -0.015145299695681859 -0.013619519957195672 -0.0034691851277196526 0.0078150943522678103 0.0011224703090396949 0.026979138834412338 -0.0075264894096937728 0.029095664175102637 -0.00013062172401576039 0.02165201044195917 0.012518277212769562
leaf_weight=9172.0345768928528 17744.298310279846 367321.15006256104 4753.569522857666 5615.061755657196 5278.6134672164917 125056.61549663544 20986.637504577637 15594.329242706299 863.78554821014404 26637.244892120361 1408.7817602157593 489394.12670898438 1205.4795761108398 13315.90065574646
leaf_count=724 237 4378 32 203 63 3344 55 517 25 1337 14 12087 30 409
internal_value=-3.00179e-05 0.00142904 0.0103325 -0.000912099 0.000919615 -0.000794585 0.00111795 -0.000194623 -0.00959989 -2.18947e-05 -0.000378776 -4.55496e-05 -0.00624854 0.00637634
internal_weight=1.10435e+06 416084 22497.9 688263 393586 682648 388308 557592 10035.8 547556 518646 490803 27842.7 28910.2
internal_count=23455 4765 269 18690 4496 18487 4433 15143 749 14394 13468 12101 1367 926
is_linear=0
shrinkage=0.03


Tree=146
num_leaves=15
num_cat=0
split_feature=7 8 5 8 22 22 4 1 1 1 5 22 1 1
split_gain=1766.12 1676.49 1134.04 1071.7 2061.84 1760.32 2039.57 1664 940.563 1092.08 889.771 945.912 2606.16 2415.31
threshold=29.055555555555561 0.27285388706001523 79.985000000000028 1.9162280701754388 0.23904761904761906 0.34738243123336293 850.58500000000015 28.500000000000004 553.50000000000011 341.50000000000006 91.405000000000015 0.16575091575091577 167.50000000000003 313.00000000000006
decision_type=2 2 2 2 2 2 2 2 2 2 2 2 2 2
left_child=3 -2 -3 5 -5 6 7 -1 9 -8 -4 -12 -13 -14
right_child=1 2 10 4 -6 -7 8 -9 -10 -11 11 12 13 -15
leaf_value=0.0065112293497136533 -0.0023811672634708354 -0.018602258529903833 0.018493453892084115 -0.0059000379537664585 0.0061042569896368063 -0.0030519965131368351 0.002842373645480175 0.021790033795541622 0.01195200040987492 -0.0034900642632146625 -0.0011023917932240445 -0.015655003506246899 0.0050763745778512103 -0.0016342107989368671
leaf_weight=27204.339964866638 356472.90356445312 2772.6924614906311 2460.5199503898621 39375.969244480133 19111.536456108093 43637.715808868408 164743.45378494263 8388.1249837875366 8738.7979316711426 28776.621795654297 183962.50438308716 7373.6310195922852 124606.86387729645 78776.639267444611
leaf_count=780 10968 187 62 826 368 841 1083 149 25 157 3799 193 2200 1677
internal_value=-7.8026e-05 -0.000885235 0.000448123 0.00171791 -0.00197674 0.00248566 0.00350181 0.0101222 0.0023359 0.00190047 0.000582043 0.000469459 0.00184145 0.00247725
internal_weight=1.0964e+06 756426 399953 339977 58487.5 281489 237851 35592.5 202259 193520 397180 394720 210757 203384
internal_count=23315 19086 8118 4229 1194 3035 2194 929 1265 1240 7931 7869 4070 3877
is_linear=0
shrinkage=0.03


Tree=147
num_leaves=15
num_cat=0
split_feature=21 20 4 20 17 1 20 17 1 16 4 19 17 16
split_gain=1514.64 1157.88 1454.42 2024.34 1646 1728.3 1292.37 1338.84 1211.8 1029.32 1606.18 1102.65 1242.7 1015.03
threshold=1.0000000180025095e-35 0.00059103121928520382 120.38000000000001 0.12301833081580776 11.514705882352944 282.50000000000006 0.089085154464675867 2.8137931034482762 16.500000000000004 -0.99352247167778562 248.77500000000003 71.500000000000014 2.3416666666666672 0.99966494366289549
decision_type=2 2 2 2 2 2 2 2 2 2 2 2 2 2
left_child=13 8 -3 4 5 6 7 -4 -2 10 -5 12 -11 -1
right_child=1 2 3 9 -6 -7 -8 -9 -10 11 -12 -13 -14 -15
leaf_value=0.0037992383636269774 0.0051186431303211107 0.022549834143165685 0.023843610369317942 0.032408619409813211 -6.8385268101993056e-05 -0.00036231181062670393 -0.0084333468415449392 0.0068129233564246192 -0.0018819991578845855 0.0050562845438844985 -0.0047932216386062871 0.002852118148112248 -0.014528764443717186 -0.0089954854117159679
leaf_weight=114070.37615680695 23459.770568847656 2671.7464632987976 4428.2277050018311 1442.1385955810547 368751.43659687042 49874.439871788025 4626.749077796936 63873.142545700073 426416.19358634949 3402.9506950378418 3642.809720993042 5873.0470561981201 19988.336512088776 5848.6788902282715
leaf_count=1738 688 101 47 38 5463 597 124 802 12869 42 134 94 540 50
internal_value=-8.08398e-06 -0.000398115 0.000553966 0.000441367 0.000933486 0.00394142 0.00688398 0.00792374 -0.00151672 -0.00659752 0.0058432 -0.00876173 -0.0116777 0.00317382
internal_weight=1.09837e+06 978451 528575 525903 491554 122803 72928.1 68301.4 449876 34349.3 5084.95 29264.3 23391.3 119919
internal_count=23327 21539 7982 7881 7033 1570 973 849 13557 848 172 676 582 1788
is_linear=0
shrinkage=0.03


Tree=148
num_leaves=15
num_cat=0
split_feature=10 17 7 4 7 7 17 4 16 16 17 7 0 0
split_gain=1351.6 1021.39 1137.98 1319.6 1134.34 971.817 1342.46 1175.33 873.939 831.458 820.641 818.447 777.015 690.304
threshold=6.5000000000000009 46.058823529411775 219.50000000000003 2282.5700000000002 16.021739130434785 179.25000000000003 20.267857142857146 334.63500000000005 0.99956006597715563 -0.99781370277386827 1.5277777777777779 24.279220779220783 141.50000000000003 213.50000000000003
decision_type=2 2 2 2 2 2 2 2 2 2 2 2 2 2
left_child=1 2 5 9 8 10 7 -7 -3 -4 12 -6 -1 -8
right_child=-2 4 3 -5 11 6 13 -9 -10 -11 -12 -13 -14 -15
leaf_value=-0.011650240448652961 0.0030060342605445971 0.0063426776428690537 0.005632818829455718 -0.045199492278505816 -0.010359355736773195 0.0020966251428347796 -0.0070448407352250624 0.015636450981029587 0.026801795528392285 -0.0065401055818768315 -0.00050955651344726581 0.0021874830501084535 0.0061938062102465255 0.013506470959015741
leaf_weight=10663.662666320801 122921.6717414856 5933.6483497619629 5885.9121503829956 720.66684055328369 4916.0809059143066 11913.470865726471 9654.4448184967041 11182.431895256042 2742.5596504211426 34974.248793125153 786912.2750749588 89975.723475933075 2750.934919834137 1715.7436780929565
leaf_count=393 476 113 176 22 91 605 370 263 11 2121 16920 1701 97 54
internal_value=4.099e-05 -0.000330992 -0.000663963 -0.00550655 0.00248613 -0.000422629 0.00450834 0.00866011 0.0128566 -0.0047847 -0.000635088 0.00153542 -0.00798718 -0.00392541
internal_weight=1.10286e+06 979942 876374 41580.8 103568 834793 34466.1 23095.9 8676.21 40860.2 800327 94891.8 13414.6 11370.2
internal_count=23413 22937 21021 2319 1916 18702 1292 868 124 2297 17410 1792 490 424
is_linear=0
shrinkage=0.03


Tree=149
num_leaves=15
num_cat=0
split_feature=6 5 17 18 18 20 11 5 18 17 18 7 7 20
split_gain=1204.95 1411.87 1185.94 1896.6 1483.18 1330.38 1775.67 1402.97 1591.84 1310.15 3289.55 1236.34 1215.43 1056.82
threshold=1858.9514663343257 3192.063333333334 46.058823529411775 13.023558758314858 2.1935373831150593 0.00059103121928520382 20.500000000000004 79.985000000000028 1.0217391304347829 29.881944444444446 25.762454212454216 40.95000000000001 315.50000000000006 0.99398728250621604
decision_type=2 2 2 2 2 2 2 2 2 2 2 2 2 2
left_child=1 2 5 4 11 6 7 -1 -9 12 -11 -4 -10 -7
right_child=-2 -3 3 -5 -6 13 -8 8 9 10 -12 -13 -14 -15
leaf_value=-0.011906594299726235 0.0053679535040714833 -0.022141254409287596 0.024458871883253793 0.012950264346439101 -3.2428542823128557e-05 0.00055095492454500087 -0.029848596021392674 0.026611432341689351 -0.00034730095227096942 -0.004068411042236676 -0.048844351357169476 0.0036232661135952894 -0.015865124786697642 0.018202254715191657
leaf_weight=11267.348324775696 37621.414621353149 2587.7595472335815 4210.0328979492188 14721.114337921143 81031.267982959747 510573.64888191223 1973.4047088623047 1825.6350708007812 343492.48659992218 69730.54868888855 1488.8937387466431 6525.8351159095764 4583.5888738632202 3051.1415815353394
leaf_count=853 102 49 66 138 1498 7922 13 20 9991 1937 39 215 438 51
internal_value=9.35352e-05 -9.42821e-05 -3.97583e-05 0.00296176 0.00135695 -0.000376977 -0.00159904 -0.00146873 -0.00118891 -0.00131122 -0.00501793 0.0118242 -0.000552545 0.000656516
internal_weight=1.09468e+06 1.05706e+06 1.05447e+06 106488 91767.1 947987 434362 432389 421121 419296 71219.4 10735.9 348076 513625
internal_count=23332 23230 23181 1917 1779 21264 13291 13278 12425 12405 1976 281 10429 7973
is_linear=0
shrinkage=0.03


Tree=150
num_leaves=15
num_cat=0
split_feature=21 0 20 5 17 6 18 18 16 22 20 7 1 22
split_gain=1554.26 1336.48 1269.3 2345.53 1500.9 1336.78 1227.12 1148.02 1119.04 2612.75 1705.26 1832.45 1536.09 1476.32
threshold=1.0000000180025095e-35 225.50000000000003 0.12821548562335081 1155.2500000000002 4.041666666666667 1858.9514663343257 105.14000000000001 145.15053763440864 0.026598749559329105 0.41801075268817212 0.025521313442477708 179.25000000000003 189.50000000000003 0.081666666666666679
decision_type=2 2 2 2 2 2 2 2 2 2 2 2 2 2
left_child=6 2 5 4 -4 8 -1 -3 12 -10 -11 -12 -2 -14
right_child=1 7 3 -5 -6 -7 -8 -9 9 10 11 -13 13 -15
leaf_value=0.0036757910894993371 0.011561305640287853 -0.006328450847411027 0.0059970110421091764 -0.031040115928298279 -0.0083304582897003997 0.0075572626198110466 -0.011362365085586244 0.024258579924529924 -0.00019233445770098676 -0.0077317844431379823 -0.00074487392858826917 0.029928228189232329 -0.0041685677731423043 0.0020569789289374713
leaf_weight=114805.38649082184 12800.38831615448 44820.486232280731 9863.8719348907471 3065.1131744384766 19679.857410430908 19917.005638122559 5081.4061784744263 1112.9621877670288 551951.98575496674 71467.533762454987 13065.423946380615 2004.3714113235474 42222.155291557312 181917.80893087387
leaf_count=1736 406 2515 147 30 572 50 53 27 10898 2028 286 29 1363 3251
internal_value=-0.000186307 -0.000583106 -0.000335791 -0.00614786 -0.00354607 -0.000123981 0.00303661 -0.0055771 -0.000298906 -0.000952297 -0.00579832 0.00336909 0.00146174 0.00088398
internal_weight=1.09378e+06 973889 927956 32608.8 29543.7 895347 119887 45933.4 875430 638489 86537.3 15069.8 236940 224140
internal_count=23391 21602 19060 749 719 18311 1789 2542 18261 13241 2343 315 5020 4614
is_linear=0
shrinkage=0.03


Tree=151
num_leaves=15
num_cat=0
split_feature=18 5 8 5 8 19 16 5 16 5 18 18 7 17
split_gain=2001.9 1894.68 1161.84 1602.46 1145.94 1117.6 1359.35 1018.37 964.163 1096.76 962.638 1174.08 1365.85 1174.23
threshold=658.72727272727286 3192.063333333334 5.8620507399577173 1036.6200000000001 0.6027123569655507 115.50000000000001 -0.99906536334271601 1304.0180000000003 0.99948746456635518 76.364545454545478 365.76315789473693 125.42857142857144 203.50000000000003 58.07500000000001
decision_type=2 2 2 2 2 2 2 2 2 2 2 2 2 2
left_child=1 2 4 5 10 6 -4 8 9 -6 11 12 -1 -14
right_child=-2 -3 3 -5 7 -7 -8 -9 -10 -11 -12 -13 13 -15
leaf_value=-0.00041011379738171348 -0.019076579426236348 0.00862606451392889 0.013823732647211718 -0.032564068950316133 -0.019518713101493078 -0.026764579318293218 -0.005833149555469974 0.0074071168597614938 -0.0062323594663004417 0.0014458286459315443 -0.018142643153390675 0.0066917884890579336 -0.0065929743563156434 0.010782053100135441
leaf_weight=579112.29454040527 4900.4661264419556 22953.948841094971 3831.9135437011719 1929.1309080123901 2240.7061758041382 1808.9605207443237 17776.026086807251 23591.19908618927 15941.641807556152 343936.42591905594 2812.2758321762085 19190.46560049057 50459.61142206192 3743.6720519065857
leaf_count=12425 77 53 75 48 135 54 655 104 172 6314 53 172 2742 100
internal_value=1.58482e-05 0.000102086 -8.15526e-05 -0.00642521 7.30175e-05 -0.00424589 -0.00233767 0.00137036 0.00097669 0.00130901 -0.000690595 -0.000614824 -0.00083643 -0.00538939
internal_weight=1.09423e+06 1.08933e+06 1.06637e+06 25346 1.04103e+06 23416.9 21607.9 385710 362119 346177 655318 652506 633316 54203.3
internal_count=23179 23102 23049 832 22217 784 730 6725 6621 6449 15492 15439 15267 2842
is_linear=0
shrinkage=0.03


Tree=152
num_leaves=15
num_cat=0
split_feature=21 18 20 15 18 5 13 18 22 20 5 19 10 22
split_gain=1924.49 1178.3 1032.47 1324.33 1230.04 1685.05 1604.24 1229.57 1920.71 1617.03 1354.72 1111.5 1497.44 1821.23
threshold=1.0000000180025095e-35 105.14000000000001 0.00059103121928520382 3373.7400000000002 145.15053763440864 465.46500000000009 257.43000000000006 17.644957983193283 0.65686274509803932 0.084341099394573946 437.15833333333342 97.500000000000014 4.5000000000000009 0.24885321100917435
decision_type=2 2 2 2 2 2 2 2 2 2 2 2 2 2
left_child=1 -1 3 4 -2 -6 -7 -4 9 11 -10 12 13 -9
right_child=2 -3 7 -5 5 6 -8 8 10 -11 -12 -13 -14 -15
leaf_value=0.0042272316507437702 -0.0015589649722589254 -0.0094159437043583229 -0.00050104342147651185 -0.01258166829088004 -0.012921570344601438 0.028623408304948014 0.0048127314500731192 -0.0024075627738311799 0.024332011245227516 -0.0062609961299942372 -0.0012559132125290018 -0.00053995771687702062 0.010794966869512012 0.0084940075659162978
leaf_weight=115609.70023012161 426122.73980569839 5974.0381660461426 372425.80487442017 9486.0207233428955 2962.5676560401917 3702.8514041900635 8094.2650012969971 31933.737374305725 5956.2823886871338 19296.51052236557 2702.3229827880859 49539.982223510742 27955.144332885742 24248.665863990784
leaf_count=1714 13300 60 6485 89 115 43 76 514 102 269 48 196 108 292
internal_value=-5.09414e-06 0.00355543 -0.000444908 -0.00150286 -0.00126393 0.00724461 0.0123222 0.000447279 0.00263215 0.001853 0.0163616 0.00302502 0.0051237 0.00229897
internal_weight=1.10601e+06 121584 984427 450368 440882 14759.7 11797.1 534058 161633 152974 8658.61 133678 84137.5 56182.4
internal_count=23411 1774 21637 13623 13534 234 119 8014 1529 1379 150 1110 914 806
is_linear=0
shrinkage=0.03


Tree=153
num_leaves=15
num_cat=0
split_feature=5 20 20 18 0 18 18 2 19 17 6 6 18 17
split_gain=1094.44 1811.09 1745.04 1231.36 1174.72 1130.98 1300.01 2297.32 1501.69 1098.21 971.45 1699.7 1359.32 897.5
threshold=388.54500000000007 0.39988377552601978 0.99398728250621604 3.4198484533222366 324.50000000000006 658.72727272727286 125.42857142857144 23.500000000000004 6.5000000000000009 56.742424242424249 218.44651908589162 1071.7076944637413 192.3978494623656 63.166666666666679
decision_type=2 2 2 2 2 2 2 2 2 2 2 2 2 2
left_child=2 3 4 9 -1 6 8 10 -5 -2 12 -12 -8 -10
right_child=1 -3 -4 5 -6 -7 7 -9 13 -11 11 -13 -14 -15
leaf_value=-0.00099348288306388088 -0.030107947610766923 -0.021563526514732853 0.023954589120824321 -0.018232179754388868 -0.013338213375098978 -0.014998862308748426 0.033305148252384953 -0.0020767854946788762 0.00062693514035815361 -0.0046380752509520649 -0.0028760463412898845 0.014952866292381486 0.0088801275254588429 0.0058102735810215047
leaf_weight=566442.05441045761 1852.7327771186829 3200.9527740478516 2483.9365110397339 3664.5554261207581 7003.8616924285889 3825.5869226455688 3784.4544868469238 18722.649858474731 420097.18421316147 8231.1100397109985 7968.2592859268188 12109.684745788574 4492.5585432052612 32362.995410919189
leaf_count=15908 45 67 38 98 663 50 27 43 5573 181 84 33 75 420
internal_value=-0.000134681 0.000862581 -0.00103564 0.00100223 -0.00114472 0.00120884 0.00133265 0.0060779 0.000842633 -0.00936806 0.0114601 0.00788135 0.0201012 0.000997923
internal_weight=1.09624e+06 520313 575930 517112 573446 507028 503202 47077.6 456125 10083.8 28355 20077.9 8277.01 452460
internal_count=23305 6696 16609 6629 16571 6403 6353 262 6091 226 219 117 102 5993
is_linear=0
shrinkage=0.03


Tree=154
num_leaves=15
num_cat=0
split_feature=7 22 19 20 5 15 7 21 0 5 19 7 22 6
split_gain=1157.66 1291.99 1488.6 1073.89 2776.75 959.11 947.566 908.628 960.215 956.553 1394.37 1206.2 1176.17 921.118
threshold=104.10000000000001 0.86607142857142871 35.500000000000007 0.10003883546728169 1155.2500000000002 4377.1350000000011 18.757352941176475 1.0000000180025095e-35 207.50000000000003 261.80071428571438 58.500000000000007 19.97058823529412 0.10948202054794522 77.26786087768501
decision_type=2 2 2 2 2 2 2 2 2 2 2 2 2 2
left_child=1 3 -3 7 -5 -2 -4 9 13 12 11 -11 -1 -9
right_child=5 2 6 4 -6 -7 -8 8 -10 10 -12 -13 -14 -15
leaf_value=0.020261776481323244 -0.0020307640418531503 -0.010536503849409918 0.0079225898458842228 -0.0013143827352749904 -0.027365335947711004 0.02634669345871294 -0.006725638468616334 0.0026217685039548137 -0.0071821861317827203 -0.024759831475431787 0.0052116083195143208 -0.0014209015351023444 -0.0023881406381586852 0.0001994859677053559
leaf_weight=6410.0373525619507 211224.97879838943 19673.124083042145 9377.9391708374023 36415.161914825439 4076.9939289093018 1057.4802074432373 6867.9780206680298 194747.10779094696 13582.629719734192 2257.3969097137451 56086.745008468628 15981.392634391785 3032.6459093093872 514587.73694896698
leaf_count=146 8005 866 196 774 34 9 205 5174 542 49 411 314 62 6524
internal_value=0.000102152 0.000580329 -0.00499086 0.000816651 -0.00394956 -0.00188693 0.00172938 0.00105599 0.000713194 0.0040134 0.00286879 -0.00433349 0.0129978 0.000864576
internal_weight=1.09538e+06 883097 35919 847178 40492.2 212282 16245.9 806686 722917 83768.2 74325.5 18238.8 9442.68 709335
internal_count=23311 15297 1267 14030 808 8014 401 13222 12240 982 774 363 208 11698
is_linear=0
shrinkage=0.03


Tree=155
num_leaves=15
num_cat=0
split_feature=21 7 19 15 12 22 18 16 19 8 6 18 22 15
split_gain=1396.71 944.295 1236.92 1488.84 1288.33 1568.8 1492.2 1280.01 1216.76 979.962 1389.54 1161.22 1214.42 1770.47
threshold=1.0000000180025095e-35 36.683333333333344 99.500000000000014 900.07500000000016 39.975000000000009 0.054093567251461992 4.0895995004905901 0.99403909990166905 74.500000000000014 0.27285388706001523 1213.5252770697982 1.3494186046511631 0.054093567251461992 53.600000000000001
decision_type=2 2 2 2 2 2 2 2 2 2 2 2 2 2
left_child=-1 2 3 4 -2 6 -6 -8 -7 -3 11 -11 -13 -14
right_child=1 9 -4 -5 5 8 7 -9 -10 10 -12 12 13 -15
leaf_value=0.0028468824757508721 -0.0032115472167588152 -0.002553057011185422 -0.0013634390905805382 0.0055665268423274652 0.017504258987349558 -0.006127709310923558 -0.010240193511228544 0.0053453723650213978 0.0063700416038816928 0.023630888819222387 -0.018241865962054744 -0.0024456809473151859 -0.0093885158206513299 0.0023152724122668983
leaf_weight=123126.21728944778 56619.268108844757 287293.32649326324 163662.09121608734 73441.146816253662 8132.1627111434937 24254.87439250946 5313.6243734359741 42861.393890380859 9839.8988637924194 1859.7984867095947 3733.3145542144775 114129.06453275681 12476.595283985138 168301.06302309036
leaf_count=1818 1526 9594 1413 529 194 698 171 776 105 30 34 2782 359 3368
internal_value=-0.000163067 -0.00054443 0.000612293 0.00207899 0.000336342 0.00255862 0.00563311 0.00362277 -0.00251918 -0.00130035 -0.000102601 0.000126804 -2.30144e-05 0.00150657
internal_weight=1.09504e+06 971918 384124 220462 147021 90402 56307.2 48175 34094.8 587793 300500 296767 294907 180778
internal_count=23397 21579 5412 3999 3470 1944 1141 947 803 16167 6573 6539 6509 3727
is_linear=0
shrinkage=0.03


Tree=156
num_leaves=15
num_cat=0
split_feature=0 21 5 17 20 4 13 6 4 17 1 1 1 12
split_gain=918.931 868.693 782.914 1154.87 903.474 823.867 966.179 1875.22 866.582 779.635 754.124 1521.49 1688.83 1195.12
threshold=409.50000000000006 1.0000000180025095e-35 246.23000000000002 6.0232558139534893 0.10273544574282902 796.41500000000008 341.97500000000008 782.59182016097759 701.79000000000008 34.519230769230781 282.50000000000006 390.00000000000006 351.50000000000006 1142.5850000000003
decision_type=2 2 2 2 2 2 2 2 2 2 2 2 2 2
left_child=1 2 3 -1 5 8 7 -7 -4 -8 13 12 -12 -3
right_child=-2 10 4 -5 -6 6 9 -9 -10 -11 11 -13 -14 -15
leaf_value=-0.01070684421534334 -0.014873831272760821 -0.00012612281847681101 -0.0018351988767485378 0.012718391313376574 -0.01375173878509311 0.005169236694409828 0.0035261109864897387 0.032000716548196945 -0.024255326297517518 -0.003499820618349666 -0.0014262312324556999 0.0016461312770676179 -0.0080445891402816851 0.0038728208337018002
leaf_weight=2228.9782938957214 3690.1605753898621 630449.42947912216 11580.389266490936 12105.5739402771 3322.3128328323364 14628.507397651672 51758.165233612061 2774.4271659851074 1772.4006299972534 19575.038230895996 133147.63295555115 88833.127739429474 46916.38675737381 75273.531202316284
leaf_count=107 354 15702 354 318 67 262 389 16 56 224 2542 1619 929 394
internal_value=3.11479e-05 8.16778e-05 0.00249281 0.009066 0.00159739 0.0020995 0.00314504 0.00947861 -0.00484299 0.00159764 -0.000214609 -0.00156646 -0.00315137 0.000300509
internal_weight=1.09806e+06 1.09437e+06 119746 14334.6 105411 102089 88736.1 17402.9 13352.8 71333.2 974620 268897 180064 705723
internal_count=23333 22979 1793 425 1368 1301 891 278 410 613 21186 5090 3471 16096
is_linear=0
shrinkage=0.03


Tree=157
num_leaves=15
num_cat=0
split_feature=19 20 18 4 4 20 3 19 19 4 19 18 18 14
split_gain=967.172 913.291 2312.85 1016.2 1427.28 874.994 1307.48 2254.25 931.723 1012.04 1588.05 1540.35 957.531 949.543
threshold=651.00000000000011 0.10674859302041419 365.76315789473693 167.81000000000003 170.91500000000002 0.56153667736181456 1.5000000000000002 1.5000000000000002 71.500000000000014 270.04000000000002 26.500000000000004 20.428812316715547 11.445048309178746 1383.1350000000002
decision_type=2 2 2 2 2 2 2 2 2 2 2 2 2 2
left_child=1 3 5 -1 -5 8 7 -7 9 10 -3 13 -10 -11
right_child=-2 2 -4 4 -6 6 -8 -9 12 11 -12 -13 -14 -15
leaf_value=-0.0043227625742088159 0.0069307479889233392 -0.0028767842985977501 -0.038725606315625258 0.019429043018404545 0.00014857175875171389 0.020718914394526937 0.0201055130814593 -0.033986818374626686 -0.0041091036128227511 -0.012503929445873722 0.037495457180344346 -0.0014061540324589142 0.015478475887417882 -0.034638963890720111
leaf_weight=46464.533551692963 17459.765609741211 4505.3559813499451 1659.3830108642578 3447.7960042953491 977969.63291168213 1280.1326160430908 3377.0649347305298 1398.3391342163086 5387.6397638320923 13410.174165248871 1068.0962677001953 13040.312722682953 3824.3828964233398 1997.3385581970215
leaf_count=2886 39 236 23 89 19118 26 39 70 109 469 22 166 37 39
internal_value=-6.9531e-05 -0.00018295 -0.00410278 1.14174e-05 0.0002167 -0.00292191 0.00774125 -0.00788131 -0.00441836 -0.0067093 0.00496656 -0.0089987 0.00403862 -0.0154146
internal_weight=1.09629e+06 1.07883e+06 50948.2 1.02788e+06 981417 49288.8 6055.54 2678.47 43233.3 34021.3 5573.45 28447.8 9212.02 15407.5
internal_count=23368 23329 1236 22093 19207 1213 135 96 1078 932 258 674 146 508
is_linear=0
shrinkage=0.03


Tree=158
num_leaves=15
num_cat=0
split_feature=21 1 1 1 7 1 5 19 19 20 1 5 14 19
split_gain=1430.09 1049.58 1968.48 1478.58 1130.36 1240.3 962.109 1244.21 2009.46 1188.45 968.021 1047.4 896.573 843.495
threshold=1.0000000180025095e-35 317.50000000000006 415.50000000000006 351.50000000000006 31.029411764705888 176.50000000000003 246.23000000000002 33.500000000000007 27.500000000000004 0.10273544574282902 99.500000000000014 206.47500000000005 3109.1200000000003 8.5000000000000018
decision_type=2 2 2 2 2 2 2 2 2 2 2 2 2 2
left_child=6 4 3 -3 -2 12 7 8 10 -8 -1 -12 -6 -7
right_child=1 2 -4 -5 5 13 9 -9 -10 -11 11 -13 -14 -15
leaf_value=0.018574542311779872 0.0017381374638014413 -0.001676252487449945 0.0011295676480529611 -0.0085817003155053556 -0.0021409480976360014 0.0056126678405564335 0.00267065673239622 -0.0071042570265330042 0.036115568362076987 -0.0156156989729304 -0.01219413896604731 0.017957417899138871 -0.013745379327229855 2.8496248855797622e-05
leaf_weight=3763.4033460617065 259409.99546766281 59036.879287719727 84210.04956817627 52923.02991771698 201300.04414367676 26540.1463971138 103734.50998353958 2890.5979671478271 2948.2735652923584 3280.6865148544312 3023.0800576210022 1552.9975862503052 6156.9137763977051 291888.62644100189
leaf_count=110 3814 1088 1725 1145 6162 942 1298 69 36 71 154 46 74 6649
internal_value=6.97618e-06 -0.000372695 -0.00233545 -0.00494138 0.000117656 -0.000681735 0.00308124 0.0104193 0.0149115 0.00210725 0.00734665 -0.0019279 -0.00248664 0.000494245
internal_weight=1.10266e+06 981466 196170 111960 785296 525886 121194 14178.4 11287.8 107015 8339.48 4576.08 207457 318429
internal_count=23383 21599 3958 2233 17641 13827 1784 415 346 1369 310 200 6236 7591
is_linear=0
shrinkage=0.03


Tree=159
num_leaves=15
num_cat=0
split_feature=6 19 1 16 19 1 22 17 22 12 1 1 7 6
split_gain=1381.14 1208.17 1229.78 1400.47 1177.18 1070.19 3342.81 2121.63 1963.75 1574.54 1522.24 1424.87 1370.27 1655.37
threshold=1071.7076944637413 651.00000000000011 253.50000000000003 0.36276022393767721 402.50000000000006 174.50000000000003 0.24885321100917435 9.5131578947368443 0.097619047619047633 605.43000000000018 190.50000000000003 201.50000000000003 59.055555555555564 409.47869293437111
decision_type=2 2 2 2 2 2 2 2 2 2 2 2 2 2
left_child=1 2 4 -4 5 6 7 12 -7 -8 -10 -12 13 -1
right_child=-2 -3 3 -5 -6 8 9 -9 10 -11 11 -13 -14 -15
leaf_value=0.00074735435366309435 0.0039500129911668709 0.009418488678974872 -0.00099717958603120658 -0.0060657418995116973 -0.015801544879017616 -0.001231140014589952 -0.010621613235720325 0.0017953930164686062 0.0079438344723383909 0.0017450925800726596 -0.012174175120803259 0.0026362219782611737 -0.010316631157664872 -0.031625606007117626
leaf_weight=30857.157720565796 73562.981997489929 11353.414627075195 300981.40395927429 58599.919516563416 4011.2003440856934 121120.1446146965 39543.969964027405 235878.27324008942 53554.299083709717 12092.989641189575 6108.5113792419434 127121.21166229248 23037.576013565063 1470.2040557861328
leaf_count=910 255 28 6483 1010 26 2978 1416 5645 827 194 180 2282 1127 16
internal_value=-2.01369e-05 -0.000304938 -0.000413951 -0.00182348 0.000360124 0.000460221 -0.000692603 0.000554829 0.00174396 -0.00772587 0.00367309 0.00195545 -0.00472924 -0.000743567
internal_weight=1.09929e+06 1.02573e+06 1.01438e+06 359581 654796 650784 342880 291243 307904 51637 186784 133230 55364.9 32327.4
internal_count=23377 23122 23094 7493 15601 15575 9308 7698 6267 1610 3289 2462 2053 926
is_linear=0
shrinkage=0.03


Tree=160
num_leaves=15
num_cat=0
split_feature=7 10 8 22 16 8 19 7 6 2 17 6 4 22
split_gain=1548.03 1661.39 752.854 1548.16 1924.01 1794 1683.39 1296.39 986.004 955.711 936.666 1363.32 876.419 819.444
threshold=12.022222222222224 16.500000000000004 0.32030661980167635 0.097619047619047633 0.89237189853735222 6.2792207792207799 36.500000000000007 18.016666666666669 561.09945193207454 4.5000000000000009 5.0312500000000009 360.3254102164089 1682.5450000000003 0.70714285714285718
decision_type=2 2 2 2 2 2 2 2 2 2 2 2 2 2
left_child=-1 2 -2 5 6 7 10 9 -6 -4 -5 13 -7 -12
right_child=1 -3 3 4 8 12 -8 -9 -10 -11 11 -13 -14 -15
leaf_value=0.0035771974493436893 -0.00099141502174645343 -0.02569812966261685 0.015955100324227232 0.0017087765165208293 -0.0086847106047564342 -0.011423782155219928 0.0015872715740585103 -0.0015025292690236608 0.0092146229663000838 0.0013736643248166561 0.0087107741583539299 0.023309521278159259 -0.039563656361921912 -0.013544440030606187
leaf_weight=110153.31661224365 464126.93430328369 2269.477897644043 6685.3106718063354 17638.46666431427 20110.135566711426 4493.8318419456482 224821.96136379242 194912.69158697128 3194.9567928314209 10209.013914108276 30403.566246986389 5900.7880878448486 1271.2660722732544 1548.2333736419678
leaf_count=1278 12699 10 93 338 469 200 3344 3971 24 90 747 46 46 65
internal_value=0.000204277 -0.000171996 -0.000112681 0.000669851 0.0020539 -0.00126158 0.0027426 -0.000811308 -0.00622505 0.00715578 0.00742117 0.0100807 -0.0177443 0.00762459
internal_weight=1.09774e+06 987587 985317 521190 303618 217572 280313 211807 23305.1 16894.3 55491.1 37852.6 5765.1 31951.8
internal_count=23420 22142 22132 9433 5033 4400 4540 4154 493 183 1196 858 246 812
is_linear=0
shrinkage=0.03


Tree=161
num_leaves=15
num_cat=0
split_feature=18 17 22 0 0 8 15 22 15 5 4 4 12 0
split_gain=1232 3007.38 2241.17 1629.04 1595.43 1403.53 1394.4 1392.28 1760.05 1327.72 1314.04 1496.78 1252.29 1218.48
threshold=13.252272727272729 46.555555555555564 0.060661764705882359 45.500000000000007 66.500000000000014 2.8137567024128693 214.81500000000003 0.31686991869918707 106.09500000000001 921.78714285714295 2282.5700000000002 265.01000000000005 92.250000000000014 9.5000000000000018
decision_type=2 2 2 2 2 2 2 2 2 2 2 2 2 2
left_child=5 2 3 -2 6 7 -4 -1 13 -6 11 -5 -10 -9
right_child=1 -3 4 10 9 -7 -8 8 12 -11 -12 -13 -14 -15
leaf_value=0.00039762834111722265 0.0011036381337491913 0.014960616460379097 -0.0052372263913841146 -0.013703983100059906 0.0096783688673129 -0.0058745216456935114 0.0022408791038108365 -0.00097652318722857181 0.0016734950367744905 -0.0057883347904905715 -0.013929278087825197 -0.001487720238680869 -0.0044778258483538858 -0.011164943771726037
leaf_weight=445006.96062803268 72975.150852203369 13808.855310440063 25355.218658447266 10705.913260936737 38022.352127552032 46757.27471780777 194119.10820770264 15970.995629310608 71218.365185260773 5736.7537832260132 12711.772917747498 57016.804365158081 51170.193720817566 31210.98421049118
leaf_count=10361 1139 126 547 702 908 1399 1450 415 2137 75 205 1579 952 1291
internal_value=-5.20938e-05 0.001197 0.000740132 -0.00214187 0.00241977 -0.000865119 0.00137656 -0.000483823 -0.0027968 0.00764899 -0.00508594 -0.0034224 -0.00089866 -0.00771806
internal_weight=1.09179e+06 430452 416643 153410 263233 661335 219474 614577 169571 43759.1 80434.5 67722.7 122389 47182
internal_count=23286 6731 6605 3625 2980 16555 1997 15156 4795 983 2486 2281 3089 1706
is_linear=0
shrinkage=0.03


Tree=162
num_leaves=15
num_cat=0
split_feature=8 8 7 1 16 18 18 4 19 18 18 18 6 6
split_gain=1072.9 1132.15 922.825 839.534 1620.82 814.783 2289.01 961.03 1496.3 811.37 805.715 1795.03 1629.14 865.246
threshold=3.5563492063492066 0.6027123569655507 32.050000000000004 329.50000000000006 -0.18390719124847585 3.9506903353057203 4.0139114619611496 17.675000000000004 18.500000000000004 30.020618556701034 72.239726027397282 43.747252747252752 578.43010378887664 281.1217098017234
decision_type=2 2 2 2 2 2 2 2 2 2 2 2 2 2
left_child=1 2 3 -1 -5 7 -7 -4 -9 -3 11 12 13 -2
right_child=10 9 5 4 -6 6 -8 8 -10 -11 -12 -13 -14 -15
leaf_value=0.0022601477784998806 -0.0053246366065423448 0.00099353727650784013 0.020448396119863817 0.0089404220876613764 -0.0058753464351040561 0.026507310455593461 -0.00085085329943464293 -0.018966402254057511 -0.0033506389678746103 0.0046696926172819049 -0.016837521117475707 0.020755395214674063 -0.031874116352476153 0.0050363346322128558
leaf_weight=160287.8008723259 35665.818071842194 299901.37262105942 1341.1195831298828 8477.5516757965088 30484.601272583008 2750.699667930603 417577.74173736572 6186.2491884231567 50278.770744800568 65895.245625495911 4075.0677738189697 2689.364182472229 1840.3723134994507 9087.8970375061035
leaf_count=2350 1176 5546 66 41 181 56 10869 446 1838 532 80 43 48 175
internal_value=9.8867e-05 0.000311131 -0.000415136 0.00130008 -0.00264874 -0.00112993 -0.000670564 -0.00446875 -0.0050676 0.00165599 -0.00404954 -0.00298574 -0.00436437 -0.00321938
internal_weight=1.09654e+06 1.04318e+06 677385 199250 38962.2 478135 420328 57806.1 56465 365797 53358.5 49283.5 46594.1 44753.7
internal_count=23447 21925 15847 2572 222 13275 10925 2350 2284 6078 1522 1442 1399 1351
is_linear=0
shrinkage=0.03


Tree=163
num_leaves=15
num_cat=0
split_feature=21 20 19 20 20 17 6 20 6 19 8 17 19 20
split_gain=1707.74 1388.16 1514.4 1952.97 1469.08 1408.24 1260.87 1158.59 1184.11 1120.04 1097.58 984.003 1218.8 1116.78
threshold=1.0000000180025095e-35 0.00059103121928520382 9.5000000000000018 0.0054128905986524445 0.15856846176662934 14.861904761904764 124.49519193794836 0.011037895077182882 865.7223658265433 345.50000000000006 0.021409472880061117 32.898989898989903 21.500000000000004 0.021279709279394838
decision_type=2 2 2 2 2 2 2 2 2 2 2 2 2 2
left_child=7 9 3 -3 -4 -6 -5 8 -1 -2 -7 12 -9 -13
right_child=1 2 4 6 5 10 -8 11 -10 -11 -12 13 -14 -15
leaf_value=0.0040271538245777935 -0.0013904751564447911 0.030031118727704982 0.00076473912623391423 0.010089843924540194 -0.0129704618746462 -0.013552938458095408 -0.0089940286048508563 -0.013919554335533102 0.013829540777138995 -0.018241619621714757 0.011766323686681087 -0.026232780504321745 0.0038954793809839292 -0.002765775777505068
leaf_weight=59323.340229511261 444920.97173070908 3296.6569347381592 494065.9938287735 10823.893017292023 13709.841668128967 2261.5855350494385 4354.4784135818481 3840.314163684845 13631.128517150879 3558.6112060546875 4730.296537399292 2428.4554395675659 33021.717308044434 7192.141713142395
leaf_count=1101 13554 20 7024 353 341 102 79 130 36 42 84 45 336 113
internal_value=0.00011717 -0.000294936 0.000739612 0.00917392 0.00043656 -0.00738891 0.0046103 0.00350399 0.00586196 -0.00152499 0.00356129 -0.000197784 0.00203295 -0.00873151
internal_weight=1.10116e+06 981722 533243 18475 514768 20701.7 15178.4 119437 72954.5 448480 6991.88 46482.6 36862 9620.6
internal_count=23360 21599 8003 452 7551 527 432 1761 1137 13596 186 624 466 158
is_linear=0
shrinkage=0.03


Tree=164
num_leaves=15
num_cat=0
split_feature=17 7 4 5 5 14 11 20 20 5 17 20 20 5
split_gain=1016.82 1409.47 1657.7 924.731 1275.84 975.643 894.129 875.037 1221.13 2023.6 1154.73 1037.17 929.116 1063.17
threshold=46.058823529411775 16.021739130434785 2880.2900000000004 1155.2500000000002 480.4308333333334 1568.1200000000001 1.5000000000000002 0.99398728250621604 0.15856846176662934 1155.2500000000002 1.5277777777777779 0.17744717682443117 0.0093163699224090273 572.20000000000016
decision_type=2 2 2 2 2 2 2 2 2 2 2 2 2 2
left_child=7 2 6 4 -3 -5 -2 8 10 11 -1 -10 -12 -14
right_child=1 3 -4 5 -6 -7 -8 -9 9 -11 12 -13 13 -15
leaf_value=-0.0079652621661240527 0.010785063820120039 0.0038574168632613437 -0.0035450492384483138 0.017044596349797773 -0.0038524547292044971 0.0027141221871776534 0.029990769768779093 0.015711340184677076 -0.020842466443507963 -0.0266114489773801 -0.00083596035655378147 -0.00098209430474083996 0.00010892835031806301 0.0036745464671803178
leaf_weight=16915.907339096069 4994.4111700057983 38367.663834571838 4220.1484699249268 6235.584903717041 38864.215883255005 13540.981689453125 3905.133716583252 3031.1931467056274 2657.1418032646179 3896.5351800918579 560783.9781165123 20420.468277454376 273802.06056451797 103772.33648300171
leaf_count=631 88 955 30 84 662 123 28 50 93 42 14324 563 4874 761
internal_value=-2.38962e-05 0.00270976 0.0119308 0.00146048 -2.22967e-05 0.0072452 0.0192609 -0.000329495 -0.000379315 -0.00667172 -0.0002015 -0.00328487 -6.13752e-05 0.00108904
internal_weight=1.09541e+06 110128 13119.7 97008.4 77231.9 19776.6 8899.54 985280 982248 26974.1 955274 23077.6 938358 377574
internal_count=23308 1970 146 1824 1617 207 116 21338 21288 698 20590 656 19959 5635
is_linear=0
shrinkage=0.03


Tree=165
num_leaves=15
num_cat=0
split_feature=1 1 4 1 15 2 17 5 17 18 5 13 5 11
split_gain=1002.84 2175.39 1794.78 1140.61 1005.1 1108.79 829.119 817.174 751.658 1187.9 1245.08 875.384 809.214 1451.53
threshold=313.00000000000006 374.00000000000006 507.37500000000006 351.50000000000006 1259.2300000000002 24.500000000000004 22.324561403508774 2250.4095454545454 46.058823529411775 14.658241758241759 241.57833333333335 214.56000000000003 1078.4125000000001 2.5000000000000004
decision_type=2 2 2 2 2 2 2 2 2 2 2 2 2 2
left_child=4 3 -3 -2 5 8 -6 -4 12 10 11 -10 -1 -14
right_child=1 2 7 -5 6 -7 -8 -9 9 -11 -12 -13 13 -15
leaf_value=-6.3244256810989567e-05 -0.0019766687926852113 -0.014766045572100024 0.0018550610114195091 -0.0078831351290740703 0.0044048405615247288 -0.018658111967129652 9.5424465759172021e-05 0.01653227317808182 0.0027420813874444896 0.013642103274365646 -6.8793247485705896e-05 0.020522043386584369 -0.016216735309932784 0.00036137563312829273
leaf_weight=611256.545545578 69039.006481170654 5796.8564357757568 94815.532820701599 51287.035254001617 96290.762258529663 2832.0849685668945 68947.030460357666 3522.1137857437134 5137.4343585968018 8224.9675960540771 58912.278172492981 4833.2584028244019 7859.9898643493652 11977.52502822876
leaf_count=16236 1233 545 1611 923 618 18 571 15 198 78 1143 87 134 68
internal_value=4.11352e-05 -0.00174792 0.00142666 -0.0044951 0.000499438 9.61825e-06 0.00260693 0.002384 8.47949e-05 0.00288048 0.0015919 0.0113847 -0.000256866 -0.0062169
internal_weight=1.10073e+06 224461 104135 120326 876272 711034 165238 98337.6 708202 77107.9 68883 9970.69 631094 19837.5
internal_count=23478 4327 2171 2156 19151 17962 1189 1626 17944 1506 1428 285 16438 202
is_linear=0
shrinkage=0.03


Tree=166
num_leaves=15
num_cat=0
split_feature=1 16 1 1 17 17 1 7 4 0 7 7 17 8
split_gain=1131.54 1163.01 1031.3 1434.93 1129.37 884.749 790.285 768.31 1074.91 767.377 865.973 760.265 929.513 1305.73
threshold=251.50000000000003 0.36276022393767721 175.50000000000003 190.50000000000003 9.5131578947368443 93.750000000000014 201.50000000000003 56.900000000000006 2130.0650000000001 16.500000000000004 19.97058823529412 17.025000000000002 44.708333333333336 0.06859943977591039
decision_type=2 2 2 2 2 2 2 2 2 2 2 2 2 2
left_child=2 -2 4 -4 7 6 -5 9 -9 -1 -11 12 -6 -14
right_child=1 -3 3 5 11 -7 -8 8 -10 10 -12 -13 13 -15
leaf_value=0.0036654321905960348 -0.00043010162646619344 -0.0047214366845469953 0.005316465191842602 -0.0044565430004145151 0.0017077888812805705 0.019024655871168306 0.0012546521024478195 -0.006543007109025183 -0.038371759869246104 -0.015151373540891784 -0.0015994758385645736 -0.00013262773323105087 0.0027427996251261156 0.023550464327952901
leaf_weight=17133.265801429749 342355.9259223938 68134.184771060944 88732.660984992981 24218.816711425781 37194.304819107056 2370.0130004882812 217249.68486785889 25441.227334499359 973.42783164978027 5430.8071737289429 19190.23970746994 246061.77463436127 6389.0324869155884 4706.8838768005371
leaf_count=394 6685 1043 1512 637 844 34 4041 1205 22 177 619 6094 118 36
internal_value=0.000106293 -0.00114258 0.000843835 0.00205025 -0.000262966 0.000861343 0.000681509 -0.00374184 -0.0077441 -0.00120743 -0.00459857 0.000542905 0.00398369 0.0115959
internal_weight=1.10558e+06 410490 695092 332571 362521 243839 241469 68169 26414.7 41754.3 24621 294352 48290.2 11095.9
internal_count=23461 7728 15733 6224 9509 4712 4678 2417 1227 1190 796 7092 998 154
is_linear=0
shrinkage=0.03


Tree=167
num_leaves=15
num_cat=0
split_feature=18 18 20 17 5 5 20 1 18 20 22 8 16 1
split_gain=1488.05 990.562 1392.08 1094.54 1192.92 1619.98 1078.01 1308.05 1683.14 1536.52 1510.25 1303.06 1811.77 1499.97
threshold=658.72727272727286 20.800419985202598 0.99398728250621604 9.8633540372670829 91.405000000000015 83.57350000000001 0.0048123305895908545 250.50000000000003 32.089682539682549 0.0076489535224532465 0.081666666666666679 2.8137567024128693 -0.99705877724772607 161.50000000000003
decision_type=2 2 2 2 2 2 2 2 2 2 2 2 2 2
left_child=1 2 3 -1 5 -5 11 8 -8 -10 -11 12 -3 -13
right_child=-2 6 -4 4 -6 -7 7 -9 9 10 -12 13 -14 -15
leaf_value=-0.0034660101444626309 -0.017422941650476712 0.016771777588145936 0.025054699433125723 -0.0037101549428681028 -0.0001673685257169842 0.032702544017586509 0.012706413671947437 0.00068600657173094337 0.013851797099354586 -0.0089140844078310875 0.0046648999241077358 0.0048377635859041127 -0.00050228898400644321 -0.020674683283128478
leaf_weight=96683.892843723297 4370.2554311752319 5788.027624130249 1908.7347612380981 2079.7624597549438 750007.98740625381 2304.5943164825439 25004.76752281189 69800.895881652832 8862.9854431152344 11543.282433509827 20314.817333221436 3244.0996141433716 92394.307404518127 5699.0442547798157
leaf_count=3685 68 127 27 131 16278 32 278 493 30 181 115 48 1845 162
internal_value=7.81816e-06 7.76624e-05 -0.000403461 -0.000461144 -7.5955e-05 0.0154914 0.00176883 0.00354639 0.00658299 0.00281851 -0.000257738 -0.000480246 0.000519257 -0.01143
internal_weight=1.10001e+06 1.09564e+06 852985 851076 754392 4384.36 242652 135527 65725.9 40721.1 31858.1 107125 98182.3 8943.14
internal_count=23500 23432 20153 20126 16441 163 3279 1097 604 326 296 2182 1972 210
is_linear=0
shrinkage=0.03


Tree=168
num_leaves=15
num_cat=0
split_feature=1 1 1 22 1 1 1 7 17 12 5 16 17 17
split_gain=866.247 2019.43 1535.74 1449.02 4435.64 2288.38 2041.85 1688.97 1602.01 1393.29 1324.72 1209.34 1192.75 1164.68
threshold=313.00000000000006 374.00000000000006 351.50000000000006 0.060661764705882359 171.50000000000003 152.50000000000003 220.50000000000003 54.083333333333336 23.348484848484851 39.975000000000009 201.65968750000005 -0.99918340678092432 4.041666666666667 21.522727272727277
decision_type=2 2 2 2 2 2 2 2 2 2 2 2 2 2
left_child=3 2 -2 5 7 9 13 8 -5 -1 -11 -7 -8 -6
right_child=1 -3 -4 4 6 11 12 -9 -10 10 -12 -13 -14 -15
leaf_value=-0.00070904115235868208 -0.0015662975394154144 0.0012784140605118879 -0.0085389765014358583 -0.0092056119703713066 0.0078167091984319061 -0.026936142995091155 0.0090471342864587717 -0.017385197811062354 0.0019437023136547843 0.010717819299298877 0.0020606606139027725 -0.0030642503722746227 0.00047826904260840565 0.0022256758001598324
leaf_weight=156261.26333236694 68645.850185394287 104686.83261919022 48518.785192489624 24032.598756313324 85550.604747772217 1909.5321502685547 15649.530144691467 10051.604412078857 22389.888264656067 20156.660625457764 75262.961444854736 191779.72391033173 218299.51086854935 55174.912631988525
leaf_count=4775 1257 2166 917 767 1295 64 250 340 498 565 1290 5088 3318 810
internal_value=-7.49635e-05 -0.0017495 -0.0044547 0.0003489 0.00158859 -0.000851218 0.00277001 -0.00624769 -0.0038297 0.00103525 0.00389128 -0.00330235 0.00105219 0.00562523
internal_weight=1.09837e+06 221851 117165 876519 431149 445370 374675 56474.1 46422.5 251681 95419.6 193689 233949 140726
internal_count=23400 4340 2174 19060 7278 11782 5673 1605 1265 6630 1855 5152 3568 2105
is_linear=0
shrinkage=0.03


Tree=169
num_leaves=15
num_cat=0
split_feature=18 6 0 12 22 16 5 18 18 16 17 15 19 19
split_gain=1069.67 1008.89 776.15 1207.54 933.773 939.089 792.522 1208.77 896.757 817.135 763.288 1460.02 971.373 1228.41
threshold=658.72727272727286 3170.263322026673 4.5000000000000009 7281.630000000001 0.12451550387596901 -0.3007653743635566 166.23000000000005 64.292913608131002 48.516483516483525 0.99982985934427715 3.4529914529914536 241.00000000000003 6.5000000000000009 8.5000000000000018
decision_type=2 2 2 2 2 2 2 2 2 2 2 2 2 2
left_child=1 2 4 6 -1 -6 7 8 -4 10 11 -8 -12 -14
right_child=-2 -3 3 -5 5 -7 9 -9 -10 -11 12 -13 13 -15
leaf_value=0.0054840889416033975 -0.013040808898976486 0.0065240292604269697 -0.0026817771545893506 -0.017737104632765746 0.0098159136785066492 -0.0004852938860149439 -0.004839178310365135 -0.02981919435899149 0.018777922936084754 -0.013286195033521698 -0.012213073056650195 0.009291260317746533 0.010522904657039912 -0.00012647824299643094
leaf_weight=46728.146000862122 5586.4578738212585 21525.540588378906 105618.57099342346 3565.3464508056641 8672.7842612266541 95085.225046157837 9657.8295297622681 1439.0117778778076 1762.3571982383728 4104.5201644897461 5875.51016664505 20568.086507797241 9856.2002339363098 754013.68390846252
leaf_count=567 75 36 4908 11 79 1022 285 119 62 31 238 231 263 15457
internal_value=2.95022e-05 9.68224e-05 -3.29656e-05 -0.000360856 0.00196367 0.000377475 -0.000292606 -0.00269512 -0.00232615 3.25987e-05 0.000101266 0.00477607 -8.2421e-05 1.12025e-05
internal_weight=1.09406e+06 1.08847e+06 1.06695e+06 916461 150486 103758 912896 108820 107381 804076 799971 30225.9 769745 763870
internal_count=23384 23309 23273 21605 1668 1101 21594 5089 4970 16505 16474 516 15958 15720
is_linear=0
shrinkage=0.03


Tree=170
num_leaves=15
num_cat=0
split_feature=7 12 20 1 6 22 5 4 4 14 5 22 14 5
split_gain=867.029 927.697 1521.18 1712.58 1666.34 1437.8 858.76 966.981 856.861 847.307 816.852 1620.95 769.131 751.539
threshold=21.710084033613452 151.12500000000003 0.0052385650394914498 119.50000000000001 1213.5252770697982 0.85164835164835173 461.67500000000007 884.61500000000012 1103.2250000000001 121.88000000000001 197.0302777777778 0.046536796536796543 127.63500000000002 3192.063333333334
decision_type=2 2 2 2 2 2 2 2 2 2 2 2 2 2
left_child=1 2 3 4 6 -5 7 9 -7 -1 11 -3 -4 -2
right_child=13 10 12 5 -6 8 -8 -9 -10 -11 -12 -13 -14 -15
leaf_value=0.0083124693519945128 -0.00041820111755563487 0.020096765657327324 0.015842946023814156 -0.019689081446157882 0.032451230893530733 -0.0094361252099665303 -0.026478579999336171 0.020181599585701267 0.021842020258324702 -0.011444279743890113 0.0018931218102917929 0.0013237239227682708 0.0010860400378849204 -0.012447286165783758
leaf_weight=3071.7395133972168 849963.11630296707 6814.1905641555786 3739.502293586731 10551.854131698608 1330.061897277832 1945.461368560791 1209.6452751159668 1755.8146858215332 1296.6452522277832 5294.1030263900757 172610.78813552856 10505.927461624146 20600.047726631165 4680.3136854171753
leaf_count=150 20376 127 103 293 3 84 25 21 19 201 1390 154 285 58
internal_value=-3.64147e-05 0.00155385 -0.0020468 -0.00702404 0.000944267 -0.0143289 -0.00280466 7.12595e-05 0.00313045 -0.00418754 0.00251691 0.00872419 0.00336442 -0.000484366
internal_weight=1.09537e+06 240726 50794.9 26455.3 12661.4 13794 11331.3 10121.7 3242.11 8365.84 189931 17320.1 24339.6 854643
internal_count=23289 2855 1184 796 400 396 397 372 103 351 1671 281 388 20434
is_linear=0
shrinkage=0.03


Tree=171
num_leaves=15
num_cat=0
split_feature=0 5 4 16 5 7 1 5 16 1 1 1 1 1
split_gain=989.797 1384.8 1327.18 1102.53 1220.47 1059.87 959.072 905.674 808.351 734.875 689.097 1229.05 1093.48 893.955
threshold=188.50000000000003 112.17000000000002 120.38000000000001 -0.3007653743635566 337.09888888888895 185.25000000000003 16.500000000000004 50.418125000000011 -0.74289152775032774 23.500000000000004 313.00000000000006 374.00000000000006 351.50000000000006 174.50000000000003
decision_type=2 2 2 2 2 2 2 2 2 2 2 2 2 2
left_child=3 7 -3 4 5 -1 -5 -2 -6 -8 13 12 -12 -11
right_child=1 2 -4 6 8 -7 9 -9 -10 10 11 -13 -14 -15
leaf_value=-0.0021004888509657919 0.00052096008693118632 0.025145992728629052 -0.002535687006427772 0.0052766328600950003 0.013971579471567514 0.01636831902735407 -0.0079389941938480674 -0.02333507270707063 0.0044847823003244967 -0.00099175837662531484 -0.0012360895193265721 0.0015983483449537623 -0.0077358693903288849 0.0011366709023039772
leaf_weight=37049.772661209106 2053.6776452064514 1569.7308378219604 80351.294814586639 28946.16832447052 9798.7809276580811 3004.744535446167 11087.271877288818 4706.6847448348999 45992.127338409424 314828.88836240768 53013.513758659363 53435.600496292114 41546.910502910614 407388.42159748077
leaf_count=1086 158 70 3523 820 181 107 358 457 553 8247 681 733 553 5852
internal_value=-4.02139e-05 -0.00307817 -0.00199926 0.000227621 0.00328777 -0.000707548 -9.46658e-05 -0.0161079 0.0061554 -0.000271201 -0.000173326 -0.00203809 -0.00409292 0.000208844
internal_weight=1.09477e+06 88681.4 81921 1.00609e+06 95845.4 40054.5 910247 6760.36 55790.9 881301 870213 147996 94560.4 722217
internal_count=23379 4208 3593 19171 1927 1193 17244 615 734 16424 16066 1967 1234 14099
is_linear=0
shrinkage=0.03


Tree=172
num_leaves=15
num_cat=0
split_feature=5 8 22 18 5 4 8 0 5 11 8 19 19 0
split_gain=763.553 771.865 1523.22 1164.7 1079.68 1270.41 1095.08 988.531 1040.22 844.514 1031.91 896.8 1520 1424.28
threshold=83.57350000000001 0.6027123569655507 0.097619047619047633 10.834421235857269 1304.0180000000003 1754.345 3.6706827309236951 45.500000000000007 91.405000000000015 1.5000000000000002 18.575000000000003 16.500000000000004 64.500000000000014 189.50000000000003
decision_type=2 2 2 2 2 2 2 2 2 2 2 2 2 2
left_child=-1 -2 4 -4 5 7 -7 -3 -9 10 11 13 -13 -5
right_child=1 2 3 9 -6 6 -8 8 -10 -11 -12 12 -14 -15
leaf_value=-0.0064434954437993727 -0.00058751514515534883 0.0049974763868621125 0.00013197157224331544 0.027424492574690776 0.008336856804534172 -0.0041759446689647985 -0.019149643555280902 0.022128670587409402 -0.0020015031863157605 0.003090670911952018 -0.013043560873316699 0.00072210443177915702 0.016310868366915459 -0.0028095325943818736
leaf_weight=16531.306062221527 660919.09603452682 27898.951449394226 101026.00143671036 5175.5725746154785 10258.47191619873 46363.922567367554 4839.329044342041 1620.260594367981 81562.158687591553 109621.97312164307 1849.0665874481201 13793.957460403442 9493.1410827636719 1915.9753437042236
leaf_count=1113 14852 510 2131 85 71 554 110 31 2267 920 65 360 124 72
internal_value=-4.89292e-05 4.94019e-05 0.0010627 0.00259376 -0.00109251 -0.00168952 -0.00559807 0.000112817 -0.00152628 0.00434679 0.00861488 0.00994089 0.00708551 0.019271
internal_weight=1.09287e+06 1.07634e+06 415419 242876 172543 162285 51203.3 111081 83182.4 141850 32227.7 30378.6 23287.1 7091.55
internal_count=23265 22152 7300 3757 3543 3472 664 2808 2298 1626 706 641 484 157
is_linear=0
shrinkage=0.03


Tree=173
num_leaves=15
num_cat=0
split_feature=1 16 4 1 9 2 22 12 6 1 1 0 1 1
split_gain=720.988 1755.4 1119.42 734.463 727.595 1184.42 1122.92 980.252 943.599 1229.8 659.727 655.772 803.902 860.889
threshold=282.50000000000006 0.1624210067263604 209.73000000000005 553.50000000000011 1.5000000000000002 25.500000000000004 0.35504201680672276 682.1450000000001 89.50916363211509 109.50000000000001 144.50000000000003 94.500000000000014 390.00000000000006 364.50000000000006
decision_type=2 2 2 2 2 2 2 2 2 2 2 2 2 2
left_child=4 2 -2 -4 5 -1 8 10 9 -6 -8 12 13 -3
right_child=1 11 3 -5 6 -7 7 -9 -10 -11 -12 -13 -14 -15
leaf_value=0.00030608696867458435 -0.013556044556034704 -0.0037820287065334266 0.00021045459190380172 0.0074954938453917468 0.022653802498742985 -0.020282701855171389 -0.0035302344900102534 0.0014620939456146428 0.0027408518675249541 0.0045405670639237844 -0.020457151499405531 -0.017170451420969134 0.0025814027386882629 -0.012150580167210458
leaf_weight=652326.66373252869 5084.6008372306824 53201.770829200745 202959.89677762985 13249.551077365875 5147.3422374725342 2504.4271831512451 4273.9853649139404 12800.010940551758 102099.4134645462 9757.3571519851685 4021.3917570114136 3649.2661972045898 13157.117133140564 13960.62734079361
leaf_count=16338 532 684 3948 108 75 18 116 135 746 132 95 134 210 212
internal_value=0.00016715 -0.00107168 0.000329765 0.000657542 0.00064409 0.000226727 0.00262279 -0.00374561 0.00377144 0.010818 -0.0117654 -0.00476429 -0.00419648 -0.00552465
internal_weight=1.09819e+06 305263 221294 216209 792931 654831 138100 21095.4 117004 14904.7 8295.38 83968.8 80319.5 67162.4
internal_count=23483 5828 4588 4056 17655 16356 1299 346 953 207 211 1240 1106 896
is_linear=0
shrinkage=0.03


Tree=174
num_leaves=15
num_cat=0
split_feature=21 20 6 17 20 6 7 15 17 17 15 19 19 20
split_gain=1097.62 901.715 1125.75 932.935 1123.45 934.907 869.098 1014.14 961.69 882.79 989.151 826.568 823.613 822.634
threshold=1.0000000180025095e-35 0.011037895077182882 865.7223658265433 33.055555555555564 0.021279709279394838 106.82716038626172 222.25000000000003 832.24000000000012 43.63333333333334 4.3484848484848486 393.80500000000006 21.500000000000004 38.500000000000007 0.041584641211301017
decision_type=2 2 2 2 2 2 2 2 2 2 2 2 2 2
left_child=1 2 -1 11 -5 -6 -2 8 9 10 -8 -3 -13 -11
right_child=6 3 -4 4 5 -7 7 -9 -10 13 -12 12 -14 -15
leaf_value=0.0029310985317465739 6.437500188750253e-05 -0.010932176571746333 0.011657072906139179 -0.024184359534534024 0.010794169269477998 -0.010137984008026017 0.00077681422848276615 -0.027059446015152509 0.0098644150216875368 -0.0091146238943357379 0.037706304101180796 0.014726613039022469 0.0014901246847764961 0.0049362062535498177
leaf_weight=58903.046331882477 942716.50167036057 3971.3644857406616 17178.204154968262 2842.3176517486572 3042.6700134277344 5130.5202178955078 3802.6797800064087 1688.8177671432495 4323.2881927490234 25153.382805347443 768.26667213439941 4985.7864952087402 27366.205585479736 4393.4741635322571
leaf_count=1115 19260 131 40 53 49 74 281 59 176 1565 12 93 236 205
internal_value=0.000215159 0.00288158 0.00490386 -0.000369253 -0.00800871 -0.00233815 -0.000119726 -0.00444244 -0.00343526 -0.00512534 0.007121 0.00195064 0.00353785 -0.00702341
internal_weight=1.10627e+06 123420 76081.3 47338.9 11015.5 8173.19 982846 40129.9 38441.1 34117.8 4570.95 36323.4 32352 29546.9
internal_count=23349 1791 1155 636 176 123 21558 2298 2239 2063 293 460 329 1770
is_linear=0
shrinkage=0.03


Tree=175
num_leaves=15
num_cat=0
split_feature=18 5 8 2 22 3 18 8 22 15 1 1 5 5
split_gain=1734.08 960.939 919.112 1957.24 1269.57 1173.12 1085.3 868.34 1753.38 1885.13 1363.97 1339.57 1121.57 1080.55
threshold=658.72727272727286 1304.0180000000003 4.0054347826086962 12.500000000000002 0.39827586206896559 5.5000000000000009 5.162775389299159 0.85749299719887973 0.097619047619047633 138.95500000000001 94.500000000000014 220.50000000000003 461.67500000000007 1211.3941666666669
decision_type=2 2 2 2 2 2 2 2 2 2 2 2 2 2
left_child=1 2 7 4 6 -6 -4 11 10 -10 12 -1 -9 -13
right_child=-2 -3 3 -5 5 -7 -8 8 9 -11 -12 13 -14 -15
leaf_value=0.00070274560085415415 -0.018005102627931448 0.0032802714600555531 -0.019661440112270605 -0.03077148563145948 0.0018392771081899384 0.031607128459510608 -0.0037154268608088326 0.01173736156144747 -0.0074287482696865654 0.0048638744982233218 -0.0025089243322929536 -0.0017129772684957691 -0.010985766361992036 -0.017774138812069216
leaf_weight=403135.75335741043 4731.5537104606628 82009.249669075012 4691.9713540077209 2388.1302070617676 10748.604192256927 1320.4734230041504 20873.80012512207 11006.052361488342 12272.575583934784 129855.02742147446 95708.111174106598 311577.37707805634 2359.6565589904785 3796.4019622802734
leaf_count=10615 75 483 204 49 354 15 630 208 346 2068 2033 6266 37 33
internal_value=7.89118e-05 0.000157615 -9.60627e-05 -0.00455012 -0.00287077 0.00514307 -0.00665501 8.78601e-05 0.00160606 0.00380152 -0.00125488 -0.000442955 0.00771527 -0.00190743
internal_weight=1.09647e+06 1.09174e+06 1.00973e+06 40023 37634.8 12069.1 25565.8 969711 251201 142128 109074 718510 13365.7 315374
internal_count=23416 23341 22858 1252 1203 369 834 21606 4692 2414 2278 16914 245 6299
is_linear=0
shrinkage=0.03


Tree=176
num_leaves=15
num_cat=0
split_feature=0 17 19 18 20 5 5 18 5 20 16 19 16 5
split_gain=668.046 634.314 632.386 588.855 1572.33 1035.38 824.891 766.735 752.439 712.609 682.134 1393.91 1228.12 1296.18
threshold=409.50000000000006 27.804761904761907 1052.5000000000002 145.15053763440864 0.087241518295437762 664.12000000000012 465.46500000000009 365.76315789473693 2250.4095454545454 0.99398728250621604 0.99966494366289549 86.500000000000014 0.99960940627443606 921.78714285714295
decision_type=2 2 2 2 2 2 2 2 2 2 2 2 2 2
left_child=2 -2 3 9 5 6 7 -5 -7 10 12 -12 -1 -14
right_child=1 -3 -4 4 -6 8 -8 -9 -10 -11 11 -13 13 -15
leaf_value=-0.00019418462575311314 -0.021627704242583694 0.0051367529071520614 0.0072356910461733644 -0.027024815582822406 -0.0078131796686506782 0.012627273558023757 0.0061829107209574489 0.0024174853340461441 0.0027560196735165574 0.014783149842371219 -0.016152765746759327 -0.0005603868747753669 -0.00013492815401100586 0.02152011701283171
leaf_weight=1000090.5385861397 2413.1751499176025 1175.330584526062 10885.401504516602 1950.3293333053589 9016.7694530487061 17204.353500366211 3213.6142158508301 1330.5864887237549 11673.682424545288 2840.5768241882324 7265.1220703125 17694.45972442627 5116.1331100463867 4821.5940132141113
leaf_count=22297 270 76 22 77 57 106 48 44 42 48 75 142 54 30
internal_value=5.04458e-06 -0.0128818 4.75851e-05 -2.48483e-05 0.00335806 0.00620851 -0.0046035 -0.0151421 0.00864158 -0.000169602 -0.000210925 -0.00510824 -8.9805e-05 0.0103938
internal_weight=1.09669e+06 3588.51 1.0931e+06 1.08222e+06 44389.3 35372.6 6494.53 3280.92 28878 1.03783e+06 1.03499e+06 24959.6 1.01003e+06 9937.73
internal_count=23388 346 23042 23020 374 317 169 121 148 22646 22598 217 22381 84
is_linear=0
shrinkage=0.03


Tree=177
num_leaves=15
num_cat=0
split_feature=1 1 1 22 1 16 1 18 20 17 2 18 9 20
split_gain=837.195 1295.2 1263.43 1218.31 4796.14 2381.56 1810.33 2087.09 1660.01 1631.59 1639.94 2394.26 1527.6 1415.53
threshold=313.00000000000006 374.00000000000006 351.50000000000006 0.087595907928388769 171.50000000000003 -0.99918340678092432 152.50000000000003 1.475426580149003 0.35683330213938591 20.839743589743595 2.5000000000000004 9.9955357142857171 1.0000000180025095e-35 0.15856846176662934
decision_type=2 2 2 2 2 2 2 2 2 2 2 2 2 2
left_child=3 2 -2 5 12 -1 13 -8 -9 10 11 -6 -5 -7
right_child=1 -3 -4 4 9 6 7 8 -10 -11 -12 -13 -14 -15
leaf_value=-0.034094843138482718 -0.0011258000340933819 0.00091965250855781009 -0.0073540818972826303 -0.015348192949559624 -0.00013774588822395637 0.0016750026277180367 0.022325268086684731 -0.0032520049222269391 0.015463562007508279 0.00052358692743301562 0.0034360852232243051 0.016132656877340588 -0.0037232131736159384 -0.011751410692163218
leaf_weight=1879.8982219696045 71825.101652622223 101858.2063574791 49514.724285125732 13382.966351032257 12474.522287845612 243013.42596197128 2985.3713879585266 202003.40838718414 4337.7622032165527 147552.27091932297 174262.51989269257 23403.688557624817 42309.628266334534 7258.9801063537598
leaf_count=70 1263 2140 929 502 570 6333 77 5078 77 2213 2151 628 1106 228
internal_value=6.53529e-05 -0.00157457 -0.00366815 0.000483762 0.00166657 -0.000575803 -0.000437222 -0.00249586 -0.0028571 0.00294169 0.00463938 0.0104787 -0.00652121 0.00128467
internal_weight=1.09806e+06 223198 121340 874864 413386 461479 459599 209327 206341 357693 210141 35878.2 55692.6 250272
internal_count=23365 4332 2192 19033 7170 11863 11793 5232 5155 5562 3349 1198 1608 6561
is_linear=0
shrinkage=0.03


Tree=178
num_leaves=15
num_cat=0
split_feature=20 17 17 5 17 17 6 17 18 18 0 6 20 17
split_gain=813.101 1381.67 1224.68 1104.29 1069.32 1273.89 1678.2 1216.85 1745.81 1338.04 1067.43 1777.85 1063.52 1908.45
threshold=0.00059103121928520382 10.516666666666667 4.041666666666667 110.68666666666668 13.035714285714286 46.058823529411775 1213.5252770697982 29.881944444444446 25.762454212454216 51.291208791208796 72.500000000000014 153.73668835040957 0.10003883546728169 6.7638888888888902
decision_type=2 2 2 2 2 2 2 2 2 2 2 2 2 2
left_child=1 3 -2 -1 10 7 -7 9 -9 -6 -3 -12 -4 -14
right_child=2 4 12 -5 5 6 -8 8 -10 -11 11 -13 13 -15
leaf_value=-0.010130978717361828 0.0066201539464537601 0.00027566823946023595 0.00081078600333832048 -0.0023828030095096541 -0.00060721790495666295 0.0021965212257925907 0.025719042224480258 -0.0039904327210913146 -0.030667721547738096 0.016968387746496102 0.005136764754332091 0.027674752592900784 -0.019057939515675144 -0.0013943327984973274
leaf_weight=19534.979269504547 30458.062604904175 26032.674785137177 528572.35388898849 108065.1313624382 185521.50975847244 60161.289851665497 2839.8499145507812 68173.797071933746 2262.3550291061401 3962.1092977523804 16550.371699810028 3874.6664915084839 6515.1630868911743 34951.532577991486
leaf_count=1385 443 620 7238 3188 5395 1297 8 1919 40 38 649 58 193 920
internal_value=1.82177e-05 -0.000879363 0.000761071 -0.00357041 5.03913e-05 -0.000561928 0.00326465 -0.00148962 -0.00485575 -0.000237959 0.00430494 0.00943515 0.00044779 -0.00417745
internal_weight=1.09748e+06 496979 600497 127600 369379 322921 63001.1 259920 70436.2 189484 46457.7 20425 570039 41466.7
internal_count=23391 14597 8794 4573 10024 8697 1305 7392 1959 5433 1327 707 8351 1113
is_linear=0
shrinkage=0.03


Tree=179
num_leaves=15
num_cat=0
split_feature=20 20 19 11 17 6 4 7 0 7 6 17 19 4
split_gain=1216.16 1062.77 1889.56 1645.55 1095.73 1552.55 1095.89 1064.33 1263.83 1046.72 991.113 979.723 1059.39 949.904
threshold=0.10003883546728169 0.00059103121928520382 42.500000000000007 17.500000000000004 46.058823529411775 1213.5252770697982 452.92000000000007 88.100000000000009 112.50000000000001 166.16666666666671 960.52648468648351 1.9411764705882355 71.500000000000014 470.02000000000004
decision_type=2 2 2 2 2 2 2 2 2 2 2 2 2 2
left_child=1 3 10 4 6 -6 -1 -8 -9 -4 -3 -2 -13 -10
right_child=11 2 9 -5 5 -7 7 8 13 -11 -12 12 -14 -15
leaf_value=-0.0031749772452931545 0.0084388133041926848 0.0039547887146307199 0.00044753481981006443 -0.026700017271565058 0.0020759202858742997 0.025271490257334953 -0.0012035173803628741 8.0860815919643977e-05 0.026583274628665325 -0.012375910561805299 0.015916124074630684 -0.0080127012080180651 0.0028036919591650352 0.0063515217112741678
leaf_weight=156129.2200961113 4843.3572273254395 103959.10722923279 421100.73470592499 2168.4096870422363 59898.291791915894 2695.0842132568359 200165.35480308533 51090.748363494873 2253.8355474472046 5787.8368330001831 6615.6863059997559 37929.187877655029 10367.279273986816 26094.424173355103
leaf_count=7594 68 2352 4783 16 1298 7 3794 1236 49 186 25 1110 165 692
internal_value=2.5501e-05 0.00025216 0.00117849 -0.000742599 -0.000628582 0.00308241 -0.00116178 -3.74838e-05 0.00290018 0.0002731 0.00467318 -0.00440016 -0.00569066 0.00797766
internal_weight=1.0911e+06 1.03796e+06 537463 500495 498327 62593.4 435734 279604 79439 426889 110575 53139.8 48296.5 28348.3
internal_count=23375 22032 7346 14686 14670 1305 13365 5771 1977 4969 2377 1343 1275 741
is_linear=0
shrinkage=0.03


Tree=180
num_leaves=15
num_cat=0
split_feature=20 20 5 8 5 5 2 2 5 6 7 20 5 4
split_gain=820.645 847.612 2059.91 1078.65 2562.68 1265.77 1115.31 1090.05 780.008 1150.87 1203.55 1565.11 874.481 1181.39
threshold=0.99398728250621604 0.084341099394573946 1155.2500000000002 5.8620507399577173 960.5200000000001 353.88050000000004 2.5000000000000004 6.5000000000000009 440.20500000000004 324.6477016158633 118.12500000000001 0.061604543886269673 485.24000000000007 583.72500000000014
decision_type=2 2 2 2 2 2 2 2 2 2 2 2 2 2
left_child=1 3 -3 8 5 7 -7 -5 9 10 -1 -12 -10 -14
right_child=-2 2 -4 4 -6 6 -8 -9 12 -11 11 -13 13 -15
leaf_value=0.00061580170412888087 0.015605258455405946 -0.0017532479909381587 -0.022536645340729588 -0.0057273765315941725 -0.041372078556022727 -0.007807183885941843 0.017049291551808409 -0.033598908062593247 0.0047574735214213825 -0.0086871433798557315 -0.0034367009338901562 0.018913986331007174 -0.0084493124722623322 0.0011885108240980923
leaf_weight=469450.91353797913 3059.2687797546387 58285.461667537689 4613.6084356307983 11292.614365577698 1711.6084241867065 2677.5920581817627 4075.2382650375366 1404.1461763381958 60916.340976715088 14200.898232460022 108299.17834663391 2875.4298620223999 11819.909048080444 344744.17008686066
leaf_count=10616 50 1510 50 465 47 81 67 52 829 230 5288 76 394 3655
internal_value=0.000139677 9.62381e-05 -0.00328438 0.000302049 -0.00639819 -0.00328107 0.0071994 -0.00885771 0.000442234 -0.000255418 -4.89034e-05 -0.00285532 0.00143621 0.000868566
internal_weight=1.09943e+06 1.09637e+06 62899.1 1.03347e+06 21161.2 19449.6 6752.83 12696.8 1.01231e+06 594826 580626 111175 417480 356564
internal_count=23410 23360 1560 21800 712 665 148 517 21088 16210 15980 5364 4878 4049
is_linear=0
shrinkage=0.03


Tree=181
num_leaves=15
num_cat=0
split_feature=8 22 8 2 1 1 22 19 22 1 19 12 5 18
split_gain=851.123 1706.35 1225 1685.18 1181.73 1315.7 1207.34 1146.95 1055.92 1668.67 1370.89 1349.92 1244.81 1123.64
threshold=0.6027123569655507 0.097619047619047633 3.772312223858616 6.5000000000000009 171.50000000000003 288.50000000000006 0.73611111111111127 101.50000000000001 0.2752525252525253 129.50000000000003 35.500000000000007 97.65000000000002 113.64833333333334 365.76315789473693
decision_type=2 2 2 2 2 2 2 2 2 2 2 2 2 2
left_child=8 2 -2 -4 6 7 -3 -6 11 -10 12 13 -11 -1
right_child=1 4 3 -5 5 -7 -8 -9 9 10 -12 -13 -14 -15
leaf_value=-0.0016208335434527705 -0.00020165504517264269 -0.016496405287970573 -0.0047970124169160614 -0.030899416243503012 0.0075116090159881889 0.00080832394838497635 0.0032676793080353992 0.0014140908239966758 -0.0085813260721698814 -0.013981293921174908 -0.0030489067883596585 0.0014407939304278117 0.0041665616964791635 -0.028485144715923786
leaf_weight=191153.37055492401 149694.98149776459 5687.8573837280273 21251.148283481598 2468.2727031707764 77189.328455924988 112544.51900005341 5415.4706201553345 43370.379346847534 33552.320881843567 3646.6432695388794 116137.50002813339 281855.59633111954 47152.113984107971 1391.6959547996521
leaf_count=7100 2884 126 702 70 1260 1983 122 427 1178 288 2064 3640 1445 54
internal_value=5.38649e-06 0.00106982 -0.00120573 -0.00753701 0.00268567 0.0031413 -0.00686825 0.00531867 -0.000653296 -0.00247853 -0.00125106 0.000118148 0.00285881 -0.00181794
internal_weight=1.09251e+06 417622 173414 23719.4 244208 233104 11103.3 120560 674889 200489 166936 474401 50798.8 192545
internal_count=23343 7574 3656 772 3918 3670 248 1687 15769 4975 3797 10794 1733 7154
is_linear=0
shrinkage=0.03


Tree=182
num_leaves=15
num_cat=0
split_feature=7 15 22 20 22 15 9 18 18 15 15 18 5 18
split_gain=970.054 780.576 2116.83 1616.44 1251.95 1639.45 1225.21 1765.78 1190.29 808.144 1643.56 770.087 800.961 1092.95
threshold=55.083333333333336 112.51500000000001 0.39827586206896559 0.44823873831313293 0.10948202054794522 130.87500000000003 1.0000000180025095e-35 23.299232736572893 18.00955794504182 347.33500000000004 761.36000000000013 11.925703463203465 197.0302777777778 12.925496484519554
decision_type=2 2 2 2 2 2 2 2 2 2 2 2 2 2
left_child=-1 2 -2 -4 -3 -6 7 8 11 -9 -11 -7 13 -13
right_child=1 4 3 -5 5 6 -8 9 -10 10 -12 12 -14 -15
leaf_value=0.00080151270403964342 -0.001407219333814128 -0.0028464229724096306 -0.013641928655874892 0.029495143619372968 0.019289568408972495 0.00065816812101040731 -0.0023538555766217024 -0.0011259272676498989 -0.010363521351128351 0.024975718891903993 0.0041062621078092488 0.039677331818652045 0.0048357030255033323 0.0031332794062309526
leaf_weight=643228.2202630043 157152.37766313553 93507.895635604858 18801.980143070221 797.33419799804688 4484.7196598052979 69741.545903205872 64323.386682510376 3514.0331201553345 7313.6990118026733 7093.141263961792 6517.571741104126 1474.8029041290283 18870.797319412231 1459.3988728523254
leaf_count=9440 5451 2971 962 21 141 2093 1323 108 188 104 89 27 399 55
internal_value=5.16098e-05 -0.00100839 -0.00256736 -0.0118588 -1.81511e-05 0.00141315 0.000966426 0.00280789 0.00126625 0.0116958 0.0150029 0.00219742 0.00711548 0.0216455
internal_weight=1.09828e+06 455053 176752 19599.3 278301 184793 180308 115985 98860.2 17124.7 13610.7 91546.5 21805 2934.2
internal_count=23372 13932 6434 983 7498 4527 4386 3063 2762 301 193 2574 481 82
is_linear=0
shrinkage=0.03


Tree=183
num_leaves=15
num_cat=0
split_feature=5 18 18 19 22 4 18 17 5 15 15 15 15 11
split_gain=894.104 1976.45 1738.06 1362.67 796.875 950.707 1030.77 649.724 1265.17 1133.32 2211.31 837.634 1068.05 754.143
threshold=100.45500000000001 4.214737793851719 3.9506903353057203 3.5000000000000004 0.24885321100917435 162.06000000000003 2.0330349434270918 4.041666666666667 119.82666666666668 379.79500000000002 500.0800000000001 1610.8450000000003 1133.5800000000002 3.5000000000000004
decision_type=2 2 2 2 2 2 2 2 2 2 2 2 2 2
left_child=1 2 3 -1 5 6 -5 8 -2 13 -11 12 -12 -10
right_child=7 -3 -4 4 -6 -7 -8 -9 9 10 11 -13 -14 -15
leaf_value=-0.023237364546608987 0.019694039492821714 -0.011699922508656967 0.045219210093456204 0.016368271436831956 -0.0087396824234279684 0.027132117979006904 -0.02078886710755325 7.39041492789049e-05 -0.0053457348382149198 0.023206131044132265 0.0010611167449299508 -0.0031589075981627549 0.019145607574305119 0.0097165654761173937
leaf_weight=1632.9306893348694 3948.0035462379456 16422.873639583588 874.64090585708618 1629.4074130058289 2056.5991182327271 2369.9574747085571 1113.8693342208862 1018064.5930280685 19027.436238765717 5428.6438837051392 8062.1400165557861 13072.947011947632 4607.6709270477295 3530.2092189788818
leaf_count=145 139 1112 18 85 124 40 90 20543 690 69 138 69 26 42
internal_value=0.000116262 -0.00536799 0.00537949 0.00132749 0.00697122 0.0132997 0.00123986 0.000249422 0.0033464 0.0021383 0.00584322 0.00216655 0.00765777 -0.00298201
internal_weight=1.10184e+06 26100.3 9677.4 8802.76 7169.83 5113.23 2743.28 1.07574e+06 57677.1 53729 31171.4 25742.8 12669.8 22557.6
internal_count=23330 1614 502 484 339 215 175 21716 1173 1034 302 233 164 732
is_linear=0
shrinkage=0.03


Tree=184
num_leaves=15
num_cat=0
split_feature=8 22 22 16 5 0 4 19 16 5 5 16 5 19
split_gain=738.995 1467.22 1201.94 2349.81 1284.31 1053.01 1568.68 1240.17 1040.64 1018.41 1203.61 924.889 800.753 936.097
threshold=0.83630028508077292 0.097619047619047633 0.34891304347826091 -0.0098433424457874241 3192.063333333334 137.50000000000003 1562.5600000000002 3.5000000000000004 -0.99767738923406402 1304.0180000000003 1036.6200000000001 0.99730770265487612 314.10916666666674 12.500000000000002
decision_type=2 2 2 2 2 2 2 2 2 2 2 2 2 2
left_child=2 9 5 -4 -5 -1 7 8 -7 10 -2 12 13 -3
right_child=1 11 3 4 -6 6 -8 -9 -10 -11 -12 -13 -14 -15
leaf_value=0.00041387844958530883 -0.0013809225678075416 0.011258323593799564 0.0019957648647081598 -0.0060085728305169766 0.019037487458609153 0.035076959063066161 -0.034883332219418806 -0.0046629939471774873 0.0036497351950200698 0.0094002384122533148 -0.021744117086224656 -0.0056855059190871029 0.0048202074583367149 -0.00073931433953645313
leaf_weight=547409.42296981812 134509.71813774109 6545.2738733291626 57154.811992168427 103182.98961782455 1857.1308746337891 1144.4688568115234 1410.8067426681519 49464.528361797333 5140.2467679977417 7732.0136785507202 2644.2808351516724 10772.316915512085 116073.7602558136 53925.247862815857
leaf_count=9876 3048 213 1779 2669 4 15 52 2450 302 57 44 213 1319 1400
internal_value=-9.39383e-05 0.00108792 -0.000605996 -0.00289899 -0.00556221 9.24832e-06 -0.0038646 -0.0030674 0.00946586 -0.00117895 -0.00177663 0.00284124 0.0033621 0.000562592
internal_weight=1.09897e+06 332203 766764 162195 105040 604569 57160.1 55749.2 6284.72 144886 137154 187317 176544 60470.5
internal_count=23441 6294 17147 4452 2673 12695 2819 2767 317 3149 3092 3145 2932 1613
is_linear=0
shrinkage=0.03


Tree=185
num_leaves=15
num_cat=0
split_feature=7 6 5 17 14 7 8 2 22 14 22 22 10 17
split_gain=652.208 1006.63 919.82 829.324 855.941 686.114 670.259 1047.51 1116.23 1106.46 881.896 844.25 1368.2 871.387
threshold=219.50000000000003 54.72294947616821 112.17000000000002 4.3484848484848486 264.14000000000004 214.25000000000003 5.8620507399577173 6.5000000000000009 0.23904761904761906 2234.9900000000002 0.32426470588235301 0.62019230769230782 1.0000000180025095e-35 21.422619047619051
decision_type=2 2 2 2 2 2 2 2 2 2 2 2 2 2
left_child=5 2 -2 -4 -5 6 11 9 -9 10 -8 -1 13 -13
right_child=1 -3 3 4 -6 -7 7 8 -10 -11 -12 12 -14 -15
leaf_value=0.00064911541654586325 -0.015761625914656314 -0.012512306779582073 0.015543036879894112 -0.0024142919236222618 0.01792177467457098 0.011873374394168676 -0.0095199447950736153 -0.039548632534577452 -0.0046134704776796508 0.021122143931540008 0.0028819128679199654 0.0088427294973836071 -0.0055145489646963343 -0.004264061599156997
leaf_weight=954800.38844108582 3492.493335723877 8651.4573345184326 2937.9844737052917 28611.218822479248 1972.4291963577271 4609.5074291229248 11641.387315273285 1463.6668181419373 1862.5509243011475 1681.9342727661133 9243.5712623596191 12105.469024658203 48374.054179191589 7306.4559211730957
leaf_count=17717 367 339 129 1605 49 160 457 54 43 12 284 402 1483 251
internal_value=0.00019734 -0.00331183 -0.00115577 0.000374454 -0.0010919 0.000349569 0.000298681 -0.00446618 -0.0201308 -0.00214153 -0.00403344 0.000419418 -0.00281523 0.00391015
internal_weight=1.09875e+06 45665.6 37014.1 33521.6 30583.6 1.05309e+06 1.04848e+06 25893.1 3326.22 22566.9 20885 1.02259e+06 67786 19411.9
internal_count=23352 2489 2150 1783 1654 20863 20703 850 97 753 741 19853 2136 653
is_linear=0
shrinkage=0.03


Tree=186
num_leaves=15
num_cat=0
split_feature=0 18 21 22 18 18 5 5 19 18 18 22 15 6
split_gain=933.9 1243.72 962.407 921.617 1749.84 1098.74 797.391 900.066 1118.17 871.623 1149.39 682.025 3961.99 1536.18
threshold=7.5000000000000009 658.72727272727286 1.0000000180025095e-35 0.13944444444444448 2.667865707434053 83.714285714285737 261.80071428571438 151.35500000000005 33.500000000000007 13.576122931442082 7.9425882352941182 0.097619047619047633 36.475000000000009 202.98417346593888
decision_type=2 2 2 2 2 2 2 2 2 2 2 2 2 2
left_child=3 2 6 4 -1 -5 7 -2 9 10 -9 13 -13 -4
right_child=1 -3 11 5 -6 -7 -8 8 -10 -11 -12 12 -14 -15
leaf_value=0.024083765565055679 -0.0056209957578232869 -0.017504068338941036 -0.00049812520320052605 -0.00066791066598039732 0.0034212342333925453 0.0067079881140263515 0.0014859879300651278 0.029051894637766206 -0.0006553869739590641 0.033710652259414012 -0.00079705955253697388 -0.0079081700851420262 0.0013977186980709422 -0.0050737337966503798
leaf_weight=3859.7023468017578 2844.0442786216736 3762.638964176178 306202.54233551025 124133.95468521118 75287.603590965271 21273.94441986084 73428.030505180359 2026.6951684951782 3498.4901657104492 2635.095817565918 2680.7641043663025 46736.98481464386 344923.08320903778 84176.590306282043
leaf_count=49 153 65 9914 1511 829 55 1137 48 72 39 97 1648 6465 1336
internal_value=0.000104767 -0.000339106 -0.000264397 0.00183012 0.00443469 0.000411996 0.0027263 0.00936936 0.013305 0.0199405 0.0121223 -0.000597598 0.000286895 -0.00148496
internal_weight=1.09747e+06 872915 869152 224555 79147.3 145408 87113.1 13685.1 10841 7342.56 4707.46 782039 391660 390379
internal_count=23418 20974 20909 2444 878 1566 1546 409 256 184 145 19363 8113 11250
is_linear=0
shrinkage=0.03


Tree=187
num_leaves=15
num_cat=0
split_feature=17 19 15 19 5 22 22 12 18 15 4 4 14 17
split_gain=634.449 1360.76 662.027 1359.4 1537.38 1110.24 900.891 2043.13 1769.47 1150.34 1423.95 1007.17 885.971 909.201
threshold=63.166666666666679 66.500000000000014 257.04500000000007 36.500000000000007 2250.4095454545454 0.046536796536796543 0.32426470588235301 51.205000000000005 3.2291505791505797 112.51500000000001 120.38000000000001 13175.960000000001 1.0000000180025095e-35 8.3484848484848495
decision_type=2 2 2 2 2 2 2 2 2 2 2 2 2 2
left_child=2 -2 6 4 5 -4 7 12 -9 11 -11 -8 -1 -14
right_child=1 -3 3 -5 -6 -7 9 8 -10 10 -12 -13 13 -15
leaf_value=-0.0082884086351490503 0.023075611549986736 0.0022423017646697064 -0.00023285021149638174 -7.0313912385704846e-05 -0.021471010234870077 0.005817687301008137 -0.0064043561026384298 0.01443206931659986 0.0017965114748167334 0.034089550094721935 0.00012010831933516639 0.013765192749593086 -0.0054469418643291476 -0.00036931624828537974
leaf_weight=17828.312939167023 2997.510085105896 43601.078945159912 40345.442077636719 478084.76615142822 2174.625617980957 84346.138016223907 62733.07426404953 10894.490481376648 115954.79226970673 1135.7909526824951 28411.25319480896 2291.9227905273438 39061.172602176666 168934.96691799164
leaf_count=1332 52 702 1226 6291 23 1532 2315 240 2117 36 1087 5 1669 4749
internal_value=0.000167026 0.00359175 1.52902e-05 0.00066231 0.00342272 0.00386024 -0.000859869 -0.000162566 0.00288382 -0.00345963 0.00144807 -0.00568943 -0.00187388 -0.00132331
internal_weight=1.0988e+06 46598.6 1.0522e+06 604951 126866 124692 447246 352674 126849 94572 29547 65025 225824 207996
internal_count=23376 754 22622 9072 2781 2758 13550 10107 2357 3443 1123 2320 7750 6418
is_linear=0
shrinkage=0.03


Tree=188
num_leaves=15
num_cat=0
split_feature=7 1 1 20 22 1 7 6 13 19 13 22 19 15
split_gain=810.913 907.306 1193.92 1033.56 1217.53 933.429 2104.31 1316.19 1412.05 913.997 892.264 842.58 797.26 750.793
threshold=31.029411764705888 306.50000000000006 553.50000000000011 0.0052385650394914498 0.23904761904761906 123.50000000000001 29.763888888888893 865.7223658265433 2471.3100000000004 33.500000000000007 8184.5500000000011 0.85164835164835173 54.500000000000007 1790.9450000000004
decision_type=2 2 2 2 2 2 2 2 2 2 2 2 2 2
left_child=1 3 -3 4 5 7 -7 8 12 11 13 -6 -1 -2
right_child=10 2 -4 -5 9 6 -8 -9 -10 -11 -12 -13 -14 -15
leaf_value=0.0018292819858936754 -0.00084888764708395997 -0.0027850643971365024 0.0081143264960464086 0.0036976419274692769 -0.027978757064991103 -0.0037399924521382744 0.019734334627354081 0.021116071853046477 -0.022272035438799909 -0.0010601035362377991 -0.019332095664538147 -0.0076293442871469136 0.010677237456669021 0.0023668000054360761
leaf_weight=36970.787535667419 654952.95047950745 77635.745533466339 10217.984401702881 147962.11117267609 2208.2152633666992 38034.020485877991 3758.2332048416138 3884.8703117370605 1889.4913558959961 21493.767730712891 2258.2220554351807 10453.466816902161 12171.887420654297 72567.96103477478
leaf_count=1016 17935 599 41 1398 61 475 41 13 19 414 15 465 182 734
internal_value=-8.48499e-06 0.00114245 -0.00151583 0.00198008 3.78462e-05 0.00175757 -0.0016206 0.00432804 0.00304226 -0.00482964 -0.000586792 -0.0112168 0.00402424 -0.000528077
internal_weight=1.09646e+06 366681 87853.7 278827 130865 96709.3 41792.3 54917 51032.2 34155.4 729779 12661.7 49142.7 727521
internal_count=23408 4724 640 4084 2686 1746 516 1230 1217 940 18684 526 1198 18669
is_linear=0
shrinkage=0.03


Tree=189
num_leaves=15
num_cat=0
split_feature=1 8 1 1 1 9 22 1 1 2 6 17 17 5
split_gain=1016.54 1088.77 1194.6 806.112 1505.95 781.547 758.849 3479.65 1766.78 1646.53 1564.47 1414.43 1283.52 1848.99
threshold=282.50000000000006 3.5563492063492066 296.50000000000006 390.00000000000006 351.50000000000006 1.5000000000000002 0.17752100840336138 169.50000000000003 71.500000000000014 25.500000000000004 1071.7076944637413 1.9411764705882355 19.519230769230774 329.56400000000002
decision_type=2 2 2 2 2 2 2 2 2 2 2 2 2 2
left_child=5 2 -2 4 -4 6 8 10 11 -10 -8 -1 13 -9
right_child=1 -3 3 -5 -6 -7 7 12 9 -11 -12 -13 -14 -15
leaf_value=-0.022743270803807721 -0.0092816245526054653 -0.0089900626862564111 2.9702990778605976e-05 0.0016877032738699502 -0.0060053740712955042 0.0027172909250324125 -0.0076946813078080257 0.0020222084251820226 -0.0012834154018633987 -0.030973267298683139 0.017160971284404292 0.0039903994057432631 0.00069130085904212958 0.010437909895992876
leaf_weight=1800.9707593917847 14781.234476566315 16085.018450737 128975.81498575211 96038.787352085114 52282.921653270721 134587.47111415863 38278.427524089813 51244.809582233429 355530.06407165527 1669.1431484222412 2404.7046585083008 82169.795701980591 78372.108352184296 43390.298671722412
leaf_count=95 395 595 2102 1817 937 1267 1344 1513 9044 14 11 2231 1617 513
internal_value=6.49242e-05 -0.00139629 -0.000977504 -0.000534219 -0.00171155 0.000635334 0.000207379 0.00167465 -0.000503369 -0.00142388 -0.0062178 0.00341175 0.00353108 0.00588221
internal_weight=1.09761e+06 308164 292079 277298 181259 789448 654860 213690 441170 357199 40683.1 83970.8 173007 94635.1
internal_count=23495 5846 5251 4856 3039 17649 16382 4998 11384 9058 1355 2326 3643 2026
is_linear=0
shrinkage=0.03


Tree=190
num_leaves=15
num_cat=0
split_feature=1 1 1 4 8 14 18 8 22 1 5 4 18 14
split_gain=666.497 1244.17 2231.67 979.338 840.788 572.457 594.212 487.339 1431.09 1255.45 1237.1 1589.71 1391.23 1369.91
threshold=549.50000000000011 351.50000000000006 374.00000000000006 507.37500000000006 0.010256679991584264 787.43000000000018 12.464026915113873 0.61242875528589824 0.097619047619047633 171.50000000000003 1304.0180000000003 1655.4650000000004 1.3494186046511631 1240.0250000000003
decision_type=2 2 2 2 2 2 2 2 2 2 2 2 2 2
left_child=1 7 -3 -4 -5 6 -2 -1 10 -10 11 12 -9 -13
right_child=5 2 3 4 -6 -7 -8 8 9 -11 -12 13 -14 -15
leaf_value=-0.00016638619668645323 -0.0084257258501612333 -0.0079689107218459416 -0.012015015215170323 0.015815249097064658 0.0005197737103695805 0.0071896947692070287 0.0095621777015143308 0.029333655136188731 -0.0068045398793052493 0.003712128113104549 0.0096793726637954946 -0.01860318705260168 0.00028577236668145311 -0.0038558033468765987
leaf_weight=597895.16619348526 4989.4878573417664 47243.878477096558 5369.3989357948303 3376.0088872909546 68036.555090904236 20884.066673278809 2447.4976959228516 1484.9328632354736 10845.553547859192 171377.82512378693 9636.4726791381836 6469.7679672241211 106373.29033613205 44990.661560058594
leaf_count=14169 168 909 504 66 1243 116 58 14 245 2475 60 143 2698 513
internal_value=0.000105256 -1.46735e-05 -0.00284018 0.000316776 0.00124709 0.00464626 -0.00249617 0.000354619 0.00124161 0.00308552 -0.000747238 -0.00137903 0.000691052 -0.0057164
internal_weight=1.10142e+06 1.0731e+06 124026 76782 71412.6 28321.1 7436.99 949074 351179 182223 168955 159319 107858 51460.4
internal_count=23381 23039 2722 1813 1309 342 226 20317 6148 2720 3428 3368 2712 656
is_linear=0
shrinkage=0.03


Tree=191
num_leaves=15
num_cat=0
split_feature=5 4 17 0 7 5 22 7 4 17 4 5 0 6
split_gain=776.422 1079.47 1202.12 858.925 583.743 792.318 756.998 1389.8 1233.22 1281.78 734.458 718.456 1092.93 976.465
threshold=112.17000000000002 120.38000000000001 8.8819444444444464 244.50000000000003 69.071428571428584 3192.063333333334 0.86607142857142871 39.041666666666679 304.17500000000001 7.9827586206896557 177.43000000000004 453.17000000000002 324.50000000000006 166.35974322710334
decision_type=2 2 2 2 2 2 2 2 2 2 2 2 2 2
left_child=3 2 -2 -1 6 11 8 -8 9 10 -3 13 -13 -6
right_child=1 4 -4 -5 5 -7 7 -9 -10 -11 -12 12 -14 -15
leaf_value=-0.0029713026504556272 0.029127211761565349 -0.02812437162355249 0.00059294501685290611 -0.019319014752889177 -0.0011375719744612619 -0.020677428166447607 -0.001606018801333953 -0.020087365811391925 0.0004288763463665669 0.0099199403592110848 -0.00021404995613848169 0.00053393490154701696 0.021097307853698961 -0.0068814002485428566
leaf_weight=33630.014959335327 2402.4115619659424 1175.3237562179565 2945.1860747337341 3146.3163685798645 186550.61470890045 1819.6014451980591 28145.404396057129 4190.6163454055786 654718.48545074463 22107.349823951721 2926.0716223716736 115956.7653875351 2353.8579912185669 31057.475474357605
leaf_count=1842 81 78 159 357 7176 35 906 190 8657 713 109 2219 84 865
internal_value=-9.57999e-05 5.342e-05 0.0134727 -0.00437963 -1.51139e-05 -0.00104254 0.000471399 -0.00401206 0.000684422 0.007063 -0.00830989 -0.000934956 0.000946552 -0.0019579
internal_weight=1.09313e+06 1.05635e+06 5347.6 36776.3 1.051e+06 337738 713263 32336 680927 26208.7 4101.4 335919 118311 217608
internal_count=23471 21272 240 2199 21032 10379 10653 1096 9557 900 187 10344 2303 8041
is_linear=0
shrinkage=0.03


Tree=192
num_leaves=15
num_cat=0
split_feature=19 18 18 5 16 5 1 1 22 22 1 5 1 1
split_gain=845.787 766.883 1155.65 1030.26 995.773 547.988 547.253 1680.9 1716.8 1636.97 1271.85 1703.52 1070.73 1756.73
threshold=1052.5000000000002 658.72727272727286 145.15053763440864 693.38433333333353 0.89237189853735222 34.790000000000006 222.50000000000003 174.50000000000003 0.49074074074074076 0.097619047619047633 69.500000000000014 309.3378125000001 190.50000000000003 201.50000000000003
decision_type=2 2 2 2 2 2 2 2 2 2 2 2 2 2
left_child=1 2 5 4 -4 -1 7 8 10 -9 11 -7 -11 -14
right_child=-2 -3 3 -5 -6 6 -8 9 -10 12 -12 -13 13 -15
leaf_value=-0.011356721796550746 0.0093992435429483059 -0.01128983722789703 0.0017875011193926656 0.0073420711427763449 -0.021480025448147849 0.0075561579842682207 -0.00077317596501155729 -0.00057030490434909051 -0.0061313160878825575 0.0079760223275812045 -0.0010885488890091013 -0.00097158668458161295 -0.01311862163968568 0.0038800380257642581
leaf_weight=3849.2514033317566 8765.3482055664062 5317.790463924408 6283.7942423820496 33592.816382408142 2226.196888923645 41881.190046310425 490609.65432500839 80761.7047996521 45124.59930562973 56271.298298835754 212571.91367530823 42423.948686599731 5981.7233505249023 61984.062440395355
leaf_count=293 17 79 88 137 78 1343 9617 1934 1492 802 5423 904 169 1013
internal_value=0.000128228 5.34257e-05 0.000109302 0.00498085 -0.00433533 -8.77303e-05 -4.57073e-05 0.00060677 -0.000680771 0.00275465 0.000148056 0.00326562 0.00491581 0.00238055
internal_weight=1.09765e+06 1.08888e+06 1.08356e+06 42102.8 8509.99 1.04146e+06 1.03761e+06 547000 342002 204999 296877 84305.1 124237 67965.8
internal_count=23389 23372 23293 303 166 22990 22697 13080 9162 3918 7670 2247 1984 1182
is_linear=0
shrinkage=0.03


Tree=193
num_leaves=15
num_cat=0
split_feature=7 20 0 5 16 5 4 6 6 2 4 8 20 6
split_gain=753.508 798.095 1665.62 1734.18 1493.5 1216.17 1105.25 1246.65 1068.13 1045.12 902.409 795.697 1066.6 1868.44
threshold=21.710084033613452 0.0052385650394914498 85.500000000000014 1036.6200000000001 -0.3347871712245285 353.88050000000004 2695.0050000000006 865.7223658265433 865.7223658265433 20.500000000000004 342.12500000000006 0.33586910409194343 0.05281493390592544 738.22880575325109
decision_type=2 2 2 2 2 2 2 2 2 2 2 2 2 2
left_child=1 2 6 5 -3 10 8 9 -1 -8 -4 -2 -13 -14
right_child=11 4 3 -5 -6 -7 7 -9 -10 -11 -12 12 13 -15
leaf_value=0.0027559223957483565 -0.0012608281367770813 0.012097513759309659 0.0027153168390921627 -0.044929405220355288 0.0019374449466598935 0.0065018630896278825 -0.0026768362118775564 0.0041559435374229521 0.025914533920778998 -0.01675330966228265 -0.022991962203878228 0.0010846838914383271 -0.0024005539317348856 -0.031644162849162619
leaf_weight=48126.622615337372 422932.39198875427 14391.353060722351 1720.4229183197021 1230.9927244186401 135155.08184242249 3567.2779922485352 12377.476806640625 11930.710525512695 1842.2656707763672 7689.7636909484863 4248.0135102272034 389350.23134613037 46046.921995639801 2034.3544855117798
leaf_count=1290 12170 131 80 39 884 68 101 28 5 64 182 7410 989 37
internal_value=8.31556e-05 0.00156093 -0.000625551 -0.0117076 0.00291667 -0.00733385 0.000832628 -0.00351939 0.00361977 -0.00808225 -0.0155974 -0.000333015 0.000564061 -0.00365052
internal_weight=1.10264e+06 242280 92733.5 10766.7 149546 9535.71 81966.8 31998 49968.9 20067.2 5968.44 860364 437432 48081.3
internal_count=23478 2872 1857 369 1015 330 1488 193 1295 165 262 20606 8436 1026
is_linear=0
shrinkage=0.03


Tree=194
num_leaves=15
num_cat=0
split_feature=20 22 16 6 6 20 16 22 7 1 12 12 1 17
split_gain=809.74 1134.02 1225.81 922.28 1187.36 730.252 751.87 2310.22 1513.64 1407.92 960.336 1341.08 957.873 1617.03
threshold=0.084341099394573946 0.36914203316510458 -0.99653229302019708 605.2030309704254 524.58137510288714 0.082226656747898086 0.26742886634536372 0.36515151515151517 63.100000000000009 189.50000000000003 650.97500000000014 2714.1300000000006 134.50000000000003 2.8137931034482762
decision_type=2 2 2 2 2 2 2 2 2 2 2 2 2 2
left_child=5 2 -2 4 -4 6 9 8 12 -1 -9 -12 -8 -14
right_child=1 -3 3 -5 -6 -7 7 10 -10 -11 11 -13 13 -15
leaf_value=0.0088228019026260728 -0.03135762959656227 0.0038189408059878171 -0.0041344762297604283 -0.014687857165200319 0.018276094152572697 0.015513015822301159 0.0033080109019905444 -0.0071806046987779861 -0.0021689231019504356 0.00074740970239445747 0.0030063018802477036 -0.012835786052938067 0.013435442748614801 -0.00038958339726786486
leaf_weight=20378.702543258667 1577.9435167312622 15429.719902038574 37799.143037319183 6969.8328475952148 2234.9673156738281 2780.1731834411621 137212.91410064697 59370.267751216888 160078.36438465118 409702.76285123825 22010.114814758301 6132.2317504882812 7879.8017377853394 210660.08140468597
leaf_count=560 79 406 1035 51 11 38 3009 1919 4854 8880 301 29 81 2250
internal_value=1.11891e-05 -0.0032628 -0.00551262 -0.00463202 -0.00287487 0.000213499 0.00017204 -0.000511152 0.000253536 0.00113044 -0.00501753 -0.000452361 0.00134363 0.000110084
internal_weight=1.10022e+06 64011.6 48581.9 47003.9 40034.1 1.03621e+06 1.03343e+06 603344 515831 430081 87512.6 28142.3 355753 218540
internal_count=23503 1582 1176 1097 1046 21921 21883 12443 10194 9440 2249 330 5340 2331
is_linear=0
shrinkage=0.03


Tree=195
num_leaves=15
num_cat=0
split_feature=16 0 13 5 6 6 17 5 14 7 17 16 7 5
split_gain=788.669 947.119 1028.81 776.375 856 1345.88 859.05 995.754 729.657 720.73 903.87 1148.68 695.098 727.7
threshold=0.99966494366289549 15.500000000000002 2897.6800000000007 388.54500000000007 82.091207535150872 81.070178826085638 12.683333333333335 347.54441176470596 392.52500000000003 70.100000000000009 13.255434782608697 -0.9951286047861837 12.022222222222224 320.87583333333339
decision_type=2 2 2 2 2 2 2 2 2 2 2 2 2 2
left_child=3 -2 -3 4 5 6 -1 9 -9 -8 11 -11 -6 -14
right_child=1 2 -4 -5 12 -7 7 8 -10 10 -12 -13 13 -15
leaf_value=-0.0018285790780703083 -0.00061507422545654239 -0.004312301768830097 -0.022116592460854699 0.00088944907532603366 0.0032628030418113468 0.019024383240170719 0.0042138331817266547 -0.010555157419364511 0.0010763552208540843 0.030752200814811302 -0.00075583991195258627 0.0024820326292571376 -0.0035374491005346542 -6.4257959485887814e-05
leaf_weight=119073.16020441055 18927.284984588623 7443.4924335479736 4801.0535507202148 491790.8976726532 21059.86151599884 3417.7826175689697 81479.537854194641 10053.263143062592 9361.3446063995361 1865.4794988632202 71923.358125686646 4133.1849408149719 167547.14673852921 80315.313245773315
leaf_count=5069 130 83 48 6491 307 47 2121 421 163 51 3052 194 3896 1267
internal_value=-0.000122048 -0.00482383 -0.011318 1.60443e-05 -0.000737223 0.000360877 0.000145482 0.00146006 -0.00495133 0.00224147 0.000178509 0.0113465 -0.0019675 -0.00241212
internal_weight=1.09319e+06 31171.8 12244.5 1.06202e+06 570229 301307 297889 178816 19414.6 159402 77922 5998.66 268922 247862
internal_count=23340 261 131 23079 16588 11118 11071 6002 584 5418 3297 245 5470 5163
is_linear=0
shrinkage=0.03


Tree=196
num_leaves=15
num_cat=0
split_feature=17 18 20 2 18 7 17 4 8 18 7 17 20 20
split_gain=738.909 1262.51 1156.21 1819.94 1277.94 1153.62 1103.23 1070.4 1046.27 939.258 997.298 935.1 927.926 955.341
threshold=46.058823529411775 12.366834875245305 0.00059103121928520382 25.500000000000004 365.76315789473693 262.50000000000006 18.43650793650794 128.37000000000003 0.89195533561730755 2.1935373831150593 40.95000000000001 19.414285714285715 0.12145902899892923 0.39988377552601978
decision_type=2 2 2 2 2 2 2 2 2 2 2 2 2 2
left_child=2 9 3 5 7 -1 -7 -4 -3 10 -2 -8 -9 -14
right_child=1 8 4 -5 -6 6 11 12 -10 -11 -12 -13 13 -15
leaf_value=-0.00087521127180028235 0.02055956775350589 0.005712863494403299 0.018261517098250121 -0.02489873911741965 -0.018511300809499774 -0.017128057415809285 0.030449067873258049 0.00108671828480933 0.022777362583874337 -0.00016444849398447155 0.0018046950157575646 -0.0045665475972707084 -0.0064707144730862158 0.0047838917434770796
leaf_weight=416272.66910171509 4246.2500448226929 14353.609721183777 3139.680401802063 2908.4795360565186 3065.2872409820557 7809.2986216545105 750.39687967300415 506596.60449266434 4162.8417701721191 78704.053771495819 6360.3790531158447 6276.1901912689209 28608.906720638275 8881.5475125312805
leaf_count=12137 68 153 129 25 28 717 28 6964 24 1495 216 398 742 184
internal_value=8.743e-05 0.00244484 -0.00017086 -0.00132858 0.000742255 -0.00116842 -0.00938313 0.000850776 0.00956972 0.000965859 0.00933757 -0.000751284 0.000749639 -0.00380335
internal_weight=1.09214e+06 107827 984309 434017 550292 431109 14835.9 547227 18516.5 89310.7 10606.6 7026.59 544087 37490.5
internal_count=23308 1956 21352 13305 8047 13280 1143 8019 177 1779 284 426 7890 926
is_linear=0
shrinkage=0.03


Tree=197
num_leaves=15
num_cat=0
split_feature=1 18 1 22 7 1 0 22 20 18 0 17 1 7
split_gain=1031.4 1214.48 1112.32 1849.05 1549.07 1288.92 1328.23 1189.03 936.165 927.341 1181.74 817.232 762.452 947.601
threshold=222.50000000000003 658.72727272727286 176.50000000000003 0.49074074074074076 12.022222222222224 152.50000000000003 45.500000000000007 0.089898989898989909 0.15856846176662934 2.0330349434270918 9.5000000000000018 23.348484848484851 159.50000000000003 45.708333333333336
decision_type=2 2 2 2 2 2 2 2 2 2 2 2 2 2
left_child=1 2 3 5 11 6 8 -4 9 10 -1 -5 13 -6
right_child=-2 -3 7 4 12 -7 -8 -9 -10 -11 -12 -13 -14 -15
leaf_value=0.037421787913612316 -0.0010135604932719523 -0.022305170497533021 -0.00033064488403209086 -0.004482753252921831 -0.0072115670495239651 -0.0034064875494764016 -0.00067681268453501043 0.0044105529233632616 -0.014086868242106244 0.003513893653432422 0.0048734448478499242 0.011823012544707487 0.0025054679890555449 -0.019062232976528221
leaf_weight=1650.19446849823 513412.07396697998 2013.2563219070435 74837.126250267029 5215.359148979187 22513.909471511841 55485.397062301636 120945.85206747055 130795.75760269165 2619.9228410720825 133548.89872646332 2534.5870552062988 5851.6121320724487 4730.0301513671875 8321.9836864471436
leaf_count=22 9830 36 1820 204 734 1308 3890 1987 65 2684 85 122 125 329
internal_value=-3.78396e-05 0.000839382 0.000922047 -7.5691e-05 -0.00565172 0.000745444 0.00162728 0.0026852 0.00361257 0.00395124 0.0178253 0.00414462 -0.00870065 -0.0104201
internal_weight=1.08448e+06 571064 569051 363418 46632.9 316785 261299 205633 140354 137734 4184.78 11067 35565.9 30835.9
internal_count=23241 13411 13375 9568 1514 8054 6746 3807 2856 2791 107 326 1188 1063
is_linear=0
shrinkage=0.03


Tree=198
num_leaves=15
num_cat=0
split_feature=5 5 19 6 6 12 6 16 5 5 19 19 19 6
split_gain=671.35 966.426 1676.15 865.385 1630.41 1045.55 799.839 772.775 658.502 907.673 631.91 910.258 631.26 930.145
threshold=110.68666666666668 119.82666666666668 4.5000000000000009 70.337752722551059 84.891126102901424 51.205000000000005 47.298290606860206 0.99825569732740649 50.418125000000011 34.790000000000006 4.5000000000000009 1.5000000000000002 28.500000000000004 22.706766741980577
decision_type=2 2 2 2 2 2 2 2 2 2 2 2 2 2
left_child=3 2 -2 5 -5 8 -7 12 9 -1 11 -11 13 -4
right_child=1 -3 7 4 -6 6 -8 -9 -10 10 -12 -13 -14 -15
leaf_value=-0.011716333913750042 0.036015400305817527 -5.3500593936224427e-05 0.013079405489158565 0.024860682136669185 -0.012091806954168612 0.0088568810564441294 -0.021131710927043072 0.028247780865769415 -0.012020803326744199 0.018979332977177049 0.027137524420242521 -0.021236289622114744 -0.0092913502807323578 -0.016350282308706457
leaf_weight=3372.7364544868469 1691.0537204742432 1058449.4629273415 4672.9584622383118 2381.2903351783752 1928.3882970809937 5624.8243112564087 913.34958934783936 1034.5816040039062 17125.71400642395 1051.4068970680237 1235.8525114059448 940.79113149642944 3319.8455123901367 1199.0505652427673
leaf_count=273 42 20916 206 45 104 232 40 13 1193 54 47 87 145 59
internal_value=-9.07098e-05 4.22303e-05 0.00853039 -0.00420397 0.00834662 -0.0059955 0.00461596 0.00392402 -0.00892106 -0.000866778 0.0104714 -3.43159e-05 0.00113089 0.00703483
internal_weight=1.10494e+06 1.07037e+06 11917.5 34574.4 4309.68 30264.7 6538.17 10226.4 23726.5 6600.79 3228.05 1992.2 9191.85 5872.01
internal_count=23456 21381 465 2075 149 1926 272 423 1654 461 188 141 410 265
is_linear=0
shrinkage=0.03


Tree=199
num_leaves=15
num_cat=0
split_feature=18 0 18 18 16 15 7 13 18 22 15 15 12 19
split_gain=871.146 593.082 566.831 713.66 963.816 1089.97 638.816 896.935 716.052 604.055 997.788 675.222 806.599 637.663
threshold=658.72727272727286 28.500000000000004 145.15053763440864 192.3978494623656 -0.31762282969767636 10368.945000000002 203.50000000000003 829.99500000000023 64.292913608131002 0.95833333333333337 112.51500000000001 117.98000000000003 296.55000000000007 4.5000000000000009
decision_type=2 2 2 2 2 2 2 2 2 2 2 2 2 2
left_child=2 -2 6 -4 -5 -6 -1 8 9 11 -11 12 -8 -12
right_child=1 -3 3 4 5 -7 7 -9 -10 10 13 -13 -14 -15
leaf_value=0.0001515955863529967 -0.0015750358107075885 -0.021678812514387257 0.0080632272492742116 0.013516685646355298 0.0013684087221414382 -0.014856791565491557 -4.9394086244859983e-05 -0.026823888387091061 -0.027350670259858486 -0.013955772312211292 0.023860344301034453 -0.0068405087870290334 0.032015455406781378 0.0031097967701237601
leaf_weight=984123.57983064651 2532.1302461624146 2748.2002992630005 17882.429589271545 4079.5193758010864 16074.373925685883 4829.6781005859375 7968.0957717895508 1380.1073131561279 1005.4674587249756 2950.6619567871094 1437.7632479667664 26160.121653079987 754.701491355896 15683.517466068268
leaf_count=19881 22 60 84 44 173 16 606 34 67 292 45 1239 14 703
internal_value=5.21055e-05 -0.0120806 0.000111409 0.0034915 0.000215367 -0.00239088 -2.77773e-05 -0.0031053 -0.00251097 -0.00204672 0.00209833 -0.00443165 0.00279177 0.00487813
internal_weight=1.08961e+06 5280.33 1.08433e+06 42866 24983.6 20904.1 1.04146e+06 57340.4 55960.3 54954.9 20071.9 34882.9 8722.8 17121.3
internal_count=23280 82 23198 317 233 189 22881 3000 2966 2899 1040 1859 620 748
is_linear=0
shrinkage=0.03


Tree=200
num_leaves=15
num_cat=0
split_feature=20 5 20 4 15 19 4 18 19 19 4 14 7 14
split_gain=956.884 2228.48 861.833 828.172 881.434 821.173 1691.46 745.137 582.552 667.592 563.597 544.423 513.575 1227.02
threshold=0.10003883546728169 1078.4125000000001 0.096953197786024084 114.07500000000002 1210.2800000000004 26.500000000000004 372.13000000000005 26.686274509803926 37.500000000000007 30.500000000000004 3885.5350000000003 528.58500000000015 203.50000000000003 970.2600000000001
decision_type=2 2 2 2 2 2 2 2 2 2 2 2 2 2
left_child=2 3 12 -2 5 7 -7 -5 9 -8 -6 -10 -1 -14
right_child=1 -3 -4 4 10 6 8 -9 11 -11 -12 -13 13 -15
leaf_value=0.00026599439803002764 0.016390932254821449 -0.022841647329686153 0.017763871667494612 -0.014593126071613088 0.013591499904644172 0.026488102828853183 -0.0081126194618570541 -0.00075548735556913512 -0.017415014723556749 0.016292666107520476 -0.0012428673189260062 -0.0032510615202790052 -0.0021073968600055955 -0.036152203460484332
leaf_weight=989986.18853282928 2091.3659882545471 5094.2739629745483 2474.4012546539307 10677.365408420563 4120.1137676239014 1825.3085064888 1726.1318383216858 5210.4947757720947 3289.8717265129089 2375.5965175628662 5193.4090843200684 9368.9879455566406 54292.928816795349 949.92300033569336
leaf_count=19272 87 64 34 514 59 45 57 118 129 48 31 175 2823 26
internal_value=-4.43975e-05 -0.00405746 0.00015092 -0.00196266 -0.00284635 -0.00505835 -0.000775129 -0.0100617 -0.00377226 0.00603265 0.00533462 -0.00695375 0.000108885 -0.00270568
internal_weight=1.09868e+06 50972.9 1.0477e+06 45878.6 43787.3 34473.8 18585.9 15887.9 16760.6 4101.73 9313.52 12658.9 1.04523e+06 55242.9
internal_count=23482 1327 22155 1263 1176 1086 454 632 409 105 90 304 22121 2849
is_linear=0
shrinkage=0.03


Tree=201
num_leaves=15
num_cat=0
split_feature=8 6 6 19 7 19 14 0 5 7 20 8 20 20
split_gain=801.278 1960.56 1815.8 858.511 840.176 719.689 671.6 780.589 708.461 1525.74 962.426 670.45 726.168 882.738
threshold=3.772312223858616 506.76164072374951 1213.5252770697982 108.50000000000001 21.710084033613452 201.50000000000003 2234.9900000000002 161.50000000000003 380.4016666666667 13.933333333333335 0.0055754368450029014 0.41915478312537141 0.10003883546728169 0.082226656747898086
decision_type=2 2 2 2 2 2 2 2 2 2 2 2 2 2
left_child=4 3 -3 6 -1 -5 7 -2 9 10 -9 -6 13 -13
right_child=1 2 -4 5 11 -7 -8 8 -10 -11 -12 12 -14 -15
leaf_value=0.0018892193875433025 -0.0064917109129053584 -0.038635603559288169 -0.00094526362423917891 -0.023449278349863812 -0.00099755558612037425 -0.0012464892521403311 0.019095666575558706 -0.0010965075722143844 0.010493115072130962 -0.0070781406068552814 0.028316830441289669 0.00080762850340991609 -0.0052966339608259789 0.012242341943207544
leaf_weight=208810.4737830162 14122.697366714478 2624.2598743438721 2038.1395168304443 2798.6923408508301 464359.12179613113 2465.6599378585815 1539.9534339904785 1873.755220413208 6894.2548570632935 10668.521726608276 2126.4749011993408 346521.20373058319 17225.416764259338 6164.6837491989136
leaf_count=2153 399 75 26 95 12861 40 11 86 154 472 47 6400 414 97
internal_value=1.45002e-05 -0.00380991 -0.0222339 -0.00177875 0.000187452 -0.0130943 -0.000172366 -0.00101407 0.0025762 -0.00115394 0.0146024 -0.00023852 0.000714319 0.00100818
internal_weight=1.09023e+06 47152.4 4662.4 42490 1.04308e+06 5264.35 37225.7 35685.7 21563 14668.8 4000.23 834270 369911 352686
internal_count=23330 1405 101 1304 21925 135 1169 1158 759 605 133 19772 6911 6497
is_linear=0
shrinkage=0.03


Tree=202
num_leaves=15
num_cat=0
split_feature=18 17 18 20 17 18 4 17 18 7 21 20 6 19
split_gain=1168.36 827.259 1145.2 957.21 914.262 781.775 773.834 1101.56 1634.02 735.335 721.257 1059.17 839.558 753.911
threshold=658.72727272727286 1.5277777777777779 145.15053763440864 0.56153667736181456 8.3484848484848495 1.0217391304347829 77.020000000000024 2.025641025641026 125.42857142857144 115.16666666666667 1.0000000180025095e-35 0.44823873831313293 1213.5252770697982 239.50000000000003
decision_type=2 2 2 2 2 2 2 2 2 2 2 2 2 2
left_child=1 3 5 -1 -4 -3 -7 8 9 -8 -9 12 -12 -14
right_child=-2 2 4 -5 -6 6 7 10 -10 -11 11 -13 13 -15
leaf_value=-0.0090298871304904764 -0.015894314724417283 0.017959599931283803 0.0017789914707404743 0.01504359710029898 0.011880333614111142 -0.011992033704176492 0.0079594917070058419 0.0021907881827302649 0.032921559516874623 -0.017231569936592073 -0.00015442837039526827 -0.018693079289432885 -0.012164301490198875 -0.00073636442827184148
leaf_weight=14736.750245571136 4117.2722358703613 2157.3040204048157 21545.298373222351 1634.9067068099976 12876.117835998535 4829.0428004264832 5420.4496469497681 112889.9513258934 2186.2614135742188 1270.673348903656 887205.21553897858 2804.7060503959656 10020.379093170166 10772.680046081543
leaf_count=601 67 58 130 35 37 415 166 1648 5 83 19863 104 70 24
internal_value=1.78848e-05 7.82613e-05 0.000180345 -0.00661044 0.00556233 2.0346e-06 -3.56542e-05 2.04936e-05 0.0105308 0.0031385 -7.08548e-05 -0.000351217 -0.000294151 -0.00625
internal_weight=1.09447e+06 1.09035e+06 1.07398e+06 16371.7 34421.4 1.03956e+06 1.0374e+06 1.03257e+06 8877.38 6691.12 1.02369e+06 910803 907998 20793.1
internal_count=23306 23239 22603 636 167 22436 22378 21963 254 249 21709 20061 19957 94
is_linear=0
shrinkage=0.03


Tree=203
num_leaves=15
num_cat=0
split_feature=8 2 5 18 22 4 5 8 22 16 18 7 18 5
split_gain=833.198 1059.73 1100.37 984.436 795.614 989.946 941.689 783.444 734.502 2586.99 1105.67 1038.61 1019.94 706.726
threshold=2.7470707070707072 12.500000000000002 1036.6200000000001 2.1935373831150593 0.76388888888888895 1146.1000000000001 141.73928571428576 0.6027123569655507 0.36055555555555557 -0.057665857103533828 10.22140522875817 106.10000000000001 8.9033672891907205 453.17000000000002
decision_type=2 2 2 2 2 2 2 2 2 2 2 2 2 2
left_child=7 2 3 -2 6 -6 -5 8 11 10 12 -1 -10 -13
right_child=1 -3 -4 4 5 -7 -8 -9 9 -11 -12 13 -14 -15
leaf_value=0.00094413737974532791 -0.024462946121894907 -0.014779917098299272 -0.017018963683821976 -0.013910722999404769 0.0010624342820747831 0.024403093265925022 -0.00036957817498705373 0.0014794777831356378 0.0011604524967555915 -0.0050000661286729109 0.0078857313692423138 -0.0038434935735103359 -0.017835483934714701 0.0010817634525908419
leaf_weight=414378.19471883774 1544.5730333328247 6228.3673305511475 4052.3404550552368 5052.5224466323853 4854.4661045074463 2447.7656421661377 52066.562871932983 342206.15313196182 20692.565204620361 96949.886624336243 24936.042932987213 80205.754263401031 2880.1406278610229 38939.372338294983
leaf_count=6844 86 78 75 284 163 33 1331 5539 863 2560 598 3892 120 880
internal_value=8.3165e-05 -0.00294158 -0.00188459 -0.000950001 -0.000378835 0.00893169 -0.00157182 0.000309059 -0.000280857 -0.00217041 0.00348468 0.00023437 -0.00117365 -0.00223389
internal_weight=1.09743e+06 76246.6 70018.2 65965.9 64421.3 7302.23 57119.1 1.02119e+06 678982 145459 48508.7 533523 23572.7 119145
internal_count=23346 2050 1972 1897 1811 196 1615 21296 15757 4141 1581 11616 983 4772
is_linear=0
shrinkage=0.03


Tree=204
num_leaves=15
num_cat=0
split_feature=21 1 1 1 1 13 17 19 4 17 4 17 17 19
split_gain=793.341 782.377 970.488 1321.43 927.22 773.068 969.422 1281.16 1277.01 1830.02 1204.9 1748.97 1633.04 1221.76
threshold=1.0000000180025095e-35 282.50000000000006 390.00000000000006 351.50000000000006 296.50000000000006 336.5750000000001 35.972222222222229 32.500000000000007 2880.2900000000004 53.045454545454554 1016.2600000000001 6.0232558139534893 14.861904761904764 27.500000000000004
decision_type=2 2 2 2 2 2 2 2 2 2 2 2 2 2
left_child=5 -2 3 4 -3 6 7 10 9 -8 11 -1 13 -13
right_child=1 2 -4 -5 -6 -7 8 -9 -10 -11 -12 12 -14 -15
leaf_value=-0.021101371274315391 0.00015931269761476234 -0.0086275131234624901 0.00086390433342507615 -0.0072710760046284222 -0.00059375825221748215 0.00055220542493566592 0.016988967403484431 -0.0058684667707026936 0.028773731710033352 -0.016642174729294003 0.023698441115451812 0.011266261227536553 -0.0025458876913569176 0.041321526555459696
leaf_weight=2150.3248701095581 705562.72074270248 14476.480299472809 86986.676077365875 47786.55180644989 119666.98170852661 82586.324543952942 4450.6496248245239 9891.5192213058472 3351.0091743469238 2141.0293073654175 3348.9874572753906 5546.187656879425 6903.9569191932678 1549.6259059906006
leaf_count=126 16161 401 1857 981 2153 837 66 228 26 59 36 180 243 15
internal_value=-8.00297e-05 -0.000365485 -0.00174232 -0.0029884 -0.0014619 0.00220125 0.00566162 0.00291797 0.0137497 0.00604801 0.00737662 0.00396689 0.00784191 0.0179276
internal_weight=1.0964e+06 974479 268917 181930 134143 121920 39333.3 29390.6 9942.69 6591.68 19499.1 16150.1 13999.8 7095.81
internal_count=23369 21553 5392 3535 2554 1816 979 828 151 125 600 564 438 195
is_linear=0
shrinkage=0.03


Tree=205
num_leaves=15
num_cat=0
split_feature=5 5 7 11 18 5 5 18 5 5 5 18 6 7
split_gain=694.648 1279.95 692.562 970.467 626.705 590.284 1212.27 1623.08 581.199 1194.54 580.12 573.311 2287.46 1323.6
threshold=79.985000000000028 68.03166666666668 12.022222222222224 22.500000000000004 1.0217391304347829 96.575000000000003 91.405000000000015 5.8873578302712177 2250.4095454545454 921.78714285714295 76.364545454545478 10.151923076923078 398.44090674655075 127.12500000000001
decision_type=2 2 2 2 2 2 2 2 2 2 2 2 2 2
left_child=1 -1 8 4 -4 6 7 -6 9 -2 -3 12 13 -7
right_child=2 10 3 -5 5 11 -8 -9 -10 -11 -12 -13 -14 -15
leaf_value=-0.0014795590227461297 0.0031646821989206944 -0.031833803060997035 0.016673344582311993 -0.017550366254653636 0.021207286234951443 0.00022020286874799833 -0.025237032016539859 -0.014297909016084439 0.0087600131996258285 -0.0058450972513341614 -0.007339315725532672 0.00051229415631197925 -0.012528800297436452 -0.0042182408858800454
leaf_weight=11110.184370994568 74254.432072639465 2152.3097157478333 1960.0288319587708 2885.8296813964844 1947.5214929580688 347372.91204929352 2564.0264544487 2799.0683922767639 11335.531238555908 16098.665077209473 1476.8341755867004 523229.48378276825 14840.342690467834 73194.374188899994
leaf_count=759 1061 190 23 12 76 7885 179 188 20 85 96 9230 250 3428
internal_value=-8.14303e-05 -0.00654545 7.52635e-06 -0.000239224 -0.00018725 -0.000221806 -0.00870243 0.000297699 0.00236277 0.00155843 -0.0219609 -0.000156952 -0.000961173 -0.000552416
internal_weight=1.08722e+06 14739.3 1.07248e+06 970794 967908 965948 7310.62 4746.59 101689 90353.1 3629.14 958637 435408 420567
internal_count=23482 1045 22437 21271 21259 21236 443 264 1166 1146 286 20793 11563 11313
is_linear=0
shrinkage=0.03


Tree=206
num_leaves=15
num_cat=0
split_feature=18 5 8 5 18 18 19 19 18 19 5 18 18 19
split_gain=869.497 1686.86 558.408 654.905 676.542 1286.48 1110.3 758.955 969.546 864.786 1065.37 939.968 1914.46 672.021
threshold=365.76315789473693 2250.4095454545454 3.5563492063492066 137.17500000000004 72.239726027397282 43.747252747252752 108.50000000000001 11.500000000000002 30.871929824561409 69.500000000000014 550.98000000000013 7.900704225352114 7.0439613526570062 161.50000000000003
decision_type=2 2 2 2 2 2 2 2 2 2 2 2 2 2
left_child=2 -2 -1 -4 5 6 7 -5 9 10 11 12 -9 -8
right_child=1 -3 3 4 -6 -7 13 8 -10 -11 -12 -13 -14 -15
leaf_value=0.00024051844872380893 0.00066893960033492501 -0.026373962016019731 -0.013762681419659455 0.015310154701120782 -0.014413262061892085 0.019460108040397123 -0.023906395874912244 -0.0032690466328462999 -0.024913410283797909 0.0081966078847398541 -0.025705295602766586 -0.0055908433088012847 0.029009000112630239 -0.0046957502417633197
leaf_weight=1036520.5943131447 5615.3214812278748 3272.6592268943787 4543.0931692123413 2648.5827770233154 3576.8269214630127 2612.773868560791 2992.3776559829712 4993.2337045669556 1476.6212968826294 8200.5065832138062 1715.924542427063 15209.885666847229 2450.2084875106812 3621.5442876815796
leaf_count=21741 101 42 270 66 66 44 93 184 39 156 57 459 39 69
internal_value=9.24382e-06 -0.00932543 8.54902e-05 -0.00288695 -0.00188359 -0.00090181 -0.00213864 -9.66862e-05 -0.00130352 -0.000218483 -0.00305465 -0.00131777 0.0074054 -0.0134332
internal_weight=1.09945e+06 8887.98 1.09056e+06 54041.6 49498.5 45921.7 43308.9 36695 34046.4 32569.8 24369.3 22653.3 7443.44 6613.92
internal_count=23426 143 23283 1542 1272 1206 1162 1000 934 895 739 682 223 162
is_linear=0
shrinkage=0.03


Tree=207
num_leaves=15
num_cat=0
split_feature=21 20 19 20 20 5 20 17 0 5 5 17 19 20
split_gain=645.817 790.202 1634.19 1119.44 1064.96 976.651 1095.59 1020.35 962.96 958.746 1338.83 908.109 820.557 725.898
threshold=1.0000000180025095e-35 0.00059103121928520382 9.5000000000000018 0.0054128905986524445 0.15856846176662934 293.80500000000006 0.04115524476587043 3.0306122448979598 143.50000000000003 1155.2500000000002 343.11187500000005 4.3484848484848486 345.50000000000006 0.092419112195925593
decision_type=2 2 2 2 2 2 2 2 2 2 2 2 2 2
left_child=-1 12 3 -3 -4 7 -7 8 13 10 -6 -9 -2 -5
right_child=1 2 4 5 9 6 -8 11 -10 -11 -12 -13 -14 -15
leaf_value=0.0022019895547341663 -0.00093555098595652145 0.025150087631094463 0.00064373735162733708 -0.025305497539526503 -0.012535720122072033 0.0090324830673820487 -0.019271819579436186 0.037579211359034519 0.016163670168027857 -0.021688988667087877 0.0035010501955085329 0.010564797367061882 -0.015649508216952417 0.0039288148498651696
leaf_weight=121413.77357959747 440927.99930286407 3320.4058122634888 483063.87278795242 1322.0472011566162 8371.5918235778809 2453.5381789207458 2432.2766265869141 1874.6149716377258 2545.7023315429688 3039.1389541625977 10593.070793628693 2795.8023819923401 3417.778356552124 1765.5049180984497
leaf_count=1776 13511 21 6932 57 357 19 68 35 79 24 147 114 40 64
internal_value=0.000139738 -0.000118986 0.000670662 0.00942074 0.000349626 0.00595377 -0.00507921 0.0111851 0.0025693 -0.00610192 -0.00358383 0.0215219 -0.00104943 -0.00867122
internal_weight=1.08934e+06 967923 523578 18509.9 505068 15189.5 4885.81 10303.7 5633.25 22003.8 18964.7 4670.42 444346 3087.55
internal_count=23244 21468 7917 457 7460 436 87 349 200 528 504 149 13551 121
is_linear=0
shrinkage=0.03


Tree=208
num_leaves=15
num_cat=0
split_feature=4 19 19 7 5 20 20 5 20 19 4 7 20 5
split_gain=641.041 924.581 1217.49 1135.33 1104.3 1257.28 997.96 923.337 929.882 914.321 907.56 1140.75 899.044 1010.52
threshold=438.69500000000011 44.500000000000007 36.500000000000007 12.022222222222224 314.10916666666674 0.0017618661767402402 0.011249074658024589 274.08900000000006 0.99398728250621604 11.500000000000002 265.01000000000005 7.0340909090909101 0.048531654031466191 307.11000000000007
decision_type=2 2 2 2 2 2 2 2 2 2 2 2 2 2
left_child=1 2 4 -4 7 -6 -7 8 -1 -9 -3 -12 13 -11
right_child=-2 10 3 -5 5 6 -8 9 -10 12 11 -13 -14 -15
leaf_value=-0.002018621089291421 0.00032284977111062517 0.012286883176526034 0.018502231698959419 -0.017251893183090363 -0.010386510345000405 0.027362339528717826 -0.0014596662377858243 -0.0074164441595665695 0.022112082369046077 0.014755097630428156 0.023887180583700984 -0.003154567719571079 -0.0081782202872745756 -0.0033306621225020535
leaf_weight=112939.84011888504 897515.34090948105 7947.3834834098816 878.13849401473999 7484.0827512741089 22632.8024559021 1345.2777738571167 5187.7554883956909 4357.700156211853 1435.8688173294067 12050.210513591766 1550.9945106506348 13186.804506778717 2675.5967793464661 3604.2129435539246
leaf_count=5914 14092 292 26 432 1008 31 191 180 24 355 32 533 114 152
internal_value=-1.74995e-05 -0.0015658 -0.00230619 -0.0134621 -0.00174344 -0.00704204 0.00454074 -0.000615077 -0.00171187 0.00491084 0.00412942 -0.0002802 0.00784636 0.0105922
internal_weight=1.09479e+06 197277 174591 8362.22 166229 29165.8 6533.03 137063 114376 22687.7 22685.2 14737.8 18330 15654.4
internal_count=23376 9284 8427 458 7969 1230 222 6739 5938 801 857 565 621 507
is_linear=0
shrinkage=0.03


Tree=209
num_leaves=15
num_cat=0
split_feature=20 5 20 8 17 22 20 4 4 17 17 17 4 5
split_gain=633.593 1306.22 900.451 1288.74 2343.65 801.259 607.435 583.552 664.054 615.054 594.353 1178.86 1003.59 805.943
threshold=0.10003883546728169 1155.2500000000002 0.56153667736181456 0.06859943977591039 1.0686274509803924 0.55050505050505061 0.096953197786024084 91.365000000000023 17.675000000000004 6.7638888888888902 4.041666666666667 1.5277777777777779 120.38000000000001 112.17000000000002
decision_type=2 2 2 2 2 2 2 2 2 2 2 2 2 2
left_child=6 2 5 4 -4 -2 7 8 -1 -10 11 -9 13 -13
right_child=1 -3 3 -5 -6 -7 -8 10 9 -11 -12 12 -14 -15
leaf_value=0.01260243387266582 -0.0049521160548358662 -0.018140365649145319 0.020440135840416186 0.021531603168765744 -0.037842978261527063 0.0065427435986393978 0.016506184722242533 -0.004734089306250514 -0.014375816857067422 0.0076530770491127862 6.4514851690990885e-05 0.0086009748504560484 0.0044169935501064258 0.039791541324586031
leaf_weight=1276.3155040740967 35807.736878395081 4751.6992673873901 1299.6273469924927 3322.8778157234192 1153.8215913772583 6420.6194467544556 2031.772289276123 12608.72500038147 6569.3738551139832 1366.2321734428406 976913.3420753479 1721.1780171394348 38462.506454944611 1315.2981452941895
leaf_count=81 956 55 27 38 64 194 28 400 613 89 19940 91 811 33
internal_value=3.66181e-05 -0.00317025 -0.00168151 0.00940768 -0.00705393 -0.00320211 0.000198998 0.00016683 -0.00734213 -0.0105735 0.000234062 0.00329408 0.0057344 0.0222836
internal_weight=1.09502e+06 52756.4 48004.7 5776.33 2453.45 42228.4 1.04226e+06 1.04023e+06 9211.92 7935.61 1.03102e+06 54107.7 41499 3036.48
internal_count=23420 1334 1279 129 91 1150 22086 22058 783 702 21275 1335 935 124
is_linear=0
shrinkage=0.03


Tree=210
num_leaves=15
num_cat=0
split_feature=17 7 14 7 17 8 19 17 1 8 19 19 6 7
split_gain=557.253 877.429 769.076 657.134 544.77 510.266 1651.65 777.256 1139.96 928.703 857.174 1792.87 616.224 545.128
threshold=46.058823529411775 16.021739130434785 2864.1100000000006 11.050000000000002 45.854166666666679 5.2984375000000012 115.50000000000001 16.519230769230774 142.50000000000003 32.309523809523817 32.500000000000007 60.500000000000007 738.22880575325109 219.50000000000003
decision_type=2 2 2 2 2 2 2 2 2 2 2 2 2 2
left_child=4 2 3 -2 5 13 7 10 -9 -10 12 -12 -7 -1
right_child=1 -3 -4 -5 -6 6 -8 8 9 -11 11 -13 -14 -15
leaf_value=-5.947438524151403e-05 0.0061854086287158007 0.00088888578567690945 -0.0024399703740555735 0.021797795227132096 -0.015100656269871065 -0.0049138672283687351 -0.037457992368727676 -0.018121081668797674 0.0035620006969818803 0.028892430466563045 -0.034115749271469896 0.0066471274882759441 0.017721978401444516 -0.0036682309369176751
leaf_weight=914604.07594537735 5223.549596786499 94938.463593959808 3778.7569198608398 4547.9992618560791 2230.1916093826294 10851.482121944427 1275.3927955627441 1670.3586273193359 5963.2455010414124 1649.441125869751 2519.0588388442993 1563.3598651885986 1182.4242477416992 39271.029683113098
leaf_count=18159 94 1801 21 42 71 408 41 45 181 36 118 30 10 2271
internal_value=-0.0001312 0.00190901 0.00904452 0.0134816 -0.000356452 -0.00032261 -0.00441346 -0.00272601 0.00418308 0.00911167 -0.00670591 -0.0185493 -0.00266401 -0.000208121
internal_weight=1.09127e+06 108489 13550.3 9771.55 982780 980550 26674.8 25399.4 9283.05 7612.69 16116.3 4082.42 12033.9 953875
internal_count=23328 1958 157 136 21370 21299 869 828 262 217 566 148 418 20430
is_linear=0
shrinkage=0.03


Tree=211
num_leaves=15
num_cat=0
split_feature=17 17 17 20 4 19 16 16 1 20 20 14 16 4
split_gain=806.472 692.411 910.621 1305.06 1024.21 791.751 738.711 692.481 889.57 680.844 634.299 768.745 1644.52 688.328
threshold=46.058823529411775 4.041666666666667 1.5277777777777779 0.56153667736181456 50.515000000000008 6.5000000000000009 -0.99076510899294934 -0.47721919712569805 79.500000000000014 0.0034661541031204687 0.045409406506514184 2663.110000000001 0.99956006597715563 10892.915000000003
decision_type=2 2 2 2 2 2 2 2 2 2 2 2 2 2
left_child=1 2 3 7 -4 9 -6 -1 -9 -3 11 12 -2 -13
right_child=10 5 4 -5 6 -7 -8 8 -10 -11 -12 13 -14 -15
leaf_value=-0.020561729223862953 0.0033573776994650696 -0.0068431888595780364 -0.017511916628826757 0.019480419879177552 0.015478984066388946 -0.00045042603445505402 0.0040925082474089942 -0.019052951556533318 0.00021828858422831581 -0.038193531828909881 -0.0075736635473720604 -0.0055760651126360488 0.024686684648463748 0.0062192924851507759
leaf_weight=2437.7681407928467 78927.075993537903 9233.7984089851379 1796.1723313331604 2035.5398111343384 5795.2334804534912 903241.29398107529 43691.835340023041 2620.692334651947 11737.170489311218 650.37625360488892 5439.6548252105713 15223.381484985352 3374.010082244873 6271.2174987792969
leaf_count=168 1637 538 167 36 200 18708 1021 147 319 43 116 149 17 19
internal_value=-5.06182e-05 -0.000322317 0.00255025 -0.00308945 0.00462155 -0.000542939 0.00543165 -0.00584471 -0.00332084 -0.00897899 0.00239459 0.00291835 0.00423758 -0.00213209
internal_weight=1.09248e+06 983240 70114.4 18831.2 51283.2 913125 49487.1 16795.6 14357.9 9884.17 109235 103796 82301.1 21494.6
internal_count=23285 21347 2058 670 1388 19289 1221 634 466 581 1938 1822 1654 168
is_linear=0
shrinkage=0.03


Tree=212
num_leaves=15
num_cat=0
split_feature=17 17 5 5 1 4 4 5 7 5 4 17 19 19
split_gain=665.559 1086.81 2213.56 1099.61 690.419 847.511 806.997 666.175 970.866 1203.44 706.992 662.72 1144.65 547.884
threshold=1.5277777777777779 2.025641025641026 449.74454545454552 63.110714285714295 49.500000000000007 50.515000000000008 33.050000000000004 718.75166666666678 86.125000000000014 361.74500000000006 1119.8300000000002 63.166666666666679 66.500000000000014 6.5000000000000009
decision_type=2 2 2 2 2 2 2 2 2 2 2 2 2 2
left_child=4 2 3 -2 -1 6 -6 8 9 -7 -10 13 -13 -3
right_child=1 11 -4 -5 5 7 -8 -9 10 -11 -12 12 -14 -15
leaf_value=-0.024585122546323623 -0.026527157335964193 -0.004591940104344305 0.030320256628479765 0.0054090064396144309 -0.0073691573654446237 0.0071088167837806944 0.030606486035896843 0.0067321326290324772 -0.026661972740077616 -0.017362113706966612 0.0075346199979548951 0.021949377355316588 0.0021802535826527161 -0.00015318663016603438
leaf_weight=1590.7809548377991 1123.2080578804016 25655.540076732635 3196.3671989440918 6396.3901619911194 880.46526002883911 4278.203549861908 1136.9525923728943 2724.7411270141602 3477.9567074775696 3103.7672758102417 635.27387619018555 2776.9006118774414 45959.379203796387 990921.52367258072
leaf_count=92 106 1245 22 228 70 120 44 41 248 36 11 48 730 20355
internal_value=-0.000101031 -5.72584e-06 0.00949158 0.000580964 -0.00584677 -0.00398298 0.0141231 -0.00656795 -0.00972673 -0.00319916 -0.0213695 -0.000101435 0.0033152 -0.000265296
internal_weight=1.09386e+06 1.07603e+06 10716 7519.6 17828.1 16237.4 2017.42 14219.9 11495.2 7381.97 4113.23 1.06531e+06 48736.3 1.01658e+06
internal_count=23396 22734 356 334 662 570 114 456 415 156 259 22378 778 21600
is_linear=0
shrinkage=0.03


Tree=213
num_leaves=15
num_cat=0
split_feature=16 19 18 19 1 16 1 4 20 12 18 19 8 7
split_gain=742.818 985.928 1504.77 694.702 692.788 992.575 838.245 854.041 780.939 774.089 1148.06 1116.65 1127.96 910.172
threshold=0.99966494366289549 76.500000000000014 105.14000000000001 151.50000000000003 220.50000000000003 0.95760504371800848 127.50000000000001 2880.2900000000004 0.39988377552601978 51.205000000000005 3.2759976525821597 19.500000000000004 0.042313201241346389 15.980769230769232
decision_type=2 2 2 2 2 2 2 2 2 2 2 2 2 2
left_child=4 2 -2 -3 5 -1 8 -8 9 -7 11 -11 13 -13
right_child=1 3 -4 -5 -6 6 7 -9 -10 10 -12 12 -14 -15
leaf_value=0.0026463131508664547 -0.023960140367502891 0.0047028362800179717 -0.0020758926737450491 -0.0065112413962178451 -0.00061884590928068474 -0.00044065957657271279 -0.0024708629223098655 0.01600191228316929 -0.017936939213402565 0.033753794032612666 0.0018713061304882163 0.0091800459222334246 0.016278045686935139 -0.016041872990854023
leaf_weight=191248.08316802979 4948.4450035095215 10729.40417098999 6573.1287937164307 9230.3142242431641 526666.96344566345 122088.59143829346 114938.54559230804 2277.7474555969238 1920.4607257843018 1717.1379318237305 90058.338379383087 2751.2371187210083 6434.9988059997559 2386.0765447616577
leaf_count=3555 62 73 42 85 10002 3940 3085 14 66 38 2109 79 114 97
internal_value=1.9224e-05 -0.00452075 -0.0115003 -0.000484408 0.000153825 0.00091329 -4.86855e-05 -0.00210923 0.00101374 0.00117676 0.00308719 0.0113117 0.00792912 -0.00255131
internal_weight=1.09397e+06 31481.3 11521.6 19959.7 1.06249e+06 535821 344573 117216 227357 225436 103348 13289.5 11572.3 5137.31
internal_count=23361 262 104 158 23099 13097 9542 3099 6443 6377 2437 328 290 176
is_linear=0
shrinkage=0.03


Tree=214
num_leaves=15
num_cat=0
split_feature=21 16 18 18 16 18 6 18 7 7 17 18 6 8
split_gain=564.381 883.749 710.787 820.474 1451.4 808.007 709.412 587.85 952.508 1214.04 1060.54 570.392 960.851 1436.91
threshold=1.0000000180025095e-35 0.99982985934427715 125.42857142857144 55.125000000000007 0.37778630095893045 48.516483516483525 250.7933942702804 192.3978494623656 111.83333333333336 36.683333333333344 2.8137931034482762 41.990853658536594 185.75561852217342 2.0138423220615009
decision_type=2 2 2 2 2 2 2 2 2 2 2 2 2 2
left_child=1 -1 3 5 -5 11 -7 -4 9 -9 -11 -2 13 -13
right_child=2 -3 7 4 -6 6 -8 8 -10 10 -12 12 -14 -15
leaf_value=0.0022876168350999481 -0.00034122469865650445 -0.013144840055087599 0.0068700305258462104 0.00079678480903210187 -0.010837251345984577 -0.0032421971164358198 0.013842801528668142 0.002477809109067025 0.013640317122235708 -0.0016187948791477184 -0.024630931442312768 -0.0082599017617356 -0.018121364629391949 0.026640150581501904
leaf_weight=117353.98690366745 861635.63403272629 3417.7618865966797 21720.446140289307 20085.965057373047 18552.233324050903 3256.2445240020752 6602.7688789367676 16481.774605751038 4078.1669497489929 3907.8996934890747 3330.2236919403076 4106.291886806488 4338.0891160964966 1409.6167545318604
leaf_count=1777 20233 22 126 244 270 93 42 67 92 77 55 155 58 21
internal_value=-8.49313e-05 0.00184878 -0.000325848 -0.000514329 -0.00479205 -0.000326691 0.00820481 0.00317467 0.000284382 -0.00202146 -0.0122453 -0.000423392 -0.00759288 0.000722996
internal_weight=1.09028e+06 120772 969505 919987 38638.2 881349 9859.01 49518.5 27798.1 23719.9 7238.12 871490 9854 5515.91
internal_count=23332 1799 21533 21116 514 20602 135 417 291 199 132 20467 234 176
is_linear=0
shrinkage=0.03


Tree=215
num_leaves=15
num_cat=0
split_feature=18 20 6 18 11 16 19 21 16 20 7 16 18 7
split_gain=666.468 948.84 874.484 863.602 1047.84 880.867 1450.04 833.274 1102.46 890.053 711.601 1143.92 751.529 603.18
threshold=285.73181818181826 0.05557857486643468 1858.9514663343257 125.42857142857144 26.500000000000004 0.99966494366289549 86.500000000000014 1.0000000180025095e-35 0.99960940627443606 0.2003687955696882 166.16666666666671 -0.40303097343040978 8.4040507364975472 122.75000000000001
decision_type=2 2 2 2 2 2 2 2 2 2 2 2 2 2
left_child=3 2 13 5 -5 7 -7 8 9 10 -1 12 -12 -2
right_child=1 -3 -4 4 -6 6 -8 -9 -10 -11 11 -13 -14 -15
leaf_value=0.0021734721208092138 -0.013057950615467004 -0.01741005407236049 0.0083069647013120033 0.0069949201064608323 -0.0058579674123961003 -0.01793455020270442 -0.0014307772229253698 -0.00034231298670993842 0.018148594905152547 0.019263064283945266 0.02117518637679499 -0.020163033258552662 -0.0046791537055916087 0.0059494372783262597
leaf_weight=94227.204499721527 5574.3527889251709 4711.492832660675 4851.1661491394043 29503.924264907837 7060.9175796508789 6483.4569129943848 18214.839332580566 900080.7227678299 3854.4806747436523 2558.4333262443542 1349.0954146385193 3445.4931106567383 3859.8321490287781 2040.9506378173828
leaf_count=1353 107 34 19 225 11 75 148 20961 22 39 41 122 127 52
internal_value=-0.000112806 -0.00597165 -0.00162774 -1.86939e-05 0.0045111 -0.000178951 -0.00577413 -4.1932e-05 0.00243143 0.00185353 0.00141694 -0.00680603 0.00207242 -0.00796161
internal_weight=1.08782e+06 17178 12466.5 1.07064e+06 36564.8 1.03407e+06 24698.3 1.00938e+06 109295 105440 102882 8654.42 5208.93 7615.3
internal_count=23336 212 178 23124 236 22888 223 22665 1704 1682 1643 290 168 159
is_linear=0
shrinkage=0.03


Tree=216
num_leaves=15
num_cat=0
split_feature=1 16 8 5 4 4 8 6 5 12 16 4 8 5
split_gain=703.572 1525.38 767.918 858.398 800.29 1788.29 967.798 665.587 572.224 549.441 729.262 509.878 494.408 490.929
threshold=251.50000000000003 0.36276022393767721 0.06859943977591039 3192.063333333334 270.04000000000002 258.5750000000001 9.0976190476190499 62.522021656622876 68.03166666666668 262.24500000000006 0.65412651504539621 209.73000000000005 0.061855804268610107 564.18535714285724
decision_type=2 2 2 2 2 2 2 2 2 2 2 2 2 2
left_child=2 11 3 12 5 7 -6 8 -4 -3 -11 -2 -1 -8
right_child=1 9 4 -5 6 -7 13 -9 -10 10 -12 -13 -14 -15
leaf_value=-0.00035325642592166863 -0.0074931427562110456 -0.0089456246913491647 0.011667748045058459 -0.016071021117402835 0.0013696158332021833 0.028891909865219719 -0.0052388568282583274 0.016222419161637087 -0.0090732213476301012 -0.0056464767363075333 0.0028618233440893051 3.7822423310134082e-05 -0.012650995749425733 -0.023330091643914346
leaf_weight=247366.43424797058 8275.0632362365723 22402.33477640152 1642.715096950531 3207.312141418457 413890.93668460846 3031.0461349487305 6075.1905717849731 2124.6791877746582 4261.9431495666504 31133.242561340332 12773.812045097351 329041.83196735382 2957.6845712661743 1722.7064723968506
leaf_count=8292 764 560 75 30 6646 69 194 54 228 333 150 5871 58 44
internal_value=2.87075e-05 -0.000965163 0.000613249 -0.000697798 0.00138134 0.00934007 0.00117216 0.00190587 -0.00328304 -0.00512404 -0.00317099 -0.000147361 -0.000499558 -0.00928502
internal_weight=1.08991e+06 403626 686281 253531 432749 11060.4 421689 8029.34 5904.66 66309.4 43907.1 337317 250324 7797.9
internal_count=23368 7678 15690 8380 7310 426 6884 357 303 1043 483 6635 8350 238
is_linear=0
shrinkage=0.03


Tree=217
num_leaves=15
num_cat=0
split_feature=7 11 18 5 18 5 16 6 18 16 8 7 20 5
split_gain=759.873 1184.04 621.761 1622.13 848.65 1118.68 1304.35 600.505 2045.64 1284.49 833.763 1258.04 783.317 2066.5
threshold=12.022222222222224 24.500000000000004 365.76315789473693 2250.4095454545454 145.15053763440864 772.70138888888903 -1.0000000180025095e-35 391.41849175475357 10.643650793650794 -0.28292308651299719 0.16519592598351737 43.071428571428577 0.39988377552601978 282.49125000000004
decision_type=2 2 2 2 2 2 2 2 2 2 2 2 2 2
left_child=-1 2 4 -4 7 6 -6 12 10 -10 -9 -12 -2 -14
right_child=1 -3 3 -5 5 -7 -8 8 9 -11 11 -13 13 -15
leaf_value=0.0023777094678018758 -9.7380041810470931e-05 -0.02423968661642752 0.0014888626679033041 -0.025113182434097915 0.011339699014289264 0.0089924387239323344 -0.020229889185738308 0.0016472696548724638 0.0069699545002592693 -0.00202399251224257 -0.027702366067605733 -0.0087678219143225069 0.021786793011211805 -0.012073894777557315
leaf_weight=106296.09800958633 811844.16911029816 1834.6769256591797 5704.419602394104 3209.9135251045227 1984.9120512008667 17946.889935493469 2841.6198649406433 3539.0092792510986 16794.018733978271 95237.45997428894 4531.5387401580811 10422.481695175171 4598.2850894927979 2484.4218649864197
leaf_count=1287 20228 9 96 43 41 78 78 51 187 790 84 177 128 65
internal_value=-3.15971e-05 -0.000292176 -0.000246902 -0.0081249 -0.000174503 0.00554594 -0.00725367 -0.000311827 -0.00220148 -0.000674756 -0.0114397 -0.0145349 -1.05988e-05 0.00990883
internal_weight=1.08927e+06 982974 981139 8914.33 972225 22773.4 4826.53 949451 130525 112031 18493 14954 818927 7082.71
internal_count=23342 22055 22046 139 21907 197 119 21710 1289 977 312 261 20421 193
is_linear=0
shrinkage=0.03


Tree=218
num_leaves=15
num_cat=0
split_feature=8 18 1 15 18 18 18 19 17 20 16 18 1 1
split_gain=720.997 932.145 1013.56 934.655 752.576 732.661 771.03 676.513 947.646 911.941 578.106 1532.69 1178.38 862.174
threshold=5.5906544435956205 72.239726027397282 458.50000000000006 4377.1350000000011 3.1286141228801783 7.900704225352114 7.0439613526570062 42.500000000000007 19.414285714285715 0.019876569026129515 -0.16897649401757575 10.151923076923078 189.50000000000003 313.00000000000006
decision_type=2 2 2 2 2 2 2 2 2 2 2 2 2 2
left_child=10 2 3 4 -2 6 -6 8 9 -7 11 -1 -13 -12
right_child=1 -3 -4 -5 5 7 -8 -9 -10 -11 13 12 -14 -15
leaf_value=-0.0010438474347151375 -0.023174818068566805 -0.026824952850507407 -0.02530503372459636 0.023199577632404277 0.0012563793308620875 -0.013166746715210537 0.026245917259221804 -0.018465890619970626 0.022783090826566325 0.0059031086297176199 0.00032676809291635973 0.016372110218161196 0.0033350575199374601 -0.0023698486743665612
leaf_weight=97383.870599746704 1538.855616569519 1599.5682897567749 1730.6656255722046 1269.2064838409424 5058.1308341026306 5429.6119422912598 1404.8735847473145 2843.2024526596069 1206.5546741485596 3836.765522480011 732057.24512767792 6621.9732670783997 103566.41387987137 124896.42821884155
leaf_count=3375 85 49 96 15 171 221 24 83 24 110 14541 166 2257 2129
internal_value=0.000157385 -0.00478456 -0.00331394 -0.00160805 -0.00310538 -0.00152211 0.00675261 -0.00554236 -0.00200535 -0.00527512 0.000277791 0.00169821 0.00412137 -6.62956e-05
internal_weight=1.09044e+06 25917.4 24317.9 22587.2 21318 19779.1 6463 13316.1 10472.9 9266.38 1.06453e+06 207572 110188 856954
internal_count=23346 878 829 733 718 633 195 438 355 331 22468 5798 2423 16670
is_linear=0
shrinkage=0.03


Tree=219
num_leaves=15
num_cat=0
split_feature=8 6 18 22 20 22 18 13 3 2 7 7 2 7
split_gain=610.713 779.458 1376.78 1340.77 1116.18 942.444 1219.84 1150.64 875.754 786.717 768.188 1217.02 1043.79 754.825
threshold=0.085775597792765182 82.091207535150872 3.4198484533222366 0.29893617021276603 0.44823873831313293 0.054093567251461992 12.562843654227512 837.18000000000018 9.5000000000000018 18.500000000000004 55.083333333333336 41.81666666666667 5.5000000000000009 150.25000000000003
decision_type=2 2 2 2 2 2 2 2 2 2 2 2 2 2
left_child=-1 2 3 -2 8 9 -7 -8 13 10 11 -3 -12 -4
right_child=1 5 4 -5 -6 6 7 -9 -10 -11 12 -13 -14 -15
leaf_value=-0.0010198751214168485 0.01355953557039195 -0.0019220266992248875 0.0021384443523331095 -0.00063749771643532795 0.026003598265330358 -0.00093645069543310414 0.0056710811621527718 0.0009430287648006416 -0.0083269098094494731 -0.015797427869676455 -0.0050374172312242496 0.0048675672601394765 0.0092013490373612158 -0.0065676630108081942
leaf_weight=331782.94553899765 17202.567269802094 83622.270920753479 119252.31269836426 9174.3622856140137 1587.7847156524658 192412.38595485687 65308.547012329102 159289.63417625427 8723.1972560882568 3495.8919467926025 63364.96163892746 33168.235663890839 4980.7942085266113 9671.6507940292358
leaf_count=10572 378 1359 3076 346 28 3110 1048 911 132 28 1474 530 75 404
internal_value=5.63466e-05 0.000519337 0.00234302 0.00862481 0.00115192 2.0593e-05 0.00081652 0.00231823 0.000861512 -0.00173887 -0.00147173 6.70566e-06 -0.00399736 0.00148441
internal_weight=1.10304e+06 771255 165612 26376.9 139235 605643 417011 224598 137647 188632 185136 116791 68345.8 128924
internal_count=23471 12899 4364 724 3640 8535 5069 1959 3612 3466 3438 1889 1549 3480
is_linear=0
shrinkage=0.03


Tree=220
num_leaves=15
num_cat=0
split_feature=8 18 1 22 1 13 18 18 1 17 4 18 4 12
split_gain=717.762 978.507 706.733 685.997 1254.59 1365.2 1017.09 1145.97 885.71 875.395 853.968 740.5 652.832 650.822
threshold=0.33586910409194343 1.475426580149003 33.500000000000007 0.2752525252525253 547.50000000000011 54.140000000000008 12.656854256854258 14.248809523809525 180.50000000000003 16.837719298245617 306.62000000000006 365.76315789473693 177.43000000000004 264.12500000000006
decision_type=2 2 2 2 2 2 2 2 2 2 2 2 2 2
left_child=3 -2 -3 11 5 6 9 -8 -9 10 -5 -1 -10 -7
right_child=1 2 -4 4 -6 13 7 8 12 -11 -12 -13 -14 -15
leaf_value=0.00018822716804091737 0.018944653696040786 0.011225154750015757 0.00071896819712186902 -0.0052071059805864368 0.010661480279151619 -0.0076542970048215546 0.033010220262273737 0.029497809280765449 0.015187223232375884 0.0040417992178744125 -0.036707141243886708 -0.017329123733255593 -0.0065466202980671209 -0.0028152805029030645
leaf_weight=360239.21960353851 2675.6011176109314 5802.2920370101929 561894.02697896957 5536.0661630630493 6417.4738745689392 35314.23632144928 1792.4004693031311 1171.9915990829468 1878.7835607528687 12138.758367061615 882.5700945854187 2165.0288333892822 3586.5543522834778 85806.450068473816
leaf_count=9272 50 102 9703 376 86 1313 45 30 96 524 64 64 151 1451
internal_value=0.000178616 0.000912393 0.000826741 -0.000631026 -0.00230453 -0.00286771 0.00323236 0.0118602 0.00606664 -0.00069539 -0.00963897 8.26267e-05 0.000952814 -0.00422719
internal_weight=1.0873e+06 570372 567696 516930 154525 148108 26987.1 8429.73 6637.33 18557.4 6418.64 362404 5465.34 121121
internal_count=23327 9855 9805 13472 4136 4050 1286 322 277 964 440 9336 247 2764
is_linear=0
shrinkage=0.03


Tree=221
num_leaves=15
num_cat=0
split_feature=21 5 5 14 5 5 17 19 13 13 19 14 5 14
split_gain=515.873 796.812 694.01 800.529 712.15 705.27 680.986 816.99 540.004 1089.55 714.703 504.512 569.608 733.938
threshold=1.0000000180025095e-35 261.80071428571438 385.53625000000005 416.66000000000003 349.77125000000007 434.32261904761907 6.0232558139534893 32.500000000000007 341.97500000000008 203.01500000000004 16.500000000000004 1640.1350000000002 1036.6200000000001 737.43000000000006
decision_type=2 2 2 2 2 2 2 2 2 2 2 2 2 2
left_child=1 6 3 4 -3 -4 -1 -8 9 10 -7 12 13 -12
right_child=-2 2 5 -5 -6 8 7 -9 -10 -11 11 -13 -14 -15
leaf_value=-0.0071220511808287824 -0.0002329527884592238 -0.0090905512367109378 0.012967640710551469 -8.4323983223056319e-06 -0.037039872324607627 0.016836868842419264 0.015032039710311682 -0.0013515639329545865 -1.0003141075527549e-05 0.024965622099168572 -0.0096310759390531263 -0.013084142037955828 0.012003282022373102 0.0099515946225883362
leaf_weight=2268.5242280960083 977006.37537431717 3879.2939472198486 4831.502347946167 8920.5949058532715 1028.4534363746643 2757.2233028411865 10024.744750499725 3762.1759929656982 68572.338146209717 2307.2497310638428 4542.5151033401489 2163.3340835571289 3841.0610113143921 2747.8759479522705
leaf_count=108 21650 143 69 150 56 39 278 82 592 18 133 33 61 42
internal_value=-3.55609e-06 0.00183858 0.000891114 -0.00536936 -0.0150741 0.00183551 0.00806088 0.0105658 0.00121396 0.00578055 0.00299533 0.000103734 0.00268559 -0.00224299
internal_weight=1.09865e+06 121647 105591 13828.3 4907.75 91763.1 16055.4 13786.9 86931.6 18359.3 16052 13294.8 11131.5 7290.39
internal_count=23454 1804 1336 349 199 987 468 360 918 326 308 269 236 175
is_linear=0
shrinkage=0.03


Tree=222
num_leaves=15
num_cat=0
split_feature=20 5 17 17 18 18 20 16 8 4 5 1 8 5
split_gain=635.614 789.932 694.347 1171.88 1325.57 1104.52 901.989 888.845 785.637 1069.81 858.192 695.19 815.875 967.434
threshold=0.10003883546728169 1155.2500000000002 1.5277777777777779 3.4529914529914536 1.0217391304347829 125.42857142857144 0.094967726590301574 0.99816326708352132 0.11963767226925125 17.675000000000004 664.12000000000012 16.500000000000004 6.2792207792207799 732.49600000000009
decision_type=2 2 2 2 2 2 2 2 2 2 2 2 2 2
left_child=2 -2 8 5 -5 7 11 -4 9 -1 -11 -6 -13 -14
right_child=1 -3 3 4 6 -7 -8 -9 -10 10 -12 12 13 -15
leaf_value=0.01571682666682532 -0.0019869212211722958 -0.014782499779054667 0.0038179281700025779 0.02258710128949418 0.0047343337449056826 0.014419417617273342 0.015086621137922047 -0.021136060557024248 0.00063134152642513655 -0.023818211909111271 0.0015411538367819297 2.3317595425100799e-05 -0.0044258583591160394 -0.030386679360890494
leaf_weight=989.29334020614624 46719.367408275604 4768.4461660385132 21520.90128326416 2343.5608501434326 27572.278762817383 9670.6616649627686 3578.2849006652832 1346.3322067260742 7576.1498427391052 4840.4556908607483 1592.0931339263916 945694.42319440842 16041.7294049263 1386.3856267929077
leaf_count=61 1263 48 703 46 736 69 53 35 166 373 30 19098 572 42
internal_value=7.60747e-05 -0.00317724 0.000236555 0.000330001 0.000147027 0.00593086 9.36811e-05 0.00233155 -0.00616755 -0.0130908 -0.0175563 3.92247e-05 -9.52824e-05 -0.00652347
internal_weight=1.09564e+06 51487.8 1.04415e+06 1.02915e+06 996617 32537.9 994273 22867.2 14998 7421.84 6432.55 990695 963123 17428.1
internal_count=23295 1311 21984 21354 20547 807 20501 738 630 464 403 20448 19712 614
is_linear=0
shrinkage=0.03


Tree=223
num_leaves=15
num_cat=0
split_feature=18 5 22 17 17 22 17 5 5 16 17 13 12 7
split_gain=1155.48 920.432 678.212 575.771 809.086 807.621 859.972 705.964 703.792 494.399 445.139 446.147 415.231 429.961
threshold=658.72727272727286 2250.4095454545454 0.16575091575091577 63.166666666666679 61.125000000000007 0.24885321100917435 69.550000000000011 480.4308333333334 817.52916666666681 0.99900804475223792 85.166666666666671 693.3950000000001 5279.8700000000017 7.0340909090909101
decision_type=2 2 2 2 2 2 2 2 2 2 2 2 2 2
left_child=1 3 -3 4 12 6 -5 -8 -9 -10 -7 -12 13 -1
right_child=-2 2 -4 5 -6 10 7 8 9 -11 11 -13 -14 -15
leaf_value=0.0033355257281068029 -0.016056150714946617 0.00054299844030990848 0.0088726156718772486 0.014915479229311069 -0.015639716303945044 0.00059420785664695305 0.01298917418956806 -0.0081983562486530777 0.011280604105627959 -0.0010008902933366691 -0.00032848364066939494 -0.020696952714785614 -0.0041724423416892717 -0.00018944566657360393
leaf_weight=32171.020446300507 3981.7800970077515 16966.206789970398 18258.263019561768 7449.0662841796875 3030.7603707313538 11699.375049591064 5103.814790725708 5809.2099504470825 5340.0964031219482 6554.1141414642334 1827.1374139785767 2039.5007400512695 22748.155963897705 956546.2625784874
leaf_count=642 70 80 54 115 84 221 88 113 53 84 50 35 50 21717
internal_value=3.49024e-05 9.36778e-05 0.00486316 -6.48562e-05 -0.000213457 0.00322378 0.00607915 0.00318257 0.000343908 0.00452276 -0.00232698 -0.0111233 -0.000166925 -7.46845e-05
internal_weight=1.09952e+06 1.09554e+06 35224.5 1.06032e+06 1.0145e+06 45822.3 30256.3 22807.2 17703.4 11894.2 15566 3866.64 1.01147e+06 988717
internal_count=23456 23386 134 23252 22493 759 453 338 250 137 306 85 22409 22359
is_linear=0
shrinkage=0.03


Tree=224
num_leaves=15
num_cat=0
split_feature=6 7 17 15 20 16 12 19 22 15 6 8 20 8
split_gain=601.029 488.301 1122.08 1032.85 673.52 633.846 802.783 802.837 940.64 1319.82 927.183 775.882 743.55 731.526
threshold=3170.263322026673 219.50000000000003 76.125000000000014 733.06500000000017 0.39988377552601978 -0.3007653743635566 279.47000000000008 19.500000000000004 0.39827586206896559 1446.5050000000003 155.49124503035276 32.309523809523817 0.041584641211301017 6.5993630573248412
decision_type=2 2 2 2 2 2 2 2 2 2 2 2 2 2
left_child=1 5 3 4 -3 6 7 8 -1 10 -10 13 -8 -9
right_child=-2 2 -4 -5 -6 -7 12 11 9 -11 -12 -13 -14 -15
leaf_value=0.00028082564927961402 0.0046790716038133413 -0.0033277253085551776 0.021921742376817425 -0.019775327613274739 0.021873193927718342 -0.00026378548207585943 0.004170818034831509 3.062416549751139e-05 0.01042872397941577 0.038495373926068145 -0.019366253359108049 0.017206672184500459 0.017800421213821575 -0.0098882183581895863
leaf_weight=15242.977088451385 24244.355173110962 38262.747779846191 1526.888466835022 3451.7328672409058 959.11182451248169 876675.98455190659 14307.713464736938 85184.252770900726 11115.954643249512 1402.7059631347656 1008.3303470611572 2197.956286907196 4803.4077701568604 7242.4267640113831
leaf_count=646 53 2288 27 109 36 16938 139 2241 410 10 37 58 25 255
internal_value=1.0484e-05 -9.60425e-05 -0.00318229 -0.00409038 -0.00270064 3.78635e-05 0.00189334 0.00100663 0.00539329 0.0111454 0.00792298 -0.000327958 0.00761152 -0.000748574
internal_weight=1.08763e+06 1.06338e+06 44200.5 42673.6 39221.9 1.01918e+06 142506 123395 28770 13527 12124.3 94624.6 19111.1 92426.7
internal_count=23272 23219 2460 2433 2324 20759 3821 3657 1103 457 447 2554 164 2496
is_linear=0
shrinkage=0.03


Tree=225
num_leaves=15
num_cat=0
split_feature=20 22 5 22 8 19 16 5 22 5 16 6 5 1
split_gain=685.113 1407.45 1168.05 1145.56 765.688 1169.02 897.54 1838.21 1014.33 1252.32 942.162 745.978 968.985 745.328
threshold=0.048531654031466191 0.49074074074074076 437.15833333333342 0.59729729729729741 5.8620507399577173 115.50000000000001 0.9995232606733454 960.5200000000001 0.29893617021276603 394.06750000000005 -0.99692766179048542 166.35974322710334 309.3378125000001 175.50000000000003
decision_type=2 2 2 2 2 2 2 2 2 2 2 2 2 2
left_child=4 -2 13 -4 -1 6 7 8 11 10 -10 -6 -13 -3
right_child=1 2 3 -5 5 -7 -8 -9 9 -11 -12 12 -14 -15
leaf_value=0.00035385716753121217 -0.0037889580768097372 -0.0076469871541956832 0.0058572048462603773 -0.020793819890438252 -0.016705748873004023 -0.028903664811047156 0.020569180848908439 -0.042768628861970352 -0.017759461949620099 0.024561187574073634 0.010196280962627868 0.018612538605407611 -0.011917460860869651 0.011105010789260418
leaf_weight=955573.68468236923 94871.117748737335 2184.5193586349487 2992.9739646911621 2786.1144132614136 5041.2178506851196 1749.4191789627075 1291.2267074584961 1075.6737079620361 2040.1113138198853 2227.1683044433594 2273.2884049415588 1589.7947597503662 2214.2452335357666 14381.502007007599
leaf_count=20148 1978 81 44 83 252 57 10 37 88 35 89 36 68 381
internal_value=-2.68095e-05 -0.0021936 0.00457716 -0.00701873 0.000233706 -0.00564785 -0.00332619 -0.00522321 -0.00254618 0.00640031 -0.0030469 -0.00916111 0.000872333 0.00862599
internal_weight=1.09229e+06 117216 22345.1 5779.09 975076 19502.1 17752.7 16461.5 15385.8 6540.57 4313.4 8845.26 3804.04 16566
internal_count=23387 2567 589 127 20820 672 615 605 568 212 177 356 104 462
is_linear=0
shrinkage=0.03


Tree=226
num_leaves=15
num_cat=0
split_feature=1 1 16 8 5 8 20 1 5 17 14 16 7 17
split_gain=499.667 1197.07 1436.08 920.992 704.963 665.437 740.258 691.47 689.111 834.997 1082.38 944.854 715.847 774.083
threshold=313.00000000000006 374.00000000000006 0.22059277918531409 5.5906544435956205 407.01833333333337 0.06859943977591039 0.56153667736181456 75.500000000000014 319.01000000000005 12.02777777777778 467.81500000000005 -0.35657154195641522 5.503731343283583 4.041666666666667
decision_type=2 2 2 2 2 2 2 2 2 2 2 2 2 2
left_child=5 2 -2 -3 -5 -1 7 -7 12 10 11 -10 -9 -14
right_child=1 3 -4 4 -6 6 -8 8 9 -11 -12 -13 13 -15
leaf_value=-0.00072996858534514378 -0.0011215102145625694 0.0017121919814328749 -0.008517996319151384 -0.0069858719214196925 -0.042368421826147633 0.0049928745641257093 0.015165999173520529 0.012260259839143091 0.0062389974811874003 0.00067430133636436646 0.0030895132060843318 0.028943620261072327 0.0057449488415192507 -0.0014663594857342158
leaf_weight=277827.07886171341 84421.804052352905 99756.054511070251 32789.38477563858 1974.8800282478333 666.8596658706665 36081.720950126648 3305.2755088806152 3748.9153985977173 4058.4623928070068 262566.64461898804 78954.016935348511 2776.3217754364014 14435.513894557953 182966.59883880615
leaf_count=9277 1642 1977 486 114 34 683 31 69 83 3371 653 44 413 4424
internal_value=0.000156353 -0.00112177 -0.00319175 0.00124782 -0.0161688 0.000480222 0.00105117 0.000970984 0.000706726 0.00151398 0.00408318 0.0155193 -0.000691303 -0.000938486
internal_weight=1.08633e+06 219609 117211 102398 2641.74 866721 588893 585588 549506 348355 85788.8 6834.78 201151 197402
internal_count=23301 4253 2128 2125 148 19048 9771 9740 9057 4151 780 127 4906 4837
is_linear=0
shrinkage=0.03


Tree=227
num_leaves=15
num_cat=0
split_feature=1 15 22 1 22 22 1 0 6 17 5 12 17 6
split_gain=603.581 946.085 1073.88 861.883 1870.1 1455.24 976.637 1072.25 953.391 947.38 1616.36 905.708 869.975 858.907
threshold=220.50000000000003 1210.2800000000004 0.63397129186602885 175.50000000000003 0.49074074074074076 0.089898989898989909 152.50000000000003 16.500000000000004 3170.263322026673 13.514705882352944 253.33350000000004 797.84000000000003 82.125000000000014 391.41849175475357
decision_type=2 2 2 2 2 2 2 2 2 2 2 2 2 2
left_child=3 13 -3 4 6 -5 7 9 12 -1 -11 -9 -6 -2
right_child=1 2 -4 5 8 -7 -8 11 -10 10 -12 -13 -14 -15
leaf_value=-0.00093080964606100927 -0.0015707368571832262 0.00023172821282062329 0.011916092019770366 -0.001095830936636711 -0.0058213663838224752 0.0040818303346152884 -0.0031238726681625554 0.00053556402654413948 0.015809123714032262 0.017285941291694348 0.0039839492097424149 -0.014404821905491392 -0.028417904497397863 -0.0089268190986511089
leaf_weight=19468.304864883423 245689.95363616943 252285.36008167267 7263.6849575042725 76545.687037944794 43798.325838565826 134997.82837295532 51659.681538105011 186410.24319076538 1754.3429718017578 10531.28600692749 37323.605766296387 3704.7681751251221 1570.8847150802612 15148.99426651001
leaf_count=468 7481 2159 99 1867 1488 2015 1235 5464 4 192 551 57 44 255
internal_value=1.5303e-05 -0.000722697 0.000559617 0.000691722 -0.000209036 0.0022084 0.000639801 0.00139524 -0.00577473 0.00464819 0.00691728 0.000242936 -0.00661594 -0.00199861
internal_weight=1.08815e+06 520388 259549 567765 356221 211544 309098 257438 47123.6 67323.2 47854.9 190115 45369.2 260839
internal_count=23379 9994 2258 13385 9503 3882 7967 6732 1536 1211 743 5521 1532 7736
is_linear=0
shrinkage=0.03


Tree=228
num_leaves=15
num_cat=0
split_feature=8 18 18 7 20 6 17 8 17 6 6 6 2 18
split_gain=647.264 988.264 961.139 657.59 612.957 596.85 599.249 724.52 702.335 558.721 865.039 690.752 558.603 708.34
threshold=3.5563492063492066 72.239726027397282 48.516483516483525 280.50000000000006 0.28019059431740684 250.7933942702804 18.43650793650794 0.021409472880061117 15.839743589743593 578.43010378887664 281.1217098017234 230.96249950366129 3.5000000000000004 2.963937621832359
decision_type=2 2 2 2 2 2 2 2 2 2 2 2 2 2
left_child=3 2 4 -1 9 6 8 -8 -5 10 11 12 13 -2
right_child=1 -3 -4 5 -6 -7 7 -9 -10 -11 -12 -13 -14 -15
leaf_value=0.00031888956999941354 -0.018414791441755139 -0.020040492146065684 0.021883486544570938 -0.0073015364461158638 0.016198332877930061 -0.035470078267870957 0.0054376620381145265 -0.019751276113180474 -0.035645711737413835 -0.017344546740588409 0.0054271623721560179 -0.01961071860955222 -0.0085334553781950123 0.0013583679406774919
leaf_weight=1023433.6043758392 1776.3205480575562 2936.4988899230957 1430.0134325027466 6613.3860111236572 1445.6721334457397 571.48332834243774 6236.2651824951172 1209.7986626625061 876.33533239364624 2467.1252918243408 9238.5503559112549 2631.6018037796021 12810.891184329987 17649.362273693085
leaf_count=20630 103 71 19 602 36 24 395 66 101 53 180 81 362 635
internal_value=6.18477e-05 -0.00319117 -0.00218289 0.000225931 -0.0029084 -0.00590155 -0.00472426 0.00130314 -0.010704 -0.00350818 -0.00272672 -0.00488902 -0.00367582 -0.000466807
internal_weight=1.09133e+06 52386 49449.5 1.03894e+06 48019.5 15507.3 14935.8 7446.06 7489.72 46573.9 44106.7 34868.2 32236.6 19425.7
internal_count=23358 1540 1469 21818 1450 1188 1164 461 703 1414 1361 1181 1100 738
is_linear=0
shrinkage=0.03


Tree=229
num_leaves=15
num_cat=0
split_feature=16 12 1 16 1 1 8 16 4 16 19 5 19 1
split_gain=552.478 900.527 649.413 819.27 585.018 670.973 567.902 733.925 1031.34 572.833 1506.64 1140.94 694.6 556.812
threshold=-0.3007653743635566 380.27500000000003 317.50000000000006 0.23219844811385623 436.50000000000006 364.50000000000006 5.2984375000000012 0.99948746456635518 1682.5450000000003 0.9995232606733454 75.500000000000014 537.5350000000002 179.50000000000003 462.50000000000006
decision_type=2 2 2 2 2 2 2 2 2 2 2 2 2 2
left_child=1 13 6 -4 5 -5 9 8 -8 -2 11 -11 -12 -1
right_child=2 -3 3 4 -6 -7 7 -9 -10 10 12 -13 -14 -15
leaf_value=0.0014556987578512345 0.0003260331695285663 0.0077437233365471175 -0.00075529179461793618 -0.0040864590099382765 0.00070386417443129971 -0.012842981532203059 -0.0055895999604230326 0.012578149575134008 -0.03284305014941271 0.0018281132970780836 0.0026748118373099644 -0.015113036252410544 -0.0087280824392919499 -0.0037007659369824751
leaf_weight=137781.62856149673 701778.87904405594 18473.611093521118 107896.41020917892 19727.026065826416 9973.2864575386047 13121.985021114349 7621.7793340682983 1480.7070121765137 1477.909158706665 5048.7969207763672 28023.198390960693 12226.867294311523 5782.7450256347656 21813.943295478821
leaf_count=4860 14513 114 1806 279 196 237 247 15 32 46 241 144 61 553
internal_value=-5.18467e-05 0.00147681 -0.000349641 -0.0021491 -0.00565898 -0.00759006 5.65564e-06 -0.00688977 -0.0100782 0.000102742 -0.00296385 -0.0101656 0.000720259 0.000750524
internal_weight=1.09223e+06 178069 914160 150719 42822.3 32849 763441 10580.4 9099.69 752860 51081.6 17275.7 33805.9 159596
internal_count=23344 5527 17817 2518 712 516 15299 294 279 15005 492 190 302 5413
is_linear=0
shrinkage=0.03


Tree=230
num_leaves=15
num_cat=0
split_feature=8 3 19 19 20 7 18 14 20 20 4 19 20 7
split_gain=900.516 1380.31 1464.57 1035.67 656.629 514.948 2705.82 1382.63 1227.34 804.653 969.512 1138.97 949.862 841.404
threshold=5.5906544435956205 3.5000000000000004 58.500000000000007 107.50000000000001 0.019876569026129515 205.50000000000003 145.15053763440864 1330.8550000000002 0.21799143390732703 0.089085154464675867 128.37000000000003 19.500000000000004 0.49541944897149726 179.25000000000003
decision_type=2 2 2 2 2 2 2 2 2 2 2 2 2 2
left_child=5 4 -3 -4 -2 9 7 8 -7 13 -11 -12 -13 -1
right_child=1 2 3 -5 -6 6 -8 -9 -10 10 11 12 -14 -15
leaf_value=0.00041154284613712666 -0.0052520487347785701 -0.034687431504774373 0.0061697839865988242 -0.023476050827125852 0.0063658308589709034 -0.0042081699350115616 0.034945237799964696 -0.043233296653900272 0.016688286035376716 0.017789146579178915 -0.011644801933788591 -0.0030213888983714257 0.012549794664761239 0.0059522068266288017
leaf_weight=928280.21867036819 12885.138498306274 2583.0531821250916 2534.4604740142822 1796.0111932754517 6607.098424911499 50916.74996137619 1656.4320559501648 766.89227294921875 2642.3542475700378 1877.6748967170715 13134.266492843628 33291.409434318542 3923.3763608932495 25320.999796390533
leaf_count=17459 486 112 51 55 197 2808 30 20 99 72 432 622 49 902
internal_value=6.81628e-05 -0.00540219 -0.0168984 -0.00617687 -0.00131156 0.000204302 -0.00259555 -0.00375263 -0.00317139 0.000360185 -0.00326487 -0.0040568 -0.00137393 0.000558786
internal_weight=1.08822e+06 26405.8 6913.52 4330.47 19492.2 1.06181e+06 55982.4 54326 53559.1 1.00583e+06 52226.7 50349.1 37214.8 953601
internal_count=23394 901 218 106 683 22493 2957 2927 2907 19536 1175 1103 671 18361
is_linear=0
shrinkage=0.03


Tree=231
num_leaves=15
num_cat=0
split_feature=20 18 7 7 8 5 8 5 18 4 8 22 18 7
split_gain=521.082 895.5 1029.04 941.331 1016.7 694.469 652.029 1148.67 1304.8 864.455 787.256 666.882 1001.71 756.958
threshold=0.051202451552119325 285.73181818181826 21.710084033613452 50.94444444444445 3.3812751677852355 50.418125000000011 0.2017946241751167 220.18566666666669 7.900704225352114 209.73000000000005 0.23341793570219968 0.44222222222222224 12.366834875245305 52.94444444444445
decision_type=2 2 2 2 2 2 2 2 2 2 2 2 2 2
left_child=-1 2 -2 4 -4 -5 7 8 -7 -10 -8 13 -13 -12
right_child=1 -3 3 5 -6 6 10 -9 9 -11 11 12 -14 -15
leaf_value=0.00018347667316985885 0.0042157621289262825 -0.015991291915364768 -0.0050598459239098743 0.020351091833638386 -0.022230991365013875 -0.010893914109166826 0.021167427160677588 -0.0098224646198072241 0.0036944100099324745 0.034157451699286905 0.01614609329320589 -0.0018193050924255215 0.020132050531515174 -0.004321394379412309
leaf_weight=974402.38594961166 22559.74565076828 3944.5193214416504 31612.77680015564 1402.0509481430054 3424.7805414199829 2355.8188076019287 1786.072527885437 13771.138269901276 1776.1955552101135 1577.1752080917358 1779.8375263214111 4084.9525957107544 3427.281506061554 16869.281871318817
leaf_count=20792 296 32 528 47 131 133 27 484 81 31 23 130 56 433
internal_value=-3.7829e-05 -0.00199128 -0.00146949 -0.00299942 -0.00674998 -0.000306565 -0.000925564 -0.005136 0.00616306 0.0181395 0.00201083 0.000687809 0.00822235 -0.00235281
internal_weight=1.08477e+06 110372 106427 83867.4 35037.6 48829.8 47427.8 19480.3 5709.19 3353.37 27947.4 26161.4 7512.23 18649.1
internal_count=23224 2432 2400 2104 659 1445 1398 729 245 112 669 642 186 456
is_linear=0
shrinkage=0.03


Tree=232
num_leaves=15
num_cat=0
split_feature=18 20 7 7 20 7 17 17 5 5 17 5 2 5
split_gain=502.693 819.356 602.509 2063.71 843.426 1006.84 608.233 418.874 927.672 1587.89 997.732 663.623 1657.47 1397.37
threshold=145.15053763440864 0.090840019036491595 36.683333333333344 150.25000000000003 0.0028884670302777617 71.90000000000002 1.0686274509803924 46.058823529411775 1155.2500000000002 796.00716666666688 53.045454545454554 1078.4125000000001 2.5000000000000004 1629.3950000000002
decision_type=2 2 2 2 2 2 2 2 2 2 2 2 2 2
left_child=7 2 -2 4 5 -4 -7 11 9 -9 -10 -1 13 -13
right_child=1 -3 3 -5 -6 6 -8 8 10 -11 -12 12 -14 -15
leaf_value=-0.00016927140920769472 0.0079995826799439673 -0.0058686443030367746 -0.025020533148629384 0.019994351826372079 0.0071855418708421537 0.0067251589055496884 -0.014196669019953411 0.0024218607288043971 0.016966497094631515 -0.0073285500737669358 0.0031263125074924838 -0.0071087992615028401 -0.0013858538849858934 -0.033318768608672882
leaf_weight=883209.12437391281 22501.426043510437 7615.9921469688416 3000.2445344924927 3551.2420201301575 3035.8655471801758 2659.0125560760498 2326.9660110473633 63314.726970672607 6361.1489028930664 19689.993577957153 17714.449964523315 5412.6041040420532 46760.007524490356 2758.1864490509033
leaf_count=20702 81 52 67 67 19 56 41 1360 38 322 208 99 222 64
internal_value=-3.21378e-05 0.00308296 0.00492399 0.000170782 -0.00624088 -0.01135 -0.00305681 -0.000165387 0.00161205 0.000107705 0.00679415 -0.000368296 -0.00356711 -0.0160162
internal_weight=1.08991e+06 44690.7 37074.8 14573.3 11022.1 7986.22 4985.98 1.04522e+06 107080 83004.7 24075.6 938140 54930.8 8170.79
internal_count=23398 383 331 250 183 164 97 23015 1928 1682 246 21087 385 163
is_linear=0
shrinkage=0.03


Tree=233
num_leaves=15
num_cat=0
split_feature=1 1 1 4 20 4 20 22 8 1 15 20 8 22
split_gain=462.602 657.326 1490.85 1031.77 627.08 875.234 1002.48 1439.15 1230.47 972.32 1044.75 582.174 655.233 1150.04
threshold=552.50000000000011 351.50000000000006 374.00000000000006 507.37500000000006 0.01630705548373516 120.38000000000001 0.046578726550876241 0.49074074074074076 0.11124001031193607 175.50000000000003 278.83500000000009 0.014951558047428674 0.34155021265515156 0.1731634182908546
decision_type=2 2 2 2 2 2 2 2 2 2 2 2 2 2
left_child=1 4 -3 -4 11 -6 -7 -8 -9 -10 -11 12 -1 -14
right_child=-2 2 3 -5 5 6 7 8 9 10 -12 -13 13 -15
leaf_value=-0.0010002479921831725 0.0046338386279156677 -0.005980715175325676 -0.012485795853369534 0.0013636320204115217 0.018888343985525805 0.002739318584296217 -0.0025882122785715086 -0.0056909252770532574 -0.0060236881096460719 0.02809202983801359 0.0086768108060600105 -0.0061840490364892331 -0.00059492337538602415 0.0032291678141334601
leaf_weight=344321.10902833939 19554.651194095612 51645.051322937012 5140.9494981765747 78151.883086204529 2546.9327311515808 168479.60296869278 88940.542296886444 5538.1775560379028 2507.1659154891968 3548.5498638153076 8391.1419925689697 14508.512612342834 178017.74865913391 117466.34064149857
leaf_count=10003 207 926 509 1419 98 2267 1759 204 53 68 164 202 3246 2095
internal_value=6.36032e-05 -2.00669e-05 -0.00197717 0.000506034 0.000262638 0.00145081 0.00128936 -0.00095344 0.00631719 0.010922 0.0144845 -0.000245757 -0.000110909 0.000925416
internal_weight=1.08876e+06 1.0692e+06 134938 83292.8 934266 279952 277405 108926 19985 14446.9 11939.7 654314 639805 295484
internal_count=23220 23013 2854 1928 20159 4613 4515 2248 489 285 232 15546 15344 5341
is_linear=0
shrinkage=0.03


Tree=234
num_leaves=15
num_cat=0
split_feature=1 15 1 16 22 4 6 17 17 19 1 22 22 16
split_gain=564.051 927.289 864.793 705.516 965.837 950.192 674.132 901.925 847.386 794.205 682.559 607.215 527.883 871.97
threshold=251.50000000000003 1241.5600000000002 267.50000000000006 -0.74289152775032774 0.12451550387596901 5278.4000000000005 177.25802759030583 21.751923076923081 27.343750000000004 124.50000000000001 518.50000000000011 0.19803921568627456 0.51939849624060164 -0.28292308651299719
decision_type=2 2 2 2 2 2 2 2 2 2 2 2 2 2
left_child=12 2 11 4 -3 -6 8 10 -4 -10 -8 -2 -1 -14
right_child=1 3 6 -5 5 -7 7 -9 9 -11 -12 -13 13 -15
leaf_value=0.00084493303464738953 -0.0043866783877521244 -0.010258258041312111 -0.0018633345911166176 3.1447021548503791e-05 0.0056900458061012538 0.025858413385394036 -0.00284949478764815 -0.0099480001896643817 0.0096259463925745664 -0.00072744166951679476 0.013543931473198332 -0.014834900352678891 0.0025383138853913192 -0.0044428365209209135
leaf_weight=614802.89145803452 14712.505207538605 2361.0153675079346 95032.097138404846 207826.21460723877 8327.6303958892822 2800.371036529541 19963.517853736877 18238.617170333862 12660.588182926178 14058.349359512329 2561.1539158821106 7589.2996940612793 25251.310455322266 44372.545441150665
leaf_count=13284 459 75 3449 1668 165 29 427 417 480 320 47 212 920 1426
internal_value=3.89872e-05 -0.000846687 -0.00241524 0.000463278 0.00710663 0.0108027 -0.0016545 -0.00499275 -0.00053619 0.00418197 -0.000975129 -0.00795231 0.000564546 -0.0019109
internal_weight=1.09056e+06 406131 184816 221315 13489 11128 162514 40763.3 121751 26718.9 22524.7 22301.8 684427 69623.9
internal_count=23378 7748 5811 1937 269 194 5140 891 4249 800 474 671 15630 2346
is_linear=0
shrinkage=0.03


Tree=235
num_leaves=15
num_cat=0
split_feature=17 1 16 17 6 15 16 7 17 19 15 17 8 1
split_gain=484.713 829.07 894.94 803.246 1573.58 695.383 634.994 505.523 914.869 867.019 1183.34 783.307 949.576 1044.5
threshold=1.5277777777777779 71.500000000000014 -0.98110350934826374 2.025641025641026 84.891126102901424 465.43500000000012 0.98224833054276517 31.029411764705888 10.516666666666667 43.500000000000007 110.36500000000002 12.02777777777778 0.26239754098360663 321.50000000000006
decision_type=2 2 2 2 2 2 2 2 2 2 2 2 2 2
left_child=1 -1 -3 4 5 6 -2 -5 9 10 -9 12 -10 -14
right_child=3 2 -4 7 -6 -7 -8 8 11 -11 -12 -13 13 -15
leaf_value=-0.02160755593080561 -0.016711052227230332 -0.021222119100793073 0.00029305859001798722 0.00089870571079813733 0.020364147183701206 0.02236856640665447 0.0033779293695869171 -0.0054985531731832306 -0.001015620541764842 -0.010220504098202455 0.00060263482187411076 -0.00027466243171268346 0.011607724272835698 -0.0043007225678538038
leaf_weight=2304.7499732971191 2563.6193146705627 1970.4269080162048 13824.928634166718 358863.45252847672 5097.6867566108704 902.41044044494629 3121.6298522949219 49198.0357670784 18216.759478092194 12623.689668655396 68323.067852020264 533634.99055528641 17448.43821811676 4706.2383546829224
leaf_count=137 181 118 416 4527 51 15 129 2195 665 217 1794 12530 299 110
internal_value=-1.36516e-05 -0.00487943 -0.00241434 6.83873e-05 0.00788422 -0.00180545 -0.00570751 -1.76762e-05 -0.000484713 -0.00275548 -0.00195202 3.02181e-05 0.00405831 0.00822752
internal_weight=1.0928e+06 18100.1 15795.4 1.0747e+06 11685.3 6587.66 5685.25 1.06301e+06 704151 130145 117521 574006 40371.4 22154.7
internal_count=23384 671 534 22713 376 325 310 22337 17810 4206 3989 13604 1074 409
is_linear=0
shrinkage=0.03


Tree=236
num_leaves=15
num_cat=0
split_feature=18 1 16 15 16 22 22 18 1 3 18 16 16 18
split_gain=859.631 727.675 839.664 691.794 518.017 1721.81 1281.91 897.733 774.003 1087.03 1153.25 744.276 855.198 1040.97
threshold=658.72727272727286 282.50000000000006 0.1624210067263604 61.039999999999999 0.35129356745093449 0.18274582560296851 0.43167701863354041 11.925703463203465 103.50000000000001 2.5000000000000004 4.0139114619611496 -0.99906536334271601 -0.99781370277386827 34.690476190476197
decision_type=2 2 2 2 2 2 2 2 2 2 2 2 2 2
left_child=1 4 3 -3 5 11 8 -7 9 -6 -11 -1 13 -13
right_child=-2 2 -4 -5 6 7 -8 -9 -10 10 -12 12 -14 -15
leaf_value=-0.01765043725112193 -0.01319388456634216 -0.0096557631797589902 -0.0036694174184004778 0.00023301285776305841 0.0012365410793153434 0.0020422391699664688 -0.004041047518364831 0.0071124669492633056 -0.00014814797288478643 0.022031579448272984 0.0051642958360028661 0.0029278747978725359 -0.0012201616869376894 0.027420692612161943
leaf_weight=2292.8778972625732 4299.0176711082458 6549.6379399299622 80438.852128505707 206392.05893564224 128354.95877122879 72563.010375022888 57942.007795333862 55455.510719776154 328705.26472377777 4281.570987701416 24179.741565704346 6983.2110471725464 105110.27885437012 1993.8521575927734
leaf_count=74 75 648 1191 3899 3725 1890 1747 886 5860 49 324 211 2688 31
internal_value=0.000163441 0.000216792 -0.00105854 -7.20233e-05 0.000691708 0.00183875 0.000175826 0.00423935 0.000679213 0.00241326 0.00771541 -0.000802176 -0.000460533 0.00841672
internal_weight=1.08554e+06 1.08124e+06 293381 212942 787862 244399 543464 128019 485522 156816 28461.3 116380 114087 8977.06
internal_count=23298 23223 5738 4547 17485 5780 11705 2776 9958 4098 373 3004 2930 242
is_linear=0
shrinkage=0.03


Tree=237
num_leaves=15
num_cat=0
split_feature=5 16 19 5 19 6 5 19 1 1 16 22 19 10
split_gain=768.599 615.217 925.122 1091.85 870.309 867.299 1234.95 986.096 573.425 748.582 692.535 1065.11 1074.93 633.032
threshold=34.790000000000006 0.99948746456635518 86.500000000000014 550.98000000000013 116.50000000000001 1858.9514663343257 537.5350000000002 53.500000000000007 222.50000000000003 232.50000000000003 -0.99918340678092432 0.76388888888888895 71.500000000000014 1.5000000000000002
decision_type=2 2 2 2 2 2 2 2 2 2 2 2 2 2
left_child=-1 8 5 -4 -5 6 -3 -8 13 -10 11 12 -11 -2
right_child=1 2 3 4 -6 -7 7 -9 9 10 -12 -13 -14 -15
leaf_value=-0.014049985661595063 9.4087140416084575e-06 -3.5963621504880405e-05 -0.0068525981921894845 0.010541708578924171 -0.0016663843728137509 0.0062250213158217592 -0.009146518994206581 -0.02581293917678637 -0.0062138346820730045 -0.0089692188298829186 -0.00051063834195084123 0.026963110312267939 0.011415365793703827 0.0021765138304030342
leaf_weight=3514.0981130599976 313938.16428804398 8152.8432846069336 12038.483085632324 10549.24137878418 10444.309223175049 3714.8231506347656 9795.0724859237671 4750.935733795166 20295.835674285889 4026.961238861084 486103.92362833023 1959.9910659790039 5463.9288425445557 197695.47693538666
leaf_count=286 9847 85 133 80 96 14 128 72 564 109 9070 23 107 2905
internal_value=-8.21762e-05 -3.68433e-05 -0.00300378 0.000343348 0.00447237 -0.00718667 -0.00938514 -0.014618 0.000134532 -0.000569221 -0.000338731 0.00694713 0.00276556 0.000846831
internal_weight=1.09244e+06 1.08893e+06 59445.7 33032 20993.6 26413.7 22698.9 14546 1.02948e+06 517851 497555 11450.9 9490.89 511634
internal_count=23519 23233 608 309 176 299 285 200 22625 9873 9309 239 216 12752
is_linear=0
shrinkage=0.03


Tree=238
num_leaves=15
num_cat=0
split_feature=6 4 3 10 8 18 8 6 18 22 18 8 22 22
split_gain=463.595 1068.3 738.361 1834.47 763.977 723.064 687.143 633.049 558.499 517.967 466.167 626.064 438.25 515.948
threshold=101.65279260579521 470.02000000000004 10.500000000000002 5.5000000000000009 1.4010849241205376 7.900704225352114 48.672727272727279 99.072117997901671 3.9506903353057203 0.32426470588235301 7.1050925925925936 0.76308183754183168 0.59729729729729741 0.42640692640692646
decision_type=2 2 2 2 2 2 2 2 2 2 2 2 2 2
left_child=2 5 3 6 -4 10 7 -1 12 -9 11 -2 13 -3
right_child=1 8 4 -5 -6 -7 -8 9 -10 -11 -12 -13 -14 -15
leaf_value=0.00063447425075121048 0.00099822895300308084 -0.0043275670647989232 -0.0022012665463921489 0.022720630887872965 -0.017542517745884802 -0.01714761780297867 0.022149104153061455 0.0031252620878571935 -0.00012098953611079774 0.022315151669483241 0.0142242662023015 -0.021307280171621343 -0.01449435149263556 0.0072095552485049999
leaf_weight=427014.88035058975 3428.896059513092 28752.57687997818 18045.350150108337 3452.4969673156738 3467.7186012268066 5665.8604831695557 1336.2289147377014 3040.8869361877441 575704.0669760704 2158.2874326705933 1207.8756327629089 1669.7716217041016 3224.309983253479 3951.637788772583
leaf_count=14306 134 488 211 32 62 270 43 65 7324 35 33 83 101 82
internal_value=1.104e-05 -0.000521399 0.000735175 0.00100236 -0.00468814 -0.00938886 0.00082837 0.000761434 -0.000347521 0.0111464 -0.00238614 -0.00636135 -0.00397529 -0.00292999
internal_weight=1.08212e+06 623605 458516 437003 21513.1 11972.4 433550 432214 611633 5199.17 6306.54 5098.67 35928.5 32704.2
internal_count=23269 8515 14754 14481 273 520 14449 14406 7995 100 250 217 671 570
is_linear=0
shrinkage=0.03


Tree=239
num_leaves=15
num_cat=0
split_feature=20 17 17 20 16 17 13 6 6 6 0 17 20 17
split_gain=455.124 1003.34 850.605 1006.94 1084.05 790.793 1221.79 1283.43 912.222 1022.86 828.938 700.607 1160.25 600.975
threshold=0.004052448890406366 10.516666666666667 4.041666666666667 0.085777305174320764 0.67731361345719121 12.411538461538465 776.99000000000012 71.99054139260241 83.069749845099878 153.73668835040957 75.500000000000014 5.0312500000000009 0.0098787879365990535 9.3666666666666689
decision_type=2 2 2 2 2 2 2 2 2 2 2 2 2 2
left_child=1 -1 3 4 -2 6 7 -3 -9 -10 -11 12 -4 -13
right_child=2 5 11 -5 -6 -7 -8 8 9 10 -12 13 -14 -15
leaf_value=-0.002802892826642903 0.0058101411926440496 0.0014346383730396003 0.011303012188229067 0.00035908526013190227 0.024481325081304371 -0.00023089005634156556 -0.0059992108162428741 0.029082450373043769 -0.00061657590738883016 0.0065755290425475593 0.03014526163487586 0.0032729748409995917 -0.01366884631877977 0.0001499562559557384
leaf_weight=135522.71025133133 8427.0167231559753 14988.603232860565 2175.5736618041992 14043.084714889526 4183.8901147842407 382934.00519704819 7848.1454334259033 2911.8631458282471 4480.5144166946411 2616.2060146331787 2770.4381580352783 63423.455364704132 7070.7214598655701 440507.01976108551
leaf_count=4693 102 578 15 268 49 9760 89 29 111 46 39 865 147 6610
internal_value=4.44175e-05 -0.00055958 0.000664347 0.00588757 0.0120336 0.000166884 0.00444141 0.0073945 0.0143717 0.00998042 0.0187645 0.000392838 -0.00778147 0.000543126
internal_weight=1.0939e+06 554072 539831 26654 12610.9 418550 35615.8 27767.6 12779 9867.16 5386.64 513177 9246.3 503930
internal_count=23401 15345 8056 419 151 10652 892 803 225 196 85 7637 162 7475
is_linear=0
shrinkage=0.03


Tree=240
num_leaves=15
num_cat=0
split_feature=7 17 7 17 15 4 22 17 17 4 4 7 17 15
split_gain=492.668 473.903 717.614 535.381 454.233 881.564 687.381 1699.6 1191.39 1296.16 687.261 906.002 665.49 651.123
threshold=31.029411764705888 46.058823529411775 16.021739130434785 69.550000000000011 204.46000000000004 218.30000000000004 0.62019230769230782 11.514705882352944 9.0312500000000018 2130.0650000000001 114.07500000000002 166.16666666666671 13.804761904761907 67.875000000000014
decision_type=2 2 2 2 2 2 2 2 2 2 2 2 2 2
left_child=1 -1 3 -3 6 12 8 10 9 -2 13 -12 -6 -8
right_child=4 2 -4 -5 5 -7 7 -9 -10 -11 11 -13 -14 -15
leaf_value=0.00052667512766250003 -0.0037919594119824817 0.013626796314374285 -0.00036546357673640137 0.00020697502058297698 0.02924518127600511 3.775751241091862e-06 -0.00091250092759365066 -0.012612202153913111 9.5701318649511939e-06 -0.024742191584596802 -0.0072641035134474166 0.015669815600424689 -0.0010792276669321869 -0.036134444347827234
leaf_weight=338790.53628587723 56072.780756473541 9162.9449987411499 12463.33819103241 3776.4868116378784 1612.935359954834 414080.77820539474 1823.9975848197937 14769.5975689888 223944.03183984756 2771.1526379585266 2264.7958478927612 4828.1440930366516 1081.2057409286499 617.9618182182312
leaf_count=4353 2660 96 189 58 50 8366 147 724 6255 55 106 218 59 72
internal_value=-7.68123e-05 0.000823146 0.00477358 0.00971647 -0.000529611 0.000115478 -0.00140505 -0.0062444 -0.000988718 -0.00478665 0.0036251 0.00834712 0.0171572 -0.0100469
internal_weight=1.08806e+06 364193 25402.8 12939.4 723867 416775 307092 24304.5 282788 58843.9 9534.9 7092.94 2694.14 2441.96
internal_count=23408 4696 343 154 18712 8475 10237 1267 8970 2715 543 324 109 219
is_linear=0
shrinkage=0.03


Tree=241
num_leaves=15
num_cat=0
split_feature=17 5 5 20 16 15 15 5 6 17 1 1 1 16
split_gain=701.452 863.634 1187.62 1121.17 1008.62 610.204 1269.38 526.861 554.388 512.558 654.029 464.553 950.432 777.018
threshold=4.041666666666667 96.575000000000003 131.15250000000003 0.037241442894443304 0.97476114649681544 379.79500000000002 500.0800000000001 357.9308333333334 960.52648468648351 3.5241935483870974 189.50000000000003 313.00000000000006 374.00000000000006 0.19535762677098847
decision_type=2 2 2 2 2 2 2 2 2 2 2 2 2 2
left_child=1 3 9 -1 -5 -4 -7 -8 -9 10 -3 -2 13 -13
right_child=11 2 5 4 -6 6 7 8 -10 -11 -12 12 -14 -15
leaf_value=-0.0092687007958006089 0.00016933178125463162 0.01871483991523306 -0.00095167491342852413 -0.0074031405233864461 0.028702508341186189 0.019115399064859765 0.011322480014744684 -0.0025463315066814726 0.008000788793248198 0.027377468310650323 -0.0077058455909370981 -0.0017912686049590845 0.00077226411197838017 -0.0074592232880452605
leaf_weight=9415.8756942749023 813184.24207735062 2448.7061166763306 21255.501915931702 1262.0683884620667 1515.3627977371216 5215.3678026199341 5330.1596879959106 14269.294788360596 6517.4655895233154 2476.7918519973755 1266.8992013931274 81061.629914283752 95244.595731735229 29749.820656299591
leaf_count=751 17349 88 685 71 41 67 78 125 23 71 68 1553 1991 449
internal_value=4.77487e-05 0.00293105 0.00443818 -0.00432978 0.0123604 0.00297153 0.0056319 0.00292677 0.000765117 0.0168438 0.00971323 -0.00015308 -0.00142534 -0.00331403
internal_weight=1.09021e+06 70973.5 58780.2 12193.3 2777.43 52587.8 31332.3 26116.9 20786.8 6192.4 3715.61 1.01924e+06 206056 110811
internal_count=23410 2068 1205 863 112 978 293 226 148 227 156 21342 3993 2002
is_linear=0
shrinkage=0.03


Tree=242
num_leaves=15
num_cat=0
split_feature=21 1 1 17 17 7 10 18 18 17 13 18 18 17
split_gain=598.062 565.84 810.163 603.377 1119.6 803.529 807.702 692.675 947.823 641.658 628.701 612.46 725.793 862.028
threshold=1.0000000180025095e-35 282.50000000000006 296.50000000000006 4.041666666666667 5.0312500000000009 205.50000000000003 1.5000000000000002 6.9941860465116283 15.273863636363638 2.8137931034482762 33.050000000000004 145.15053763440864 96.189793244030298 5.9824561403508776
decision_type=2 2 2 2 2 2 2 2 2 2 2 2 2 2
left_child=-1 3 -3 5 7 6 -2 10 -9 -7 -5 12 13 -6
right_child=1 2 -4 4 11 9 -8 8 -10 -11 -12 -13 -14 -15
leaf_value=0.0020885430464474466 -0.0012279677145041064 -0.0081471296230921208 -0.00090869001932596333 0.020815092027879255 0.0090252729653882008 0.0035534704733680184 0.0067446575135780848 -0.026323415423569474 -0.0064041870051554208 0.025023579159270472 -0.012684948815691153 0.0072096795729666222 -0.012565235981872159 6.915190565920631e-05
leaf_weight=122511.86306476593 26573.835854530334 14700.374239444733 254981.86312198639 1271.8398947715759 9807.0456571578979 2399.171028137207 20050.072625160217 2753.0354814529419 9666.5319137573242 2619.5211458206177 809.82002449035645 11168.221357345581 4008.0396318435669 613725.32179260254
leaf_count=1818 1136 415 5010 57 161 124 234 159 177 97 40 49 42 13908
internal_value=0.000113156 -0.000135214 -0.00130383 0.000311933 6.50874e-05 0.00343297 0.00220199 -0.00817194 -0.0108549 0.0148147 0.00778601 0.000252351 0.000128307 0.000210301
internal_weight=1.09705e+06 974535 269682 704852 653210 51642.6 46623.9 14501.2 12419.6 5018.69 2081.66 638709 627540 623532
internal_count=23427 21609 5425 16184 14593 1591 1370 433 336 221 97 14160 14111 14069
is_linear=0
shrinkage=0.03


Tree=243
num_leaves=15
num_cat=0
split_feature=8 16 6 22 2 6 18 17 17 16 4 6 16 22
split_gain=799.396 1327.66 1741.25 1057.53 1494.19 950.679 741.343 716.004 778.41 1204.46 706.918 569.053 550.314 692.909
threshold=5.5906544435956205 0.9995232606733454 578.43010378887664 0.29198717948717956 3.5000000000000004 313.13840920803318 11.820550351288057 63.166666666666679 69.550000000000011 0.99907424121780364 765.71500000000003 324.6477016158633 0.25612314877724568 0.19803921568627456
decision_type=2 2 2 2 2 2 2 2 2 2 2 2 2 2
left_child=7 2 3 4 5 -2 -5 -1 9 10 -9 -6 -10 -14
right_child=1 -3 -4 6 11 -7 -8 8 12 -11 -12 -13 13 -15
leaf_value=-9.0234546060439952e-05 -0.0088913193833433726 0.023654132552558813 -0.037046638427147213 -0.0047980565778320229 -0.032710103605654919 0.014481592411074287 0.012050965744888318 0.017294768752011164 0.0063249416517637026 0.026294236593448633 -0.0012242094641340257 -0.0057837395219727953 0.001637770350927578 -0.01050880781363973
leaf_weight=1018856.0621886253 7017.8122820854187 1327.7421264648438 1594.4044723510742 5168.3735294342041 2862.3665547370911 1995.3567152023315 4278.3545422554016 2678.1919193267822 13288.867349624634 3116.4435844421387 5929.8531608581543 948.70687103271484 17138.652131080627 5588.7634029388428
leaf_count=21775 311 9 56 198 135 40 101 60 208 29 108 23 246 117
internal_value=-4.67543e-05 -0.00532653 -0.00695732 -0.00477188 -0.0103763 -0.00369636 0.00284208 7.80521e-05 0.00366806 0.0103752 0.00456427 -0.0260724 0.00148013 -0.00135574
internal_weight=1.09179e+06 25193.1 23865.4 22271 12824.2 9013.17 9446.73 1.0666e+06 47740.8 11724.5 8608.05 3811.07 36016.3 22727.4
internal_count=23416 873 864 808 509 351 299 22543 768 197 168 158 571 363
is_linear=0
shrinkage=0.03


Tree=244
num_leaves=15
num_cat=0
split_feature=8 19 22 21 16 19 7 4 17 19 17 22 16 0
split_gain=984.926 2072.92 1191.46 728.431 1027.63 890.204 757.631 641.492 701.798 610.711 1075.45 534.246 973.113 1634.89
threshold=5.5906544435956205 115.50000000000001 0.29893617021276603 1.0000000180025095e-35 -0.99754790679357142 33.500000000000007 166.16666666666671 1294.9400000000003 28.387500000000003 12.500000000000002 11.273291925465839 0.73611111111111127 -0.99076510899294934 188.50000000000003
decision_type=2 2 2 2 2 2 2 2 2 2 2 2 2 2
left_child=3 2 7 4 5 -1 -6 8 -2 -4 -11 -5 13 -13
right_child=1 -3 9 11 6 -7 -8 -9 -10 10 -12 12 -14 -15
leaf_value=0.027907689641013915 -0.0086941179430901783 -0.035242477406915246 0.016611654762642619 -0.00016912066401142113 0.0021542748306457114 0.0042063877716539211 -0.0082745203176659513 -0.019616817516412272 0.013517467408812262 -0.019528595785373717 0.0061489990264542759 0.021027479372206073 -0.0061959357794005411 -0.0017380642542715748
leaf_weight=2495.2696475982666 8158.9515323638916 1990.1244783401489 2596.2725009918213 891621.7539639473 103284.31494903564 3313.8015632629395 6655.0455884933472 3911.8494729995728 1499.3927597999573 1920.4604330062866 6009.0662722587585 3372.5676507949829 35530.265793323517 17386.68319606781
leaf_count=42 370 74 58 18320 1378 76 230 120 37 80 172 88 1520 830
internal_value=-0.000215047 -0.00597192 -0.0035272 -7.37509e-05 0.00217271 0.014448 0.00152159 -0.00939654 -0.00522511 0.00404321 -0.00010337 -0.000348104 -0.00318213 0.00197713
internal_weight=1.08975e+06 26086.1 24096 1.06366e+06 115748 5809.07 109939 13570.2 9658.34 10525.8 7929.53 947911 56289.5 20759.3
internal_count=23395 911 837 22484 1726 118 1608 527 407 310 252 20758 2438 918
is_linear=0
shrinkage=0.03


Tree=245
num_leaves=15
num_cat=0
split_feature=18 7 7 14 18 6 18 14 7 19 2 8 22 22
split_gain=398.017 547.305 713.346 668.709 484.33 605.308 1182.32 1071.88 896.911 1286.67 1519.71 1140.85 773.965 1270.29
threshold=285.73181818181826 37.67948717948719 72.071428571428584 1354.5250000000003 145.15053763440864 398.44090674655075 10.643650793650794 1188.6750000000004 76.071428571428584 90.500000000000014 30.500000000000004 1.4010849241205376 0.15301003344481609 0.38799283154121872
decision_type=2 2 2 2 2 2 2 2 2 2 2 2 2 2
left_child=4 -2 -3 -4 5 -1 7 -7 9 10 12 -11 -8 -14
right_child=1 2 3 -5 -6 6 8 -9 -10 11 -12 -13 13 -15
leaf_value=0.00040721240891605559 0.00059633075962052258 -0.027205721125774469 0.004439927881852236 -0.016724762699340014 0.0041805876127541854 0.0010664632021193277 -0.013094368004710146 -0.013754993842714157 0.0046243417314382673 -0.00095842701346888332 0.0089435918809326123 0.0096573042161569259 0.0021415487997674541 -0.01679871430115961
leaf_weight=881156.176466465 8277.9032440185547 1758.9132051467896 2919.6512203216553 2458.7105073928833 26761.131987571716 6761.3500900268555 17189.955067634583 12494.398620605469 24190.185331344604 74168.734210968018 5032.7443389892578 10366.69903755188 10253.284629821777 4601.8516416549683
leaf_count=21579 48 39 83 33 159 138 214 179 307 312 11 56 68 73
internal_value=0.000128064 -0.0046551 -0.0107304 -0.0052616 0.000196868 9.48901e-05 -0.00157227 -0.00855497 -0.000649038 -0.00169856 -0.00635628 0.000345371 -0.00876323 -0.0037405
internal_weight=1.08839e+06 15415.2 7137.27 5378.36 1.07298e+06 1.04622e+06 165059 19255.7 145803 121613 37077.8 84535.4 32045.1 14855.1
internal_count=23299 203 155 116 23096 22937 1358 317 1041 734 366 368 355 141
is_linear=0
shrinkage=0.03


Tree=246
num_leaves=15
num_cat=0
split_feature=0 1 1 5 14 6 7 6 14 5 17 1 18 5
split_gain=757.322 656.617 1365.88 495.073 515.597 485.098 458.956 788.803 1777.56 789.727 1029.43 1437.15 880.95 1361.6
threshold=409.50000000000006 374.00000000000006 351.50000000000006 285.86375000000004 582.16500000000008 636.04564973870117 63.100000000000009 398.44090674655075 2352.9850000000006 388.54500000000007 12.02777777777778 90.500000000000014 4.7618710134656279 96.575000000000003
decision_type=2 2 2 2 2 2 2 2 2 2 2 2 2 2
left_child=1 2 6 -4 -5 -3 7 9 -9 12 11 -11 -1 -14
right_child=-2 5 3 4 -6 -7 -8 8 -10 10 -12 -13 13 -15
leaf_value=0.0030126659507048246 -0.015027962653009919 0.0013886886537212773 -0.010500789549258127 0.0054407943219433189 -0.0048218176444938471 0.0070592375841070027 -0.00088411957492650196 -0.011187662032132527 -0.00029051633748384002 -0.010808970632389978 0.0014496408463791017 0.008894405668921598 -0.015766419202891378 -0.00042422594177847543
leaf_weight=72464.775050640106 3010.5546531677246 82652.017006397247 11686.655830860138 5080.1662096977234 32468.430166244507 16230.464993476868 332891.55596923828 15272.760310173035 113181.92540359497 3669.364387512207 139725.06002044678 34616.23966217041 5309.1937999725342 225601.03830051422
leaf_count=1668 328 1692 433 173 332 74 10620 280 504 84 1882 287 334 4674
internal_value=-5.1888e-05 -1.02819e-05 -0.000242682 -0.00511282 -0.00343117 0.00232069 1.17694e-05 0.000500818 -0.00158768 0.00105816 0.00264432 0.00700134 0.000127345 -0.000778316
internal_weight=1.09386e+06 1.09085e+06 991967 49235.3 37548.6 98882.5 942732 609840 128455 481386 178011 38285.6 303375 230910
internal_count=23365 23037 21271 938 505 1766 20333 9713 784 8929 2253 371 6676 5008
is_linear=0
shrinkage=0.03


Tree=247
num_leaves=15
num_cat=0
split_feature=18 18 5 18 4 19 18 19 2 1 5 5 8 22
split_gain=717.55 588.133 445.748 850.109 868.999 744.412 382.232 368.211 490.116 386.888 693.922 573.248 590.723 1048.24
threshold=658.72727272727286 145.15053763440864 664.12000000000012 285.73181818181826 1294.9400000000003 4.5000000000000009 192.3978494623656 651.00000000000011 73.500000000000014 220.50000000000003 172.53000000000003 1390.0250000000003 0.88320715311317077 0.097619047619047633
decision_type=2 2 2 2 2 2 2 2 2 2 2 2 2 2
left_child=1 7 3 5 -5 -3 -4 8 9 -1 -11 12 -12 -14
right_child=-2 2 6 4 -6 -7 -8 -9 -10 10 11 -13 13 -15
leaf_value=0.00042625587749292278 -0.012888338389768182 -0.033023825648658349 0.0087061503585356432 0.017507796327567476 -0.0066812639500058776 -0.00093262208255013581 0.0021222274934767841 0.0043523936939701994 -0.0070279598555813266 -0.0043704153001431429 -0.0014023790931314806 0.0050535107789931579 -0.0032420176341339322 0.0025764966072770942
leaf_weight=539187.40348625183 3869.6022815704346 1269.0206804275513 14798.078128814697 2380.6174902915955 2998.8073492050171 1315.8453578948975 17124.582326889038 16313.201530456543 9321.6206703186035 43216.5690574646 278682.84195947647 16747.980421066284 38340.229091644287 101850.4472618103
leaf_count=13139 65 57 43 65 23 24 101 37 23 2096 4991 105 894 1783
internal_value=-2.61004e-05 2.00707e-05 0.00359434 -0.00274967 0.00404859 -0.0168201 0.00517781 -0.000116598 -0.000187644 -0.000124874 -0.000745455 -0.000385651 -0.000603358 0.000984977
internal_weight=1.08742e+06 1.08355e+06 39887 7964.29 5379.42 2584.87 31922.7 1.04366e+06 1.02735e+06 1.01803e+06 478838 435621 418874 140191
internal_count=23446 23381 313 169 88 81 144 23068 23031 23008 9869 7773 7668 2677
is_linear=0
shrinkage=0.03


Tree=248
num_leaves=15
num_cat=0
split_feature=18 5 12 20 4 18 20 22 1 18 18 18 4 7
split_gain=377.248 583.571 527.484 450.395 792.579 833.72 664.561 975.762 1100.44 809.427 979.465 883.377 1181.71 690.016
threshold=658.72727272727286 3192.063333333334 7281.630000000001 0.016498647910523679 116.45000000000002 7.2980739360049709 0.051202451552119325 0.41801075268817212 171.50000000000003 37.806055646481191 12.366834875245305 8.6311047889995276 1378.8600000000004 29.055555555555561
decision_type=2 2 2 2 2 2 2 2 2 2 2 2 2 2
left_child=1 2 3 -1 5 -5 -6 13 -9 10 11 -10 -13 -8
right_child=-2 -3 -4 4 6 -7 7 8 9 -11 -12 12 -14 -15
leaf_value=-0.00030339964023343039 -0.0085264720291052965 0.0051800347715972115 -0.005170039114785926 -0.0024574786823256447 0.001877149579936808 0.032386522034027622 0.0014682973027593577 -0.013988088726472763 0.010152820905288896 -0.01222080902839587 0.017362418822977108 -0.02650895505507906 0.0060795954311882372 -0.0043596393371891596
leaf_weight=729502.07976436615 4541.9369840621948 20102.582898139954 17296.834747314453 1061.3416829109192 213003.70396709442 1450.8289022445679 26857.472603797913 2510.3737163543701 6139.6279907226562 1763.1668639183044 7324.4552083015442 1727.2746343612671 2332.4233169555664 57202.303589344025
leaf_count=17666 74 47 34 58 3009 45 344 88 184 44 112 87 43 1468
internal_value=8.25148e-05 0.000118601 2.32512e-05 0.000108827 0.00104452 0.0177625 0.000911703 -0.00103094 0.00462255 0.00705688 0.00900823 0.00298659 -0.0078478 -0.00249768
internal_weight=1.09282e+06 1.08827e+06 1.06817e+06 1.05088e+06 321373 2512.17 318861 105857 21797.3 19286.9 17523.8 10199.3 4059.7 84059.8
internal_count=23303 23229 23182 23148 5482 103 5379 2370 558 470 426 314 130 1812
is_linear=0
shrinkage=0.03


Tree=249
num_leaves=15
num_cat=0
split_feature=16 22 22 18 1 7 16 4 18 18 16 16 18 1
split_gain=445.736 1229.18 1066.78 1129.65 731.422 714.4 690.194 709.125 881.304 1170.36 683.471 979.646 1122.98 829.081
threshold=-0.22567310376690383 0.58712121212121227 0.16204051012753193 10.151923076923078 35.500000000000007 5.503731343283583 -0.99955337329175131 350.72500000000008 26.686274509803926 11.998666666666669 -0.99906536334271601 -0.99781370277386827 51.291208791208796 342.50000000000006
decision_type=2 2 2 2 2 2 2 2 2 2 2 2 2 2
left_child=2 4 10 5 -2 -4 -5 8 9 -8 13 12 -12 -1
right_child=1 -3 3 6 -6 -7 7 -9 -10 -11 11 -13 -14 -15
leaf_value=-0.022626758109104833 0.0039155959470113912 -0.0045245118352153718 0.022194240211210237 0.018764953336118738 -9.8484929577638173e-05 -0.00064270578119278497 -0.0044099761134189274 0.0037073280119186893 -0.0094765057912403246 0.024768589097090576 0.0025902845855947658 -0.0027442879505827321 0.02690376446796184 0.0069135242660128618
leaf_weight=2794.4071769714355 43052.888243675232 54909.211998462677 1239.6403141021729 3302.8091163635254 793175.976126194 57933.35081911087 1633.4899415969849 63221.834188461304 1278.0324511528015 5010.3640418052673 9941.9440603256226 51091.721626281738 2046.1732702255249 1217.082688331604
leaf_count=101 1107 1830 24 46 14455 1903 90 1005 81 171 324 2127 32 31
internal_value=0.00011039 -0.000177286 0.00138754 0.00293718 0.000108267 -0.000156948 0.00539589 0.00477014 0.0132213 0.0176029 -0.00169869 -0.000933016 0.00677809 -0.0136744
internal_weight=1.09185e+06 891138 200711 133620 836229 59173 74446.5 71143.7 7921.89 6643.85 67091.3 63079.8 11988.1 4011.49
internal_count=23327 17392 5935 3320 15562 1927 1393 1347 342 261 2615 2483 356 132
is_linear=0
shrinkage=0.03


Tree=250
num_leaves=15
num_cat=0
split_feature=17 22 17 1 0 11 4 17 5 18 1 5 18 18
split_gain=565.551 598.217 703.358 671.639 601.611 767.54 664.513 459.49 442.377 648.281 942.491 582.645 2130.63 1288.25
threshold=63.166666666666679 0.24885321100917435 67.050000000000011 286.50000000000006 111.50000000000001 3.5000000000000004 775.48000000000013 88.65000000000002 83.57350000000001 4.214737793851719 207.50000000000003 91.405000000000015 4.4369448340345965 1.6296422875370247
decision_type=2 2 2 2 2 2 2 2 2 2 2 2 2 2
left_child=8 2 -2 4 5 -4 -6 -3 9 10 -1 12 -10 -13
right_child=1 7 3 -5 6 -7 -8 -9 11 -11 -12 13 -14 -15
leaf_value=0.0092593851194119389 0.014930846159567638 0.0012694611921402648 0.0068220114383978599 0.015836588011330966 0.0038635057185754996 -0.0073305127322864615 -0.024958149192598877 -0.010818898121981417 0.030018965938133656 -0.010292461037441065 -0.017184235828624557 -0.014183629925302862 -0.0084959237928905439 4.109692237535421e-05
leaf_weight=4586.4046292304993 5991.8334989547729 13307.256447792053 14685.749254226685 3424.4674196243286 1369.7575492858887 4487.6058502197266 1486.8234062194824 3573.2994298934937 2472.7124652862549 8972.6008520126343 1626.9622364044189 5742.5233025550842 2671.0728116035461 1015218.9746203423
leaf_count=245 94 234 220 47 40 41 40 79 28 701 140 290 164 20938
internal_value=8.36468e-05 0.00325554 0.00569982 0.00351687 0.00158919 0.00350537 -0.0112071 -0.00129919 -6.36218e-05 -0.00514307 0.00230224 1.16508e-05 0.0100635 -3.91881e-05
internal_weight=1.08962e+06 48326.8 31446.2 25454.4 22029.9 19173.4 2856.58 16880.6 1.04129e+06 15186 6213.37 1.02611e+06 5143.79 1.02096e+06
internal_count=23301 795 482 388 341 261 80 313 22506 1086 385 21420 192 21228
is_linear=0
shrinkage=0.03


Tree=251
num_leaves=15
num_cat=0
split_feature=16 5 22 5 5 22 8 6 1 16 5 15 8 8
split_gain=488.724 1148.12 995.146 1127.34 1310.45 964.253 871.149 1171.2 939.798 769.607 732.982 645.513 627.885 709.173
threshold=-0.3007653743635566 465.46500000000009 0.54195804195804198 112.17000000000002 143.50350000000003 0.59729729729729741 8.3084158415841607 441.95588037721598 222.50000000000003 0.89237189853735222 475.31155219780231 2142.2650000000003 0.89195533561730755 2.7470707070707072
decision_type=2 2 2 2 2 2 2 2 2 2 2 2 2 2
left_child=1 2 -1 -4 -5 6 8 -8 -2 12 -3 -12 -10 -14
right_child=5 10 3 4 -6 -7 7 -9 9 -11 11 -13 13 -15
leaf_value=-0.0019959201445293 0.00087301916667527487 0.020125350408059867 -0.015582825579462521 0.0213283203118164 0.0032076840655206455 -0.0040925660827324326 -0.019550400079666217 0.012290186010148106 -0.0017302139471753824 -0.012076761421167188 0.0007938166653749803 0.0072275579513047467 0.0019155423606374066 -0.0067484819963899009
leaf_weight=86214.775965213776 488773.47279119492 2672.3499584197998 2419.2422003746033 4117.007887840271 27345.863008975983 57031.486697673798 4253.393970489502 1358.8087291717529 262150.53859424591 5678.170560836792 27353.93777179718 28817.621144294739 88593.638664245605 9385.4972243309021
leaf_count=3231 10528 34 212 153 1011 1903 199 20 3711 177 658 249 1175 195
internal_value=-3.5842e-05 0.00139823 -0.000283986 0.00407073 0.00559086 -0.000315639 -6.5136e-05 -0.011825 1.23682e-05 -0.00113757 0.00483046 0.00409591 -0.000964435 0.0010844
internal_weight=1.09617e+06 178941 120097 33882.1 31462.9 917225 860194 5612.2 854581 365808 58843.9 56171.6 360130 97979.1
internal_count=23456 5548 4607 1376 1164 17908 16005 219 15786 5258 941 907 5081 1370
is_linear=0
shrinkage=0.03


Tree=252
num_leaves=15
num_cat=0
split_feature=1 1 12 5 19 4 5 18 19 2 4 5 19 5
split_gain=532.715 805.445 659.244 778.061 667.351 561.112 520.225 516.408 863.03 686.143 544.633 473.833 784.981 623.494
threshold=222.50000000000003 232.50000000000003 382.86000000000007 195.77500000000003 402.50000000000006 316.96500000000009 247.6466666666667 13.985042576823401 598.50000000000011 55.500000000000007 114.07500000000002 1390.0250000000003 48.500000000000007 1304.0180000000003
decision_type=2 2 2 2 2 2 2 2 2 2 2 2 2 2
left_child=2 5 11 -4 -5 6 -2 8 9 10 -3 13 -13 -1
right_child=1 7 3 4 -6 -7 -8 -9 -10 -11 -12 12 -14 -15
leaf_value=2.7889174867972262e-05 -0.0021456000649932362 -0.015614423041803343 0.012266810986800733 0.0022318219951357079 -0.0079435643752566402 -0.0086580464357705004 0.026250660694122165 0.00063663645228340723 0.0086360917095805213 -0.017278149752130541 -0.0013239227114247587 -0.01532567591444264 -2.2063067610163757e-05 0.011757369410664022
leaf_weight=401118.55301856995 2138.8268442153931 2401.1502962112427 6679.5362453460693 140054.06539726257 6032.196662902832 17316.202847480774 775.69254970550537 207985.47099113464 7615.1465606689453 2465.5930480957031 280453.09247207642 4768.1223516464233 8153.2978668212891 4100.5545749664307
leaf_count=11455 129 277 78 1690 22 402 23 2630 21 15 6443 83 91 35
internal_value=-5.01406e-05 -0.000743626 0.000582911 0.00226936 0.00181063 -0.00660925 0.0055394 -0.000506476 -0.00131808 -0.00158434 -0.00144633 -3.3306e-05 -0.00568419 0.000147158
internal_weight=1.09206e+06 521151 570906 152766 146086 20230.7 2914.52 500920 292935 285320 282854 418141 12921.4 405219
internal_count=23394 9940 13454 1790 1712 554 152 9386 6756 6735 6720 11664 174 11490
is_linear=0
shrinkage=0.03


Tree=253
num_leaves=15
num_cat=0
split_feature=18 6 4 14 11 16 22 6 19 19 19 6 18 7
split_gain=1437.54 479.431 1407.38 1257.39 636.278 601.581 704.65 583.49 533.15 621.086 532.598 565.328 511.013 675.169
threshold=658.72727272727286 324.6477016158633 4537.7400000000007 1901.3000000000004 2.5000000000000004 0.51269332390466105 0.16575091575091577 434.17190376726256 100.50000000000001 166.50000000000003 121.50000000000001 578.43010378887664 5.6005617977528095 14.972972972972974
decision_type=2 2 2 2 2 2 2 2 2 2 2 2 2 2
left_child=1 -1 4 -4 12 6 -6 -7 -5 10 -10 -12 -3 -14
right_child=-2 2 3 8 5 7 -8 -9 9 -11 11 -13 13 -15
leaf_value=0.00040849774001272066 -0.017872219327620589 -0.015902344406292335 0.011479967555027445 0.0020616973302566709 -0.024882366582843575 5.9238730597239446e-06 -0.0081282300958503018 -0.0096038117064076479 -0.0008718445767734725 -0.00011447121513224703 -0.0031854990895858978 -0.015160804514266048 -0.015870770863808937 -0.0003262424428207084
leaf_weight=841780.18320703506 4015.3324303627014 2266.0482807159424 8756.6164569854736 60321.277885437012 3351.5554180145264 11196.147567749023 6951.0782032012939 11535.89804649353 12312.79508972168 76226.077922821045 6861.9483413696289 7355.8782196044922 2668.8182144165039 38867.336664199829
leaf_count=21295 72 62 103 285 61 141 95 163 62 292 41 44 67 668
internal_value=4.60512e-07 6.6599e-05 -0.00109071 0.000418573 -0.00446522 -0.00760767 -0.0136162 -0.00487491 -0.000176713 -0.00149087 -0.00544239 -0.00939376 -0.00209286 -0.00133218
internal_weight=1.09447e+06 1.09045e+06 248671 171835 76836.9 33034.7 10302.6 22732 163078 102757 26530.6 14217.8 43802.2 41536.2
internal_count=23451 23379 2084 827 1257 460 156 304 724 439 147 85 797 735
is_linear=0
shrinkage=0.03


Tree=254
num_leaves=15
num_cat=0
split_feature=17 17 14 18 18 18 18 9 14 13 0 8 17 18
split_gain=445.018 545.628 632.193 760.612 709.416 675.092 806.012 668.113 588.526 527.488 513.358 471.991 453.378 1128.85
threshold=121.25000000000001 46.058823529411775 3109.1200000000003 12.786866359447007 2.244531864673486 4.0139114619611496 6.6087996174079393 1.5000000000000002 274.09500000000008 214.56000000000003 115.50000000000001 0.45243482008187891 41.585714285714296 15.273863636363638
decision_type=2 2 2 2 2 2 2 2 2 2 2 2 2 2
left_child=1 12 3 4 7 -6 -7 8 9 -3 -8 -10 -1 -14
right_child=-2 2 -4 -5 5 6 10 -9 11 -11 -12 -13 13 -15
leaf_value=-0.00014889920023266836 -0.011425640548648931 0.0071882159619061801 -0.0035608113641003381 0.011124640615769102 -0.0031863875047004877 0.00759624482860156 0.0016237442714716725 0.026757071349340845 -0.013486450218137668 0.029098651226349952 -0.0092004412562998236 0.0066665159444511055 -0.0018633963418491668 -0.020582005861676102
leaf_weight=951772.11474227905 3080.8232326507568 4094.8926968574524 15519.386688232422 9264.6253604888916 23727.968287467957 19726.082130908966 19716.59317779541 1617.8794345855713 1886.5092821121216 1293.0640077590942 4908.1252584457397 2298.5148887634277 26729.665133953094 3233.1468992233276
leaf_count=20764 62 156 115 109 588 353 287 15 63 27 132 49 572 58
internal_value=-7.67826e-05 -4.43714e-05 0.0020211 0.00300016 0.00204804 0.000896229 0.00308091 0.00904091 0.00599725 0.0125347 -0.000539416 -0.0024389 -0.000263327 -0.00389562
internal_weight=1.08887e+06 1.08579e+06 104054 88534.3 79269.6 68078.8 44350.8 11190.9 9572.98 5387.96 24624.7 4185.02 981735 29962.8
internal_count=23350 23288 1894 1779 1670 1360 772 310 295 183 419 112 21394 630
is_linear=0
shrinkage=0.03


Tree=255
num_leaves=15
num_cat=0
split_feature=21 5 17 18 18 4 4 4 4 4 17 19 17 7
split_gain=833.686 795.756 940.037 725.256 952.627 653.109 979.42 588.42 977.788 712.137 698.485 536.395 690.483 434.353
threshold=1.0000000180025095e-35 261.80071428571438 6.0232558139534893 13.576122931442082 7.900704225352114 755.5200000000001 688.92500000000007 388.49500000000006 487.42500000000001 569.80500000000018 16.837719298245617 17.500000000000004 15.019230769230772 126.62500000000001
decision_type=2 2 2 2 2 2 2 2 2 2 2 2 2 2
left_child=1 2 -1 4 -4 6 7 10 -9 -10 -3 -7 -13 -2
right_child=13 5 3 -5 -6 11 -8 8 9 -11 -12 12 -14 -15
leaf_value=-0.0097865645568784316 -4.5409646940474002e-05 0.0041091656519220586 0.019827818891460479 0.02300350773761731 0.00041100747783042048 0.011603196791593263 -0.028226609097359481 0.022085057513733679 -0.017794026548670131 0.0046110562337201974 -0.023759022097682592 -0.0074143900952171595 0.0024874101971695955 -0.0018760284021373842
leaf_weight=2133.2041478157043 833453.90176725388 1358.4269728660583 3514.7815227508545 3633.6137318611145 6378.7167611122131 5200.9641551971436 1437.0114583969116 1765.8468322753906 1973.3428163528442 3535.3495616912842 1964.2191891670227 6866.2080898284912 79721.590449333191 135614.96108293533
leaf_count=109 15640 48 91 70 183 59 51 37 72 84 91 80 786 5944
internal_value=-1.00867e-05 0.0023541 0.00865355 0.0115717 0.00733514 0.00140243 -0.00516339 -0.00198867 0.00279179 -0.00345031 -0.012409 0.00226419 0.00170069 -0.000301626
internal_weight=1.08855e+06 119483 15660.3 13527.1 9893.5 103823 12034.2 10597.2 7274.54 5508.69 3322.65 91788.8 86587.8 969069
internal_count=23345 1761 453 344 274 1308 383 332 193 156 139 925 866 21584
is_linear=0
shrinkage=0.03


Tree=256
num_leaves=15
num_cat=0
split_feature=8 13 18 18 2 15 17 18 18 17 18 7 18 18
split_gain=556.191 571.747 1375.13 1312.52 818.541 790.506 379.674 409.92 1735.85 502.161 842.034 434.362 408.114 404.587
threshold=4.0054347826086962 6493.2300000000005 59.937304075235112 41.990853658536594 10.500000000000002 1170.8550000000002 2.025641025641026 7.768418201516794 7.0439613526570062 9.5131578947368443 17.157164948453612 36.683333333333344 9.0040983606557408 10.578630310716553
decision_type=2 2 2 2 2 2 2 2 2 2 2 2 2 2
left_child=-1 2 3 4 5 6 -2 8 11 13 12 -8 -11 -9
right_child=1 -3 -4 -5 -6 -7 7 9 -10 10 -12 -13 -14 -15
leaf_value=0.00017658895439864362 0.011088708402019575 0.013056247014993087 -0.025516460180435494 0.020397850948489032 -0.022426794711542727 0.0056654516454363721 -0.0035702796996420522 -0.0037554009423535848 0.028032975966296801 -0.023892235751583862 0.0081573817008430988 -0.020838708414264381 -0.0071133557852765521 -0.023644698058349133
leaf_weight=1050289.0335035324 1196.5335216522217 1818.0152893066406 2500.7453813552856 2084.3240003585815 2022.1567945480347 7581.8410129547119 7797.6081042289734 1315.9364967346191 1504.2871894836426 1689.8013486862183 2840.3148927688599 1559.1534914970398 5643.04234790802 3110.9068198204041
leaf_count=22101 40 3 77 36 48 153 298 62 24 75 49 88 184 158
internal_value=4.01622e-05 -0.00331681 -0.00405158 -0.00263916 -0.00397385 -0.00287157 -0.00530207 -0.00608044 -0.00166236 -0.00936032 -0.00567062 -0.0064861 -0.0110344 -0.0177758
internal_weight=1.09295e+06 42664.7 40846.7 38345.9 36261.6 34239.4 26657.6 25461.1 10861 14600 10173.2 9356.76 7332.84 4426.84
internal_count=23396 1295 1292 1215 1179 1131 978 938 410 528 308 386 259 220
is_linear=0
shrinkage=0.03


Tree=257
num_leaves=15
num_cat=0
split_feature=20 19 17 15 20 20 17 17 6 15 4 4 4 17
split_gain=350.821 542.554 933.557 1040.87 507.574 570.924 355.666 976.665 1315.3 582.629 464.513 2027.81 1074.59 1026.19
threshold=0.56153667736181456 27.500000000000004 1.9411764705882355 1259.2300000000002 0.44823873831313293 0.35683330213938591 1.5277777777777779 2.025641025641026 215.10376734147385 465.43500000000012 306.62000000000006 258.5750000000001 438.69500000000011 58.07500000000001
decision_type=2 2 2 2 2 2 2 2 2 2 2 2 2 2
left_child=4 2 -2 -4 5 6 -1 8 9 -8 11 -9 13 -12
right_child=1 -3 3 -5 -6 -7 7 10 -10 -11 12 -13 -14 -15
leaf_value=-0.0043338324429630839 0.01689816537617355 0.019560173304146701 -0.026603335360538889 0.0079651984021427234 -0.014271593717515197 0.013869708958718448 -0.001609934355144239 -0.00073968776563798579 0.026401676158193908 0.017395064944205191 -0.0047872569681689627 0.0080273926698856569 2.0581758444795617e-05 0.012611500767840376
leaf_weight=16855.831934452057 2074.4116334915161 2058.0982913970947 1516.3223662376404 1586.332971572876 2220.7254419326782 2652.7489757537842 6277.050929069519 83755.227660179138 2851.4421768188477 1867.4838523864746 62968.768156051636 33117.52556848526 867547.60678339005 3187.3738579750061
leaf_count=633 37 30 76 7 67 61 314 4501 8 29 2647 1142 13755 85
internal_value=3.59692e-05 0.0066109 0.00140756 -0.00899124 -8.06472e-06 2.14985e-05 -1.28223e-05 5.58678e-05 0.0089421 0.00277971 -3.73094e-05 0.00174554 -0.000260503 -0.00394543
internal_weight=1.09054e+06 7235.17 5177.07 3102.66 1.0833e+06 1.08108e+06 1.07843e+06 1.06157e+06 10996 8144.53 1.05058e+06 116873 933704 66156.1
internal_count=23392 150 120 83 23242 23175 23114 22481 351 343 22130 5643 16487 2732
is_linear=0
shrinkage=0.03


Tree=258
num_leaves=15
num_cat=0
split_feature=0 8 20 1 6 16 0 14 16 16 14 1 16 16
split_gain=449.483 339.175 886.006 877.112 823.053 606.638 689.272 1227.02 423.42 831.191 459.397 433.823 444.54 1192.04
threshold=437.50000000000006 0.06859943977591039 0.56153667736181456 44.500000000000007 102.29862167865515 0.99930777800205284 10.500000000000002 2234.9900000000002 0.99862399207002583 0.99851889148351802 832.17500000000018 2.5000000000000004 0.99673570632776787 0.99632467788908885
decision_type=2 2 2 2 2 2 2 2 2 2 2 2 2 2
left_child=1 5 3 4 -3 8 -7 -8 9 11 -10 -1 13 -13
right_child=-2 2 -4 -5 -6 6 7 -9 10 -11 -12 12 -14 -15
leaf_value=0.0087918343991231669 -0.012930062141446222 0.015581487608462849 0.014672681302926911 0.0001641461279941842 0.0012041805648786638 -0.0017038215217498199 -0.0044515298532844805 -0.031220530000234385 0.01032059845832627 -0.013864276299424712 0.0010216116944742784 -0.00075615633320765224 -0.003124871023312035 0.0081621099824597809
leaf_weight=4321.974217414856 2389.8888864517212 6443.9232206344604 3861.1203451156616 762950.95332241058 8050.2431573867798 12269.051965713501 4538.4360637664795 2319.9341239929199 6091.1511631011963 4310.1899299621582 22000.284307479858 185715.13569688797 56326.475375175476 14525.121730804443
leaf_count=127 266 135 46 12712 129 126 74 47 111 116 400 6777 1856 432
internal_value=1.19337e-05 4.0449e-05 0.000374518 0.000303132 0.00760881 -0.000794974 -0.00596865 -0.0135709 -0.00045718 -0.000828231 0.00304385 -0.000611813 -0.000770895 -0.000108488
internal_weight=1.09611e+06 1.09372e+06 781306 777445 14494.2 312418 19127.4 6858.37 293290 265199 28091.4 260889 256567 200240
internal_count=23354 23088 13022 12976 264 10066 247 121 9819 9308 511 9192 9065 7209
is_linear=0
shrinkage=0.03


Tree=259
num_leaves=15
num_cat=0
split_feature=8 4 18 7 1 6 13 4 17 17 1 18 17 17
split_gain=314.53 1396.77 669.511 452.396 601.906 479.476 682.262 585.854 754.741 715.213 590.324 567.417 1134.35 955.495
threshold=8.3084158415841607 2503.2900000000004 4.8831119544592037 21.029411764705888 23.500000000000004 126.61192818742202 2267.0850000000005 1562.5600000000002 3.8452380952380958 3.0306122448979598 538.50000000000011 37.806055646481191 8.6733333333333338 12.510869565217392
decision_type=2 2 2 2 2 2 2 2 2 2 2 2 2 2
left_child=3 2 -2 -1 -5 6 -6 8 -7 -9 11 12 -10 -14
right_child=1 -3 -4 4 5 7 -8 9 10 -11 -12 -13 13 -15
leaf_value=0.0012393779107872681 -0.015537172803544184 -0.030356113167297194 0.0018221097632387323 -0.013729436760303774 0.00051705048904698565 -0.018699278616952392 -0.020313685866959873 0.0076073560529621781 -0.015003097891804262 -0.00058161709448407723 0.015746568119965925 0.010197800779460749 0.0042161900929988099 -0.0037733549302142364
leaf_weight=221208.66920042038 2396.2348866462708 1630.5542221069336 11578.586245536804 2965.6591529846191 439705.77958917618 2641.5157241821289 1399.6694984436035 9901.1755142211914 6786.2088809013367 295453.87501239777 1549.3185448646545 2914.2164039611816 16509.451858043671 72856.835600376129
leaf_count=2326 131 58 391 106 14192 76 21 79 229 3468 45 59 378 1812
internal_value=-3.09514e-05 -0.00425666 -0.0011724 3.05331e-05 -0.000283095 -0.000235843 0.000450035 -0.000976247 -0.00292946 -0.000315608 -0.00251182 -0.00280048 -0.00319648 -0.00229676
internal_weight=1.0895e+06 15605.4 13974.8 1.07389e+06 852684 849718 441105 408613 103258 305355 100616 99066.7 96152.5 89366.3
internal_count=23371 580 522 22791 20465 20359 14213 6146 2599 3547 2523 2478 2419 2190
is_linear=0
shrinkage=0.03


Tree=260
num_leaves=15
num_cat=0
split_feature=8 12 6 16 6 18 6 18 8 14 14 8 18 12
split_gain=530.139 627.394 751.604 1368.83 892.27 405.488 595.06 1797.99 922.156 876.078 770.139 744.026 793.943 672.479
threshold=3.5563492063492066 153.06000000000003 524.58137510288714 -0.99934732030273909 434.17190376726256 145.15053763440864 398.44090674655075 10.643650793650794 0.33586910409194343 820.57000000000016 467.81500000000005 0.87155378269836115 48.516483516483525 5279.8700000000017
decision_type=2 2 2 2 2 2 2 2 2 2 2 2 2 2
left_child=5 2 4 -4 -2 6 11 8 -8 10 -9 13 -13 -1
right_child=1 -3 3 -5 -6 -7 7 9 -10 -11 -12 12 -14 -15
leaf_value=-9.4241105559411765e-05 -0.0033406551273226308 0.016455169902107679 0.0050220650527948753 -0.027368512743281816 0.014415741224914213 0.003061844540655701 -0.0020678131077738419 -0.0015278082621022141 -0.016165785118078837 -0.0010394479805686517 0.01927524677504586 0.0015727641705704516 0.011927900136249456 -0.016997911204597708
leaf_weight=630000.20919084549 43069.369816303253 1440.7493867874146 1926.6816358566284 2965.2213745117188 2687.3866100311279 41817.882457256317 6835.1135635375977 2828.7378273010254 10739.066909790039 130666.74304008484 3663.749397277832 201773.07209157944 6872.0795154571533 2105.3090744018555
leaf_count=16194 1378 19 41 66 42 346 100 57 184 843 38 4051 84 9
internal_value=2.02713e-05 -0.0029324 -0.00349017 -0.0146429 -0.00229194 0.000168597 4.69996e-05 -0.0016626 -0.0106913 -0.000504371 0.0102346 0.00036167 0.00191494 -0.000151077
internal_weight=1.08939e+06 52089.4 50648.7 4891.9 45756.8 1.0373e+06 995484 154733 17574.2 137159 6492.49 840751 208645 632106
internal_count=23452 1546 1527 107 1420 21906 21560 1222 284 938 95 20338 4135 16203
is_linear=0
shrinkage=0.03


Tree=261
num_leaves=15
num_cat=0
split_feature=18 5 7 18 15 0 16 5 19 20 5 7 21 18
split_gain=494.893 671.544 1302.8 824.281 1113.34 888.008 600.87 495.208 1491.44 1042.73 744.886 696.573 669.454 558.97
threshold=145.15053763440864 523.74750000000006 80.125000000000014 285.73181818181826 1508.2600000000002 14.500000000000002 0.11510423148591187 1211.3941666666669 45.500000000000007 0.013201712805430659 1629.3950000000002 34.732142857142868 1.0000000180025095e-35 20.800419985202598
decision_type=2 2 2 2 2 2 2 2 2 2 2 2 2 2
left_child=7 2 -2 -3 5 -5 -4 13 12 11 -11 -10 -9 -1
right_child=1 3 6 4 -6 -7 -8 8 9 10 -12 -13 -14 -15
leaf_value=-0.00018228053332474756 -0.026521633325862805 0.0080266121458301004 0.020255606937835052 0.015665151250114209 -0.0089384862755470511 -0.0031773490316507908 -0.0089752846316442318 -0.0025554965075676684 -0.0021586222595087841 -0.013048874836085873 -0.0011882816515882497 0.006644594195738201 -0.021483262929232447 0.0017345797725491624
leaf_weight=823165.52912998199 1897.3626089096069 23572.20835018158 1303.918478012085 4620.256420135498 7812.6099500656128 4360.9264168739319 1195.9892120361328 2537.8831281661987 15522.751996040344 8447.199951171875 10911.356782913208 16856.531145095825 5000.2951822280884 164210.00443792343
leaf_count=19803 66 97 36 20 43 69 51 40 80 52 45 157 106 2725
internal_value=0.000108771 0.00319708 -0.00791182 0.00441055 -0.000668564 0.00652921 0.00631091 -2.33692e-05 -0.00268617 -0.000867312 -0.00637183 0.00242557 -0.0151345 0.00013654
internal_weight=1.09141e+06 44763.3 4397.27 40366 16793.8 8981.18 2499.91 1.04665e+06 59276 51737.8 19358.6 32379.3 7538.18 987376
internal_count=23390 382 153 229 132 89 87 23008 480 334 97 237 146 22528
is_linear=0
shrinkage=0.03


Tree=262
num_leaves=15
num_cat=0
split_feature=18 17 17 19 22 15 22 7 14 15 14 18 22 19
split_gain=663.665 485.188 899.268 821.337 615.723 715.56 453.726 452.16 1756.65 651.495 538.731 575.786 553.37 411.932
threshold=658.72727272727286 63.166666666666679 61.125000000000007 189.50000000000003 0.24885321100917435 947.20000000000016 0.13944444444444448 119.12500000000001 706.1500000000002 278.83500000000009 1088.7650000000003 10.151923076923078 0.32426470588235301 1052.5000000000002
decision_type=2 2 2 2 2 2 2 2 2 2 2 2 2 2
left_child=1 2 13 7 -5 -6 -4 10 9 -9 12 -12 -3 -1
right_child=-2 3 6 4 5 -7 -8 8 -10 -11 11 -13 -14 -15
leaf_value=-2.7179953280433797e-05 -0.013202444663064181 0.007436144804703549 -0.027062742521780928 0.002725403896768056 -0.0192630506293806 -0.00092017576480668941 -0.0040989377316859891 0.019725935436319928 -0.028656316673106766 -0.00066034236573991531 0.018573856908935458 0.0045714458310973458 -0.010210213627392389 0.0063957500312238329
leaf_weight=1025381.836006403 3357.3255372047424 6711.2839832305908 1607.2432699203491 12494.393907546997 3064.2258253097534 5050.5107479095459 1493.4284954071045 2343.253625869751 1497.7011642456055 3497.6682062149048 6858.5791187286377 4319.1001281738281 2078.9759187698364 9046.1849822998047
leaf_count=22453 61 139 55 136 71 58 36 60 35 89 76 47 67 17
internal_value=7.56215e-05 0.000116934 -1.93981e-05 0.00306773 -0.00145283 -0.007877 -0.0160995 0.0064781 0.000109096 0.0075576 0.00881639 0.0131811 0.00324892 2.91118e-05
internal_weight=1.0888e+06 1.08544e+06 1.03753e+06 47915.7 20609.1 8114.74 3100.67 27306.6 7338.62 5840.92 19967.9 11177.7 8790.26 1.03443e+06
internal_count=23400 23339 22561 778 265 129 91 513 184 149 329 123 206 22470
is_linear=0
shrinkage=0.03


Tree=263
num_leaves=15
num_cat=0
split_feature=19 19 17 19 18 5 1 4 10 17 22 20 5 18
split_gain=486.854 446.327 590.382 641.568 560.922 1137.76 987.515 1128.18 543.532 389.287 745.133 386.255 1373.91 840.825
threshold=1052.5000000000002 345.50000000000006 63.166666666666679 66.500000000000014 15.529923273657291 236.13175000000004 372.50000000000006 7331.005000000001 29.500000000000004 61.125000000000007 0.24885321100917435 0.10003883546728169 1155.2500000000002 145.15053763440864
decision_type=2 2 2 2 2 2 2 2 2 2 2 2 2 2
left_child=1 2 8 -4 5 -3 7 -7 9 11 -11 13 -13 -1
right_child=-2 4 3 -5 -6 6 -8 -9 -10 10 -12 12 -14 -15
leaf_value=-4.9772195235585101e-05 0.0064414052670215627 0.0065058445030245268 0.01725430653847659 0.0025543528053991616 -7.0959616616078235e-05 -0.0080521953787160358 -0.00019966054592449812 -0.029566676837862949 -0.014536808086160351 -0.024525289729166573 0.0028502355040795286 -0.00094416097681750599 -0.017365452146933455 0.004973760725930477
leaf_weight=902008.26883292198 10408.555541992188 4218.0637588500977 2857.3460626602173 37677.297524452209 23538.339828491211 5253.294734954834 4751.6277809143066 3773.1708450317383 2319.6954803466797 1656.3205604553223 1911.608962059021 47940.751968860626 5050.8174433708191 30997.915936470032
leaf_count=20602 21 33 50 676 42 60 49 40 6 53 39 1286 57 314
internal_value=-9.34196e-06 -7.19801e-05 5.07153e-05 0.00359857 -0.00312037 -0.00710438 -0.0112744 -0.017091 -9.4342e-05 -6.01935e-05 -0.00992403 -2.42997e-05 -0.00251529 0.000117231
internal_weight=1.08436e+06 1.07395e+06 1.03242e+06 40534.6 41534.5 17996.2 13778.1 9026.47 991885 989566 3567.93 985998 52991.6 933006
internal_count=23328 23307 23083 726 224 182 149 100 22357 22351 92 22259 1343 20916
is_linear=0
shrinkage=0.03


Tree=264
num_leaves=15
num_cat=0
split_feature=8 22 19 18 5 6 6 19 19 20 16 6 7 19
split_gain=407.093 528.609 774.617 928.223 698.622 655.789 1822.24 848.681 973.657 857.623 723.011 590.038 562.999 451.816
threshold=3.5563492063492066 0.85164835164835173 14.500000000000002 9.3510869565217405 141.73928571428576 524.58137510288714 1213.5252770697982 108.50000000000001 62.500000000000007 0.015602940400173642 0.99839770551172558 153.73668835040957 18.016666666666669 43.500000000000007
decision_type=2 2 2 2 2 2 2 2 2 2 2 2 2 2
left_child=-1 4 -3 -4 -2 7 -7 8 10 11 13 -10 -12 -6
right_child=1 2 3 -5 5 6 -8 -9 9 -11 12 -13 -14 -15
leaf_value=0.00019492952049128542 -0.015422540966063207 0.021033248517165579 0.011436956279069443 -0.015740891789403934 0.0029903612624295269 -0.033246562471364087 0.0054345466958230382 -0.01303391407154863 0.0039732568111204231 -0.0046537794724609317 -0.022845930154237391 0.024108540698948886 -0.0016673448522209679 -0.0074252378237126193
leaf_weight=1030874.8638491631 4140.1772117614746 1970.5037260055542 2368.5182008743286 2128.4316673278809 13507.522190570831 2122.3269577026367 2234.6144399642944 4699.4447679519653 2161.2523665428162 2588.9646797180176 2466.7714557647705 3340.9406080245972 2076.2549915313721 5165.0211915969849
leaf_count=21721 262 40 71 76 422 65 21 125 56 57 68 46 45 168
internal_value=6.55064e-05 -0.00255111 0.00545143 -0.00143921 -0.003716 -0.00250818 -0.0134734 -0.00117459 0.000612796 0.00956121 -0.00251148 0.0162425 -0.0132166 0.000104435
internal_weight=1.08185e+06 50970.7 6467.45 4496.95 44503.3 40363.1 4356.94 36006.2 31306.7 8091.16 23215.6 5502.19 4543.03 18672.5
internal_count=23243 1522 187 147 1335 1073 86 987 862 159 703 102 113 590
is_linear=0
shrinkage=0.03


Tree=265
num_leaves=15
num_cat=0
split_feature=20 20 1 7 17 20 17 17 20 1 22 8 6 1
split_gain=424.56 704.445 1018.3 869.613 668.689 718.555 893.026 506.48 499.071 451.597 417.932 591.551 443.499 384.579
threshold=0.12145902899892923 0.2003687955696882 119.50000000000001 84.125000000000014 14.35416666666667 0.39988377552601978 6.3446327683615822 6.7638888888888902 0.39988377552601978 213.50000000000003 1.0000000180025095e-35 0.44619520264681561 166.35974322710334 251.50000000000003
decision_type=2 2 2 2 2 2 2 2 2 2 2 2 2 2
left_child=13 3 8 10 5 6 -4 -7 -3 -6 11 -2 -13 -1
right_child=1 2 4 -5 9 7 -8 -9 -10 -11 -12 12 -14 -15
leaf_value=0.00065823499730046948 0.016862716319738447 -0.0026175958840272615 0.0011267798142539508 -0.018650778352817997 0.021070390351318385 0.0013384726580574066 -0.021100811957761041 0.01946738038844675 -0.023897185896289162 0.0032990051101229384 -0.0072595003918736484 0.0073992152113028301 -0.014561660723416558 -0.00053145394366706385
leaf_weight=653369.43681907654 1840.7097520828247 2031.659818649292 4960.9356284141541 4472.3727288246155 2755.2285251617432 3906.4236841201782 2399.0937280654907 2133.2478704452515 1928.6182861328125 2415.9574251174927 9567.2044591903687 1540.0782284736633 1746.2512292861938 390800.83032131195
leaf_count=14879 45 68 76 212 49 91 104 42 70 66 152 46 43 7342
internal_value=9.44038e-05 -0.00287332 0.000723491 -0.00709787 0.00367129 0.000129741 -0.00615613 0.00778483 -0.0130486 0.0128124 -0.00356103 0.00334181 -0.00428759 0.000212969
internal_weight=1.08587e+06 41697.8 22531.2 19166.6 18570.9 13399.7 7360.03 6039.67 3960.28 5171.19 14694.2 5127.04 3286.33 1.04417e+06
internal_count=23285 1064 566 498 428 313 180 133 138 115 286 134 89 22221
is_linear=0
shrinkage=0.03


Tree=266
num_leaves=15
num_cat=0
split_feature=8 8 22 3 19 17 2 15 7 7 7 7 17 3
split_gain=453.64 468.678 444.264 828.255 1583.92 816.718 666.639 530.368 449.499 739.221 578.926 554.854 509.796 430.035
threshold=0.06859943977591039 3.5563492063492066 0.23904761904761906 3.5000000000000004 60.500000000000007 11.815340909090912 3.5000000000000004 5328.5250000000005 37.050000000000004 50.071428571428577 33.677083333333336 29.055555555555561 17.679487179487186 49.500000000000007
decision_type=2 2 2 2 2 2 2 2 2 2 2 2 2 2
left_child=13 -2 3 6 -5 -6 -3 8 10 -10 11 -4 -11 -1
right_child=1 2 7 4 5 -7 -8 -9 9 12 -12 -13 -14 -15
leaf_value=-0.0011439323736307583 0.00057968437365566838 -0.0027938182614510713 0.0025791356915512106 -0.029690029210959687 0.01296773033175376 -0.0099762428859437348 0.017408739315173265 0.015629954646488076 -0.01849713960024299 0.013086749143070009 0.019172772674965064 -0.015538930101293131 -0.01239553387138413 0.0062209256960325914
leaf_weight=305091.58620357513 723898.59626436234 18018.93651008606 11064.812371253967 3054.7718849182129 1878.4889755249023 5266.8985557556152 1580.50856590271 1968.8682498931885 2845.3481760025024 1754.0455012321472 1591.316418170929 1743.217068195343 1155.0243315696716 7286.6203079223633
leaf_count=10341 11528 631 284 121 16 122 33 20 120 54 34 61 47 16
internal_value=-6.48497e-06 0.000382187 -0.00237048 -0.00476026 -0.0116842 -0.00392502 -0.00114859 0.000849978 -0.000607977 -0.00768031 0.00222508 9.28224e-05 0.00295365 -0.00097175
internal_weight=1.0882e+06 775821 51922.2 29799.6 10200.2 7145.39 19599.4 22122.6 20153.8 5754.42 14399.3 12808 2909.07 312378
internal_count=23428 13071 1543 923 259 138 664 620 600 221 379 345 101 10357
is_linear=0
shrinkage=0.03


Tree=267
num_leaves=15
num_cat=0
split_feature=16 16 8 18 3 19 14 11 6 18 8 0 16 16
split_gain=619.624 566.951 440.666 490.979 641.119 928.734 573.649 857.575 741.276 1034.66 756.743 695.251 575.954 533.917
threshold=-0.99918340678092432 -0.99877562014380605 0.62803291075476464 17.157164948453612 9.5000000000000018 138.50000000000003 91.25500000000001 1.5000000000000002 391.41849175475357 10.834421235857269 8.3084158415841607 139.50000000000003 -0.98702388134542118 -0.2706596651676309
decision_type=2 2 2 2 2 2 2 2 2 2 2 2 2 2
left_child=-1 -2 -3 4 6 -6 12 13 10 -10 11 -9 -4 -8
right_child=1 2 3 -5 5 -7 7 8 9 -11 -12 -13 -14 -15
leaf_value=0.0068343414644423013 -0.0072195289350227183 -0.00027723151510090807 -0.0017356028827490541 0.0025540560680376539 -0.0099189736706978213 -0.00020959979259133814 0.0014244801629234463 0.0010095834150598256 -0.015258797320828962 0.001292978740776417 -0.015329620926837324 0.017075635271973234 -0.015660769460509746 0.0081387408999528069
leaf_weight=12478.899478912354 9379.3984260559082 686813.63764381409 18213.183094501495 122933.71114683151 12666.100185394287 29451.249907493591 19261.056486129761 142826.42088317871 6257.4110622406006 7406.448694229126 2490.7196416854858 2446.1687965393066 3114.4634404182434 23875.289351463318
leaf_count=258 282 15923 796 1417 162 263 476 2729 108 82 101 55 223 608
internal_value=0.000192823 0.000116463 0.000180439 0.000984455 0.000264353 -0.00313286 0.000897983 0.00138622 0.000381889 -0.00629819 0.00100037 0.00128242 -0.00378185 0.00514277
internal_weight=1.09961e+06 1.08714e+06 1.07776e+06 390942 268009 42117.4 225891 204564 161427 13663.9 147763 145273 21327.6 43136.3
internal_count=23483 23225 22943 7020 5603 425 5178 4159 3075 190 2885 2784 1019 1084
is_linear=0
shrinkage=0.03


Tree=268
num_leaves=15
num_cat=0
split_feature=1 1 8 1 22 1 9 7 1 20 20 13 14 1
split_gain=333.067 1893.85 878.164 578.35 485.844 2914.72 1421.05 1285.74 1036.25 1162.15 1026.39 905.437 1260.28 868.085
threshold=374.00000000000006 351.50000000000006 5.8620507399577173 441.50000000000006 0.16204051012753193 171.50000000000003 1.0000000180025095e-35 47.809090909090919 152.50000000000003 0.39988377552601978 0.15856846176662934 1407.8650000000002 3255.7500000000005 190.50000000000003
decision_type=2 2 2 2 2 2 2 2 2 2 2 2 2 2
left_child=1 4 -2 -4 8 7 -7 -6 10 11 -1 12 -10 -8
right_child=2 -3 3 -5 5 6 13 -9 9 -11 -12 -13 -14 -15
leaf_value=0.0012940075139552744 0.0020397630826478816 -0.0059284540726226975 0.0038014732693629296 -0.027266085749571987 -0.0030989505829654455 0.003986915212131458 0.0047971917134859302 -0.01436687121313541 -0.0025950970901979105 0.013938139459820207 -0.010859514440514306 0.00054994657451429773 -0.01709492886061283 -0.00086312692168249864
leaf_weight=246497.61646270752 102578.63060760498 48588.464092731476 821.74753522872925 1524.6735110282898 40058.380460739136 163050.42786455154 29301.133056640625 11785.010730266571 193729.17801475525 4238.4130797386169 6396.7990236282349 95779.433784484863 5530.3323287963867 144830.10356235504
leaf_count=6463 2020 930 41 101 1164 3849 314 419 5427 67 217 506 63 1840
internal_value=1.62948e-05 -0.000154092 0.00162332 -0.0164456 0.000144124 0.000956139 0.00197444 -0.00566492 -0.000427984 -0.00162261 0.000985758 -0.00184707 -0.00299921 8.97787e-05
internal_weight=1.09471e+06 989785 104925 2346.42 941197 389025 337182 51843.4 552172 299277 252894 295039 199260 174131
internal_count=23421 21259 2162 142 20329 7586 6003 1583 12743 6063 6680 5996 5490 2154
is_linear=0
shrinkage=0.03


Tree=269
num_leaves=15
num_cat=0
split_feature=19 10 19 19 7 16 6 20 6 17 17 20 16 15
split_gain=380.778 347.444 322.398 406.665 406.464 727.37 722.987 720.424 663.54 503.905 701.41 623.918 937.884 858.123
threshold=1052.5000000000002 33.500000000000007 402.50000000000006 598.50000000000011 17.025000000000002 0.99982985934427715 1213.5252770697982 0.024902804371334211 1071.7076944637413 46.555555555555564 69.550000000000011 0.0050949126120376593 -0.3347871712245285 444.98500000000007
decision_type=2 2 2 2 2 2 2 2 2 2 2 2 2 2
left_child=1 2 4 -4 9 6 8 -8 -6 11 -11 13 -13 -1
right_child=-2 -3 3 -5 5 -7 7 -9 -10 10 -12 12 -14 -15
leaf_value=0.00041341849460857798 0.0055799569515630684 -0.011075932791312731 -0.0060414167131075747 0.0011689942432590577 -0.00011136019456230955 -0.0096022641442009681 -0.0096472541557168622 0.0016524550259748622 0.0096994468357986582 0.013003953270594082 -0.0048138168262797645 0.011658900603785329 0.0014476778723975907 -0.0092303699047447344
leaf_weight=37687.47186756134 10575.796752929688 2585.9651031494141 17856.20422744751 11603.840026855469 870809.26055049896 7408.5202083587646 13987.340648651123 7957.7628002166748 6228.9276332855225 7087.581467628479 2748.586109161377 9097.45729637146 72295.891805171967 10630.509469032288
leaf_count=1066 21 7 117 28 20994 61 84 32 32 96 51 86 488 148
internal_value=-7.93912e-05 -0.000135016 -0.000108501 -0.00320248 -2.12962e-05 -0.000253356 -0.0001761 -0.00555196 -4.1462e-05 0.0014858 0.00802535 0.000988739 0.00259159 -0.00171127
internal_weight=1.08856e+06 1.07799e+06 1.0754e+06 29460 1.04594e+06 906392 898983 21945.1 877038 139547 9836.17 129711 81393.3 48318
internal_count=23311 23290 23283 145 23138 21203 21142 116 21026 1935 147 1788 574 1214
is_linear=0
shrinkage=0.03


Tree=270
num_leaves=15
num_cat=0
split_feature=20 4 20 17 8 20 6 18 17 13 14 20 20 17
split_gain=573.186 713.953 711.373 603.035 975.624 673.443 676.006 594.656 594.108 1044.29 1092.96 574.93 577.91 546.396
threshold=0.084341099394573946 128.37000000000003 0.082226656747898086 8.3484848484848495 1.0000000180025095e-35 0.39988377552601978 375.26363973326221 145.15053763440864 1.9411764705882355 656.02500000000009 567.47000000000014 0.267953767331437 0.21799143390732703 63.166666666666679
decision_type=2 2 2 2 2 2 2 2 2 2 2 2 2 2
left_child=2 -2 7 -3 11 6 -6 13 9 10 -9 12 -5 -1
right_child=1 3 -4 4 5 -7 -8 8 -10 -11 -12 -13 -14 -15
leaf_value=-9.9980696984769299e-05 0.013279038506208606 -0.0073446852701838858 0.016526375145813493 -0.0092514297170213713 -0.0020642370976357658 0.016771942082675406 0.0099460621916796464 -0.014159052707279381 0.0057704201301154463 -0.025192710486991312 0.01648865480890915 -0.024645651080371315 0.01511298152363256 0.0032127480070338272
leaf_weight=940682.48280310631 2400.0078611373901 21738.511112213135 2385.8786735534668 6319.457471370697 22652.563416004181 2367.8734226226807 5161.7686681747437 1837.947539806366 29275.942279815674 1599.5812454223633 2381.1784152984619 1829.4444541931152 998.26537179946899 47031.671369552612
leaf_count=20572 104 475 34 283 528 30 60 91 155 32 35 92 30 767
internal_value=6.12468e-05 -0.00270491 0.000232544 -0.00333723 -0.00111958 0.00148287 0.000170173 0.000194213 0.00403062 -0.00471272 0.003134 -0.00969119 -0.00589556 5.78223e-05
internal_weight=1.08866e+06 63467.9 1.02519e+06 61067.9 39329.4 30182.2 27814.3 1.02281e+06 35094.6 5818.71 4219.13 9147.17 7317.72 987714
internal_count=23288 1602 21686 1498 1023 618 588 21652 313 158 126 405 313 21339
is_linear=0
shrinkage=0.03


Tree=271
num_leaves=15
num_cat=0
split_feature=5 18 13 6 5 16 6 4 6 16 5 18 5 1
split_gain=569.507 1020.33 810.444 950.258 804.415 846.346 686.719 649.928 543.632 956.536 822.034 941.278 990.974 766.694
threshold=166.23000000000005 64.292913608131002 941.6350000000001 100.40109628863779 157.34 0.9982132966412246 121.97846346430305 2090.3050000000007 77.26786087768501 0.99966494366289549 319.01000000000005 3.0016501650165019 359.70442307692309 85.500000000000014
decision_type=2 2 2 2 2 2 2 2 2 2 2 2 2 2
left_child=1 2 3 4 5 7 -5 -1 9 -2 13 12 -12 -10
right_child=8 -3 -4 6 -6 -7 -8 -9 10 -11 11 -13 -14 -15
leaf_value=-0.00049607768623545197 0.001655070466826315 -0.028107144986270986 0.01102440669474529 -0.019128124696016286 -0.0088336934065857513 0.013699862009275074 -0.0037186153294540541 -0.024980991333826023 0.0051305644372858375 -0.017661000141635502 0.0025033208811853871 0.00069882131193996569 -0.022832159703114915 -0.0024145552316357701
leaf_weight=85596.295460224152 293188.70190954208 1290.4554123878479 4461.2593269348145 4658.9652962684631 10771.569818496704 3774.6580486297607 5893.6110572814941 966.95485973358154 13108.396467208862 2305.7356376647949 2484.0155620574951 508105.89484262466 3122.9452629089355 158114.24289083481
leaf_count=4282 8696 117 32 202 469 64 211 22 284 34 31 5618 67 3329
internal_value=0.00019123 -0.00178305 -0.00148573 -0.00198744 -0.00109237 -0.000167569 -0.0105452 -0.000775294 0.000427697 0.00150316 -3.63096e-05 0.000563712 -0.0116389 -0.00183639
internal_weight=1.09784e+06 117414 116123 111662 101109 90337.9 10552.6 86563.3 980430 295494 684935 513713 5606.96 171223
internal_count=23458 5399 5282 5250 4837 4368 413 4304 18059 8730 9329 5716 98 3613
is_linear=0
shrinkage=0.03


Tree=272
num_leaves=15
num_cat=0
split_feature=1 1 8 1 8 20 6 20 19 17 17 20 8 7
split_gain=401.926 1668.35 779.817 569.964 555.614 449.046 775.656 867.994 827.22 1770.52 799.141 1240.97 725.486 636.88
threshold=374.00000000000006 351.50000000000006 5.5906544435956205 477.50000000000006 4.4749373433583974 0.016107801178801364 100.40109628863779 0.046578726550876241 7.5000000000000009 6.7638888888888902 26.366666666666671 0.042061469796163008 0.21284685705040049 57.071428571428577
decision_type=2 2 2 2 2 2 2 2 2 2 2 2 2 2
left_child=1 5 4 -4 -2 -1 7 10 9 13 11 12 -7 -9
right_child=2 -3 3 -5 -6 6 -8 8 -10 -11 -12 -13 -14 -15
leaf_value=-0.00017261692333043834 0.0020529741147691238 -0.0055532976516386046 0.0014567009532401184 -0.026216626948805111 0.018094151639403051 -0.0061644824129784056 0.00017238668170183337 0.015353338390283874 -0.0012812086243096609 0.037875477635075663 0.011645878630215382 0.021226539352243501 0.0044858935021186118 -0.0086756734143980246
leaf_weight=660622.72516155243 99059.888272285461 46708.864952087402 1201.0455293655396 1488.7718286514282 1962.6456289291382 7949.808030128479 190033.33392524719 1601.3967189788818 36259.263546466827 1571.5457801818848 16491.243672370911 3180.7088508605957 20710.788888931274 2540.4032068252563
leaf_count=15708 1946 908 61 93 42 249 2354 43 1115 35 264 60 415 123
internal_value=0.000166122 -2.04524e-05 0.00194256 -0.0139405 0.00236814 0.000254308 0.0012603 0.00354911 0.000392447 0.0109816 0.00628911 0.00350916 0.00152948 0.000644104
internal_weight=1.09138e+06 987670 103712 2689.82 101023 940961 280338 90305.2 41972.6 5713.35 48332.5 31841.3 28660.6 4141.8
internal_count=23416 21274 2142 154 1988 20366 4658 2304 1316 201 988 724 664 166
is_linear=0
shrinkage=0.03


Tree=273
num_leaves=15
num_cat=0
split_feature=20 1 5 20 17 18 20 18 7 7 4 17 18 4
split_gain=326.97 1186.77 982.429 893.477 658.556 918.548 868.548 675.05 482.633 611.69 465.529 671.483 1231.77 706.504
threshold=0.15856846176662934 66.500000000000014 1155.2500000000002 0.17744717682443117 14.35416666666667 22.543472445157843 0.267953767331437 10.22140522875817 75.083333333333357 143.16666666666671 91.365000000000023 4.041666666666667 4.6860439068100366 131.42000000000002
decision_type=2 2 2 2 2 2 2 2 2 2 2 2 2 2
left_child=10 -2 3 -3 5 6 -5 -6 -8 -10 -1 12 -12 -14
right_child=1 2 -4 4 7 -7 8 -9 9 -11 11 -13 13 -15
leaf_value=-0.0067667537822989282 -0.025726091077925627 -0.018101408367462248 -0.01735934506542949 -0.020148333851871047 2.9675359367491673e-05 0.0066256327953423235 0.0089912558657568847 0.018965025485750072 -0.02800597394443408 0.002852669816435074 0.024893960503805029 -0.000147867550602182 0.015820490297163921 0.0014157970945008161
leaf_weight=9134.0763595104218 1951.4614953994751 2112.6798286437988 3136.3090949058533 3227.2348442077637 3218.4078545570374 7113.9102430343628 2514.291003704071 3558.6605467796326 959.82646226882935 1402.1488180160522 2259.8944416046143 988954.18038845062 3257.1303305625916 47320.410880565643
leaf_count=802 79 89 39 137 102 98 55 57 50 63 70 20426 152 1122
internal_value=-0.000118004 -0.00324854 -0.00162077 0.000439491 0.00223526 -0.001231 -0.00812753 0.00999924 -0.000122055 -0.00981709 -3.09766e-05 2.82092e-05 0.00332263 0.00234933
internal_weight=1.08012e+06 29194.9 27243.5 24107.2 21994.5 15217.4 8103.5 6777.07 4876.27 2361.98 1.05093e+06 1.04179e+06 52837.4 50577.5
internal_count=23341 769 690 651 562 403 305 159 168 113 22572 21770 1344 1274
is_linear=0
shrinkage=0.03


Tree=274
num_leaves=15
num_cat=0
split_feature=17 16 17 20 4 4 20 6 16 4 4 1 17 17
split_gain=520.625 695.103 1165.12 771.28 653.268 634.845 553.701 801.503 728.966 771.697 2043.93 848.469 728.646 919.846
threshold=46.058823529411775 0.99907424121780364 103.33333333333336 0.0063873603667204777 2748.5950000000007 417.98000000000008 0.016498647910523679 100.40109628863779 0.27828384116184385 258.5750000000001 270.04000000000002 190.50000000000003 5.4900000000000011 2.3416666666666672
decision_type=2 2 2 2 2 2 2 2 2 2 2 2 2 2
left_child=6 5 3 4 -3 -2 8 -8 9 12 -11 -12 13 -1
right_child=1 2 -4 -5 -6 -7 7 -9 -10 10 11 -13 -14 -15
leaf_value=-0.013030382166956041 0.0072957190298266941 0.015461907728765229 -0.009597264174237263 -0.00041686904571995137 0.0016628066106703853 -0.00038618261311294821 0.0031945177001650006 -9.7706000752799274e-05 -0.0014772085970433605 0.025439064103581106 0.008088369524652821 0.00030583765306184196 -0.0082385228164378373 0.010124318310313206
leaf_weight=2188.3839554786682 11227.40123462677 12660.412845611572 3572.1251163482666 6020.4682388305664 4088.4156799316406 69562.319214820862 95325.469294548035 220387.11542224884 385185.0444021225 3023.7824902534485 13277.777422904968 242999.43877649307 16132.346019744873 5117.5795078277588
leaf_count=209 395 138 52 76 37 1231 2503 2723 9182 91 298 4878 1190 321
internal_value=7.75475e-05 0.00206333 0.00629337 0.00879258 0.0120995 0.000682918 -0.000138769 0.000896479 -0.000628119 0.000528647 0.000999968 0.000709652 -0.00468205 0.00317206
internal_weight=1.09077e+06 107131 26341.4 22769.3 16748.8 80789.7 983637 315713 667924 282739 259301 256277 23438.3 7305.96
internal_count=23324 1929 303 251 175 1626 21395 5226 16169 6987 5267 5176 1720 530
is_linear=0
shrinkage=0.03


Tree=275
num_leaves=15
num_cat=0
split_feature=16 1 1 16 18 20 15 1 1 16 18 8 6 5
split_gain=374.934 400.473 645.502 619.896 712.427 748.31 714.216 619.687 750.984 834.396 559.108 492.892 977.024 1024.66
threshold=-0.99955337329175131 250.50000000000003 267.50000000000006 0.41251697815217153 2.0967602857846765 0.18445067652915417 252.49000000000004 190.50000000000003 186.50000000000003 -0.99692766179048542 285.73181818181826 1.3822759470280259 865.7223658265433 693.38433333333353
decision_type=2 2 2 2 2 2 2 2 2 2 2 2 2 2
left_child=-1 3 -3 4 -2 7 -7 8 9 -6 -4 -5 13 -13
right_child=1 2 10 11 5 6 -8 -9 -10 -11 -12 12 -14 -15
leaf_value=0.0083441504672247674 -0.010949565542475026 -0.004363759210180381 -0.00020101970820659285 0.00026681232805610366 0.016717895215743284 0.026681236268883461 0.0043221747916480594 0.0010661980531378398 0.011191502280324891 -0.001611425036103999 -0.0094807174651676939 -0.0028011578894718485 0.0077886769577807701 -0.018819030283400293
leaf_weight=4846.0635557174683 3736.8018193244934 39942.396537780762 363725.13133001328 434094.61870288849 2670.7245855331421 2128.3951797485352 3226.207799911499 138296.91495037079 13126.339437007904 13188.669258594513 5918.8974208831787 52301.640234947205 7245.6590156555176 3840.7633438110352
leaf_count=91 191 878 6877 9902 64 57 76 3298 273 370 70 1119 34 61
internal_value=3.53834e-05 -1.93367e-06 -0.000741715 0.000447732 0.00197578 0.00225679 0.0132759 0.00190253 0.00588938 0.0014924 -0.000350115 -9.40698e-05 -0.00256477 -0.00390327
internal_weight=1.08829e+06 1.08344e+06 409586 673857 176374 172637 5354.6 167283 28985.7 15859.4 369644 497483 63388.1 56142.4
internal_count=23361 23270 7825 15445 4329 4138 133 4005 707 434 6947 11116 1214 1180
is_linear=0
shrinkage=0.03


Tree=276
num_leaves=15
num_cat=0
split_feature=1 18 1 1 17 18 1 0 18 17 1 18 19 0
split_gain=412.89 454.956 661.742 784.032 521.414 447.315 375.648 976.058 500.933 609.264 571.738 512.204 356.412 382.977
threshold=35.500000000000007 16.655233527939952 21.500000000000004 7.5000000000000009 8.3484848484848495 22.00961538461539 25.500000000000004 15.500000000000002 12.562843654227512 23.976744186046513 14.500000000000002 10.400704225352115 40.500000000000007 27.500000000000004
decision_type=2 2 2 2 2 2 2 2 2 2 2 2 2 2
left_child=1 6 3 -3 -5 -4 7 8 10 -10 11 -1 13 -8
right_child=-2 2 5 4 -6 -7 12 -9 9 -11 -12 -13 -14 -15
leaf_value=0.0031529763725222353 -0.00034051249155775951 -0.014380785080919506 -0.0009068585267417447 0.018300548444562803 -0.00050396156248648689 -0.022134835938472375 0.019346461650643607 -0.0057880436830588678 0.0024713311895819211 0.02640987940680814 0.013045294528855091 -0.010350158775335107 0.00063748673530830279 0.0066476602631144119
leaf_weight=14085.912761688232 1032354.4848356247 1932.756697177887 1492.6533942222595 2359.3646721839905 2998.4250059127808 2211.8297066688538 3104.6307582855225 10843.221593856812 1843.1447215080261 1980.2055063247681 4213.5643625259399 3060.4079403877258 4742.4359817504883 6887.1438627243042
leaf_count=432 21659 68 41 53 51 74 75 386 61 25 84 99 108 238
internal_value=-0.000197958 0.00218442 -0.00334385 0.00190688 0.00781409 -0.0136322 0.00338272 0.00173037 0.00496962 0.0149426 0.00317219 0.000733582 0.00741503 0.0106242
internal_weight=1.09411e+06 61755.7 10995 7290.55 5357.79 3704.48 50760.7 36026.5 25183.2 3823.35 21359.9 17146.3 14734.2 9991.77
internal_count=23454 1795 287 172 104 115 1508 1087 701 86 615 531 421 313
is_linear=0
shrinkage=0.03


Tree=277
num_leaves=15
num_cat=0
split_feature=20 20 4 4 18 18 18 18 6 16 17 4 20 20
split_gain=407.478 997.822 461.261 2021.33 1005.51 1801.94 1785.13 1386.44 1005.34 883.01 874.881 807.747 789.522 1099.29
threshold=0.10003883546728169 0.096953197786024084 258.5750000000001 304.17500000000001 6.2954963235294121 3.9506903353057203 2.7257053291536053 4.0139114619611496 2.4324473272817122 -0.99533983197855769 22.866071428571434 17.675000000000004 0.046578726550876241 0.032850297022054921
decision_type=2 2 2 2 2 2 2 2 2 2 2 2 2 2
left_child=1 2 4 12 5 6 11 -7 -9 -6 -8 -1 13 -4
right_child=-2 -3 3 -5 9 7 10 8 -10 -11 -12 -13 -14 -15
leaf_value=0.026898049519051382 -0.0025189444525747142 0.020548984364166016 0.00785375351219131 0.00010247105182161726 -0.023452127817785384 0.037344498658262421 -0.025173978108461396 0.0094026970401292053 -0.014209602004500284 -0.0041504259299902585 -0.0060946228386582289 0.00029787307367879813 -0.011400851316931214 0.036262278031475338
leaf_weight=1071.0202350616455 51827.051041603088 2145.5548553466797 27646.227447509766 918199.95080566406 2230.8150334358215 1417.2138242721558 3867.1280560493469 13002.498654842377 1835.844247341156 41303.96106004715 4916.033323764801 17633.519364833832 1775.0879502296448 1265.0009021759033
leaf_count=54 1364 31 950 16110 160 40 310 605 124 2447 272 923 77 24
internal_value=7.66154e-05 0.000206218 0.000163699 0.000355679 -0.00192311 0.00128909 -0.00339297 0.00920078 0.00646612 -0.0051498 -0.0145332 0.0018481 0.0079272 0.00912097
internal_weight=1.09014e+06 1.03831e+06 1.03616e+06 948886 87278 43743.3 27487.7 16255.6 14838.3 43534.8 8783.16 18704.5 30686.3 28911.2
internal_count=23491 22127 22096 17161 4935 2328 1559 769 729 2607 582 977 1051 974
is_linear=0
shrinkage=0.03


Tree=278
num_leaves=15
num_cat=0
split_feature=8 22 18 6 16 17 17 18 17 6 8 6 2 8
split_gain=458.048 721.078 1124.71 1132.59 742.614 568.834 584.607 1419.4 1018.37 712.931 852.358 712.319 627.412 542.214
threshold=2.0890239070136052 0.20881782945736438 11.750912408759126 313.13840920803318 -0.99955337329175131 38.535714285714292 11.514705882352944 26.686274509803926 10.516666666666667 281.1217098017234 6.2792207792207799 330.67117886088687 9.5000000000000018 0.87155378269836115
decision_type=2 2 2 2 2 2 2 2 2 2 2 2 2 2
left_child=13 5 3 -3 -4 6 8 9 -2 10 12 -11 -8 -1
right_child=1 2 4 -5 -6 -7 7 -9 -10 11 -12 -13 -14 -15
leaf_value=-1.0227694681065485e-05 -0.0032867527192154142 -0.0011139182079169297 0.023124532181148315 -0.023896711279588201 0.0044566380132691511 0.0043713778035272171 -0.0041065829331213364 -0.030159698309048306 0.017147896280771315 0.014139976194489477 -0.022535689207065501 -0.0048944316125830029 -0.020739059063388174 0.0017289854842960672
leaf_weight=772541.53466081619 18911.932179927826 23187.989172458649 2129.0469074249268 2125.7866621017456 18015.345544815063 6805.0559792518616 18995.707284450531 2252.3504228591919 2462.7949180603027 2884.3845920562744 3173.0464525222778 4510.4988346099854 2269.7862586975098 203888.62356901169
leaf_count=17355 568 683 26 53 347 134 506 49 42 37 159 90 36 3294
internal_value=0.000148138 -0.00170818 0.00116416 -0.00304451 0.00645061 -0.00380489 -0.00480934 -0.0072473 -0.000918445 -0.00560823 -0.00807632 0.00254808 -0.00589968 0.000352966
internal_weight=1.08415e+06 107724 45458.2 25313.8 20144.4 62265.6 55460.5 34085.8 21374.7 31833.4 24438.5 7394.88 21265.5 976430
internal_count=23379 2730 1109 736 373 1621 1487 877 610 828 701 127 542 20649
is_linear=0
shrinkage=0.03


Tree=279
num_leaves=15
num_cat=0
split_feature=7 22 5 5 5 15 15 10 5 5 5 5 15 8
split_gain=415.747 919.429 1519.71 1119.24 897.389 878.834 1843.14 667.175 618.277 1755.18 733.273 1139.01 615.553 601.913
threshold=126.62500000000001 0.32426470588235301 1390.0250000000003 456.94750000000005 480.4308333333334 359.72500000000008 334.49500000000006 1.5000000000000002 359.70442307692309 340.50833333333338 307.11000000000007 300.8300000000001 402.53000000000003 0.21879749240121585
decision_type=2 2 2 2 2 2 2 2 2 2 2 2 2 2
left_child=-1 2 3 7 -5 6 8 12 9 10 11 -3 -2 -10
right_child=1 5 -4 4 -6 -7 -8 -9 13 -11 -12 -13 -14 -15
leaf_value=0.00020600207357996211 -0.0050341784810094886 0.0016917705689070658 -0.028117980585799996 0.022050232023888609 0.0008795782753527354 -0.0032948295483412491 0.021291280391417033 0.0095185899659297711 -0.00097298387917755245 0.036396358241713285 -0.010776781167644604 0.026943801570049719 -0.019537359144082871 -0.023733588373926921
leaf_weight=931846.24814844131 54970.365228414536 25540.535766363144 2183.5146570205688 1943.5908622741699 21922.35422706604 24903.471290111542 4790.5029764175415 2685.1019124984741 3110.2118721008301 1338.9136743545532 3784.988263130188 1695.883960723877 2749.7314176559448 1556.757716178894
leaf_count=16885 3038 1335 68 39 544 669 115 67 100 22 186 42 133 55
internal_value=-3.20962e-05 -0.00148041 -0.00352192 -0.0028781 0.00262069 0.00116516 0.0038215 -0.0050508 0.00155102 0.00302434 0.00156145 0.00328271 -0.00573162 -0.0086341
internal_weight=1.08502e+06 153176 86454.7 84271.1 23865.9 66721.3 41817.8 60405.2 37027.3 32360.3 31021.4 27236.4 57720.1 4666.97
internal_count=23298 6413 3889 3821 583 2524 1855 3238 1740 1585 1563 1377 3171 155
is_linear=0
shrinkage=0.03


Tree=280
num_leaves=15
num_cat=0
split_feature=5 4 19 20 4 0 7 5 19 5 4 19 19 5
split_gain=360.611 1057.96 1374.41 671.912 669.33 395.982 765.744 589.697 479.423 447.093 412.807 392.615 510.309 388.024
threshold=112.17000000000002 120.38000000000001 8.5000000000000018 0.99398728250621604 131.42000000000002 185.50000000000003 187.25000000000003 68.03166666666668 19.500000000000004 28.74963346814965 17.675000000000004 8.5000000000000018 6.5000000000000009 126.50500000000001
decision_type=2 2 2 2 2 2 2 2 2 2 2 2 2 2
left_child=3 2 -2 5 11 6 10 9 -9 -7 -1 12 -3 -13
right_child=1 4 -4 -5 -6 7 -8 8 -10 -11 -12 13 -14 -15
leaf_value=0.014725523101465679 0.029755668294250644 -0.011677654505016417 -0.00076204269103210208 0.022235988722628781 4.2665573439799428e-05 -0.025712843525787812 0.022904141327626821 -0.024360371084919154 3.7927942905979672e-05 0.0061041007542229925 -0.0039166743884992096 0.0080706422394982835 -0.046851431012441262 -0.016889438276580761
leaf_weight=1096.2186498641968 2455.4195709228516 1189.9188938140869 2863.7073101997375 902.88686180114746 1044394.1451592445 464.3676176071167 1036.2954864501953 2776.9033300876617 978.31675624847412 2196.147123336792 25596.927568912506 1154.4167146682739 533.27529239654541 1054.1516213417053
leaf_count=62 78 82 160 16 20752 60 49 314 70 181 1390 60 54 76
internal_value=-3.5728e-05 6.38785e-05 0.0133843 -0.00302851 -3.96219e-06 -0.0037092 -0.00215149 -0.0104141 -0.0180376 0.00040034 -0.00314064 -0.0123272 -0.0229755 -0.00388748
internal_weight=1.08869e+06 1.05365e+06 5319.13 35048.1 1.04833e+06 34145.2 27729.4 6415.73 3755.22 2660.51 26693.1 3931.76 1723.19 2208.57
internal_count=23404 21262 238 2142 21024 2126 1501 625 384 241 1452 272 136 136
is_linear=0
shrinkage=0.03


Tree=281
num_leaves=15
num_cat=0
split_feature=5 18 6 8 5 3 8 19 18 13 20 5 5 22
split_gain=505.932 747.184 869.358 1177.45 845.769 811.367 702.548 638.061 581.232 914.474 516.753 718.375 1174.96 476.28
threshold=388.54500000000007 11.220621095185596 398.44090674655075 0.33058390022675743 597.18295454545466 19.500000000000004 0.46573521918166677 199.50000000000003 105.14000000000001 315.64000000000004 0.39988377552601978 173.92015151515153 93.90000000000002 0.28269230769230774
decision_type=2 2 2 2 2 2 2 2 2 2 2 2 2 2
left_child=8 2 5 -4 -5 6 13 -6 10 -10 -1 12 -12 -2
right_child=1 -3 3 4 7 -7 -8 -9 9 -11 11 -13 -14 -15
leaf_value=-0.00059509339856686288 -6.3562079394918224e-05 0.0014888490293338947 0.0017220139510809025 -0.022647444426283678 0.00091371478307519154 -0.015981661886403979 0.0027849158792516327 -0.01596013105806246 -0.02429428928925606 0.0094220346462443368 0.013059571820985209 0.018019448514832979 -0.030825140528342343 -0.0050115264685737957
leaf_weight=567271.34408521652 59097.956230163574 354510.40161800385 9095.7704601287842 4606.5461397171021 4548.9948387145996 2819.4271087646484 57021.326362609863 3600.4099941253662 2174.915744304657 1067.1456928253174 1386.8566484451294 3119.4035234451294 881.0335955619812 24859.818322658539
leaf_count=16424 1214 3745 107 111 70 24 868 49 128 24 49 60 53 595
internal_value=3.34669e-05 0.000711649 -0.000951628 -0.00652392 -0.0123973 -0.000104069 0.000215688 -0.00656198 -0.000579079 -0.0132066 -0.00050713 0.00872318 -0.00410926 -0.00152949
internal_weight=1.09606e+06 520161 165650 21851.7 12756 143799 140979 8149.4 575901 3242.06 572659 5387.29 2267.89 83957.8
internal_count=23521 6783 3038 337 230 2701 2677 119 16738 152 16586 162 102 1809
is_linear=0
shrinkage=0.03


Tree=282
num_leaves=15
num_cat=0
split_feature=5 13 18 5 18 5 19 18 18 18 4 19 4 18
split_gain=376.492 1255.21 1243.95 1156.94 956.035 850.552 848.773 658.694 850.726 618.432 1473.53 1175.04 1208.46 1056.01
threshold=144.75500000000002 683.48000000000013 4.214737793851719 112.17000000000002 3.9506903353057203 119.82666666666668 8.5000000000000018 11.220621095185596 5.5324475701170739 2.9112373737373738 114.07500000000002 24.500000000000004 108.56000000000002 2.0967602857846765
decision_type=2 2 2 2 2 2 2 2 2 2 2 2 2 2
left_child=1 2 4 6 9 7 -4 8 -5 11 -11 12 -1 -13
right_child=-2 -3 3 5 -6 -7 -8 -9 -10 10 -12 13 -14 -15
leaf_value=0.0029211433362765155 -0.00027870990958319856 0.019058918530400454 -0.0028671880110087869 -0.0025737306265074481 0.02444441697094802 -0.00048560087767557332 -0.015505538854647633 -0.0021612957539238527 0.026934197757776463 -0.032513974915825673 0.0033284257186391103 -0.0094044507991293182 0.025042158963091195 0.010304642478104668
leaf_weight=4045.2205929756165 1008000.9809904099 3613.5782508850098 14768.533983945847 1226.6927800178528 2333.5203614234924 24253.902355670929 7061.5831418037415 2041.7299699783325 3056.3706521987915 1243.6418359279633 5623.5253419876099 5070.2770438194275 4929.0823450088501 4691.0794906616211
leaf_count=267 19416 29 1047 51 63 1021 411 90 87 128 237 277 132 169
internal_value=-0.00011793 0.00181199 0.00103174 -0.00169368 0.00614222 0.00207223 -0.00696588 0.0118514 0.0185103 0.00445632 -0.00323819 0.00727703 0.0150996 6.89812e-05
internal_weight=1.09196e+06 83958.7 80345.2 52408.8 27936.3 30578.7 21830.1 6324.79 4283.06 25602.8 6867.17 18735.7 8974.3 9761.36
internal_count=23425 4009 3980 2707 1273 1249 1458 228 138 1210 365 845 399 446
is_linear=0
shrinkage=0.03


Tree=283
num_leaves=15
num_cat=0
split_feature=1 18 8 5 2 18 3 17 17 14 18 1 5 17
split_gain=393.516 502.671 464.971 1849.41 1027.71 514.039 439.018 681.404 502.092 549.915 522.504 494.143 429.589 428.822
threshold=16.500000000000004 6.2954963235294121 6.5993630573248412 1036.6200000000001 6.5000000000000009 2.963937621832359 4.5000000000000009 19.414285714285715 12.510869565217392 216.405 10.773349937733501 298.50000000000006 2250.4095454545454 30.91608391608392
decision_type=2 2 2 2 2 2 2 2 2 2 2 2 2 2
left_child=1 -1 -2 4 5 -4 7 8 10 -10 -7 -12 -3 -9
right_child=2 12 3 -5 -6 6 -8 13 9 -11 11 -13 -14 -15
leaf_value=0.0093718522117589732 3.5579034047283079e-05 -0.00064657406304878388 -0.018449015044177869 -0.037477182127769494 -0.021233203511034731 0.011127624443265201 0.019366860472379763 0.014356981078220758 -0.028641288775967576 -0.0016464482304732332 -0.011749620023763565 0.010323172685067569 0.013461872752854216 -0.0045229651949309805
leaf_weight=8977.9153695106506 1035950.3500795364 18217.283271789551 1194.8706283569336 1404.0652828216553 2213.6515078544617 2434.5225954055786 1164.5745677947998 3813.4883279800415 1349.5183424949646 1352.4637680053711 3448.207423210144 1221.5466980934143 2154.023120880127 1497.7750215530396
leaf_count=268 21894 543 76 53 83 96 23 99 82 39 126 54 14 48
internal_value=4.09227e-05 0.00346628 -5.42472e-05 -0.00446143 -0.00207156 0.000376975 0.00177947 0.000400832 -0.00428493 -0.0152405 -8.70843e-05 -0.00595627 0.000856967 0.00903585
internal_weight=1.08639e+06 29349.2 1.05705e+06 21094.7 19690.6 17477 16282.1 15117.5 9806.26 2701.98 7104.28 4669.75 20371.3 5311.26
internal_count=23498 825 22673 779 726 643 567 544 397 121 276 180 557 147
is_linear=0
shrinkage=0.03


Tree=284
num_leaves=15
num_cat=0
split_feature=21 20 19 6 20 6 6 18 1 4 18 0 8 20
split_gain=473.339 604.325 815.726 1073.33 783.1 744.87 1064.33 930.302 747.704 738.442 610.631 633.79 627.695 599.954
threshold=1.0000000180025095e-35 0.011037895077182882 16.500000000000004 578.43010378887664 0.015602940400173642 330.67117886088687 38.461305635487733 10.28232998885173 364.50000000000006 388.49500000000006 10.773349937733501 126.50000000000001 1.4860074139821442 0.15856846176662934
decision_type=2 2 2 2 2 2 2 2 2 2 2 2 2 2
left_child=1 2 -1 9 -3 6 7 -6 -7 -4 11 -11 -12 -2
right_child=13 4 3 -5 5 8 -8 -9 -10 10 12 -13 -14 -15
leaf_value=0.011241298434977835 -5.187426437301475e-05 -0.0083286120260975729 -0.016054366236011974 0.0078202016608183798 -0.018775992960966728 -0.0093616669659451184 0.0086999733893142056 0.0039041990949029446 0.0050440744469613412 0.0018144935889249001 -0.00059610871038474195 0.017032655315817474 -0.016341335408017386 -0.0046952332652123287
leaf_weight=10553.17875623703 946202.04636335373 9873.8559975624084 2573.0523338317871 20602.380173683167 2767.4471926689148 9089.4403820037842 16105.501780509949 3899.0136003494263 5019.0909357070923 9034.8552694320679 24041.714768409729 3369.0683622360229 2497.5421152114868 25704.43119764328
leaf_count=291 20925 91 112 86 107 102 225 93 27 161 378 62 56 689
internal_value=4.42507e-05 0.00182643 0.0035378 0.00222587 -0.000833985 0.00117595 0.00453032 -0.00553903 -0.00423696 -0.000552732 0.000479207 0.00596871 -0.00208904 -0.000174773
internal_weight=1.09133e+06 119426 72671.8 62118.6 46754.3 36880.5 22772 6666.46 14108.5 41516.2 38943.2 12403.9 26539.3 971906
internal_count=23405 1791 1146 855 645 554 425 200 129 769 657 223 434 21614
is_linear=0
shrinkage=0.03


Tree=285
num_leaves=15
num_cat=0
split_feature=19 19 8 1 18 14 18 19 18 18 18 18 20 20
split_gain=327.782 546.005 321.364 1106.08 1112.41 823.97 647.708 1306.4 1143.57 1758 751.172 1076.14 1077.8 1054.02
threshold=651.00000000000011 476.50000000000006 1.0000000180025095e-35 44.500000000000007 3.3476636479460078 2972.5700000000002 145.15053763440864 1.5000000000000002 64.292913608131002 55.125000000000007 17.441052631578952 12.117217689995707 0.085777305174320764 0.001120932548625717
decision_type=2 2 2 2 2 2 2 2 2 2 2 2 2 2
left_child=1 2 5 4 -4 6 8 -8 9 10 11 -1 -13 -12
right_child=-2 -3 3 -5 -6 -7 7 -9 -10 -11 13 12 -14 -15
leaf_value=-0.0012181880945474634 0.0039854919558328355 -0.0061922195661460377 0.026067983506247724 6.3085466733580207e-05 0.004557430351009366 -0.0084313162024260407 -0.0053208936755245722 0.026636077103038443 -0.016207219138880794 0.023239741104572616 -0.0084800770950732799 0.0054372089928779715 -0.022593952057620863 0.0041393024884492317
leaf_weight=158822.32263803482 17555.698638916016 13250.906284332275 2553.7452163696289 792168.39518022537 13670.856427192688 12749.344944000244 2309.8343515396118 2264.4814734458923 4252.0751695632935 2743.8982820510864 22771.125410079956 35629.099256038666 1259.3510646820068 8050.8233342170715
leaf_count=6563 38 64 39 13673 246 94 90 30 202 62 977 1091 67 211
internal_value=-7.82682e-05 -0.000144861 -6.90945e-05 0.000221994 0.00797111 -0.0010071 -0.000608887 0.0105463 -0.000828277 -0.000541676 -0.000831757 -0.000145985 0.00446852 -0.0051833
internal_weight=1.09005e+06 1.0725e+06 1.05925e+06 808393 16224.6 250852 238103 4574.32 233529 229277 226533 195711 36888.5 30821.9
internal_count=23447 23409 23345 13958 285 9387 9293 120 9173 8971 8909 7721 1158 1188
is_linear=0
shrinkage=0.03


Tree=286
num_leaves=15
num_cat=0
split_feature=18 12 18 5 4 4 4 8 21 17 4 19 17 4
split_gain=419.926 396.426 444.134 1898.08 742.274 812.289 613.048 473.983 432.467 720.818 1352.73 867.549 1061.98 1079.35
threshold=658.72727272727286 5279.8700000000017 125.42857142857144 449.74454545454552 2619.2950000000005 1513.9800000000002 832.17500000000018 0.05440121668002549 1.0000000180025095e-35 16.254629629629633 388.49500000000006 32.500000000000007 6.0232558139534893 841.84000000000015
decision_type=2 2 2 2 2 2 2 2 2 2 2 2 2 2
left_child=1 2 8 6 5 -5 7 -4 9 11 -11 12 13 -1
right_child=-2 -3 3 4 -6 -7 -8 -9 -10 10 -12 -13 -14 -15
leaf_value=-0.018472371823580854 -0.0097802671032218482 -0.0030449685267830576 -0.01925129625115695 0.002616148920298171 0.0034027033212118804 0.022852644767322218 -0.027991901739817998 0.009357160373603823 -0.00011269116596349246 -0.020581668944695826 0.001145266376914334 -0.0010448227290542564 0.013654090649111666 0.011186433358109248
leaf_weight=2120.573148727417 3859.4391617774963 34737.677967071533 988.8618221282959 3116.5135831832886 25763.687129020691 4177.0711269378662 1949.4746246337891 1060.4075965881348 915988.65861916542 2657.3153166770935 70232.092643260956 10382.837050437927 14500.353032112122 2262.1953506469727
leaf_count=130 64 74 75 64 110 28 56 32 21239 125 969 132 353 25
internal_value=7.23551e-05 0.000107422 0.000211256 0.00343652 0.00580018 0.0142365 -0.0160353 -0.00450031 9.3805e-05 0.00194504 0.000347743 0.00592029 0.00974709 -0.00318251
internal_weight=1.0938e+06 1.08994e+06 1.0552e+06 37056 33057.3 7293.58 3998.74 2049.27 1.01814e+06 102155 72889.4 29266 18883.1 4382.77
internal_count=23476 23412 23338 365 202 92 163 107 22973 1734 1094 640 508 155
is_linear=0
shrinkage=0.03


Tree=287
num_leaves=15
num_cat=0
split_feature=0 0 19 11 18 1 6 22 1 6 16 22 1 1
split_gain=295.497 430.963 283.639 488.866 277.111 525.592 457.898 526.183 799.649 1022.53 277.699 1177.16 894.17 857.168
threshold=400.50000000000006 541.50000000000011 1052.5000000000002 52.500000000000007 145.15053763440864 309.50000000000006 1071.7076944637413 0.32426470588235301 101.50000000000001 46.157869123450759 0.25612314877724568 0.40370370370370373 189.50000000000003 103.50000000000001
decision_type=2 2 2 2 2 2 2 2 2 2 2 2 2 2
left_child=2 -2 3 4 10 6 7 8 -6 -10 12 13 -1 -12
right_child=1 -3 -4 -5 5 -7 -8 -9 9 -11 11 -13 -14 -15
leaf_value=0.0066451501069241291 -0.013908696907173982 0.011935889569715492 0.0052638403430116665 -0.0081725733604423537 -0.016891327886303275 -0.0031777734723867712 0.0076963505314426549 0.012550306551312781 0.016045295013804244 -0.0043079223961715934 0.0019570733380240898 -0.0039528482330699524 0.00021315183551737552 -0.0007291956442232922
leaf_weight=20405.455250740051 2814.3304834365845 713.83318066596985 9219.1801300048828 6551.4145812988281 2550.5952963829041 11440.014984130859 17027.993341445923 2728.560595035553 3144.7820243835449 7435.2882537841797 148622.16324853897 76628.373966217041 408312.30166697502 380745.53647756577
leaf_count=576 303 63 19 14 67 70 48 36 76 78 3968 2170 9124 6873
internal_value=1.66751e-06 -0.0086419 2.96798e-05 -1.48664e-05 3.48138e-05 0.00235703 0.0042831 0.000613227 -0.00188262 0.00176065 -6.47136e-05 -0.000478087 0.000519588 2.50309e-05
internal_weight=1.09834e+06 3528.16 1.09481e+06 1.08559e+06 1.07904e+06 44327.2 32887.2 15859.2 13130.7 10580.1 1.03471e+06 605996 428718 529368
internal_count=23485 366 23119 23100 23086 375 305 257 221 154 22711 13011 9700 10841
is_linear=0
shrinkage=0.03


Tree=288
num_leaves=15
num_cat=0
split_feature=8 22 2 17 4 2 0 15 4 22 1 18 16 8
split_gain=450.717 655.236 838.602 775.461 562.07 531.932 1146.6 750.821 599.308 547.239 531.232 506.132 641.03 467.488
threshold=3.5563492063492066 0.85164835164835173 3.5000000000000004 53.045454545454554 334.63500000000005 4.5000000000000009 113.50000000000001 287.98000000000008 5977.1900000000014 0.29893617021276603 228.50000000000003 27.453416149068328 0.99904599720279685 0.87155378269836115
decision_type=2 2 2 2 2 2 2 2 2 2 2 2 2 2
left_child=13 3 4 5 -3 7 -7 10 9 -8 11 12 -2 -1
right_child=1 2 -4 -5 -6 6 8 -9 -10 -11 -12 -13 -14 -15
leaf_value=-0.00021442212259758551 -0.0068891070257259303 0.018075281346540753 0.025594201471512673 0.015475602818689822 -0.0046234319084014095 -0.0011797422554246908 -0.021392491811801941 0.0027742398870200273 -0.035800059325759366 -0.0033512565807523476 -0.022310622214396558 -0.020699199213131878 0.010010475450448817 0.0012581758176619733
leaf_weight=764840.63004255295 7863.2355217933655 1240.2190742492676 1483.9996871948242 1729.2493000030518 4424.4115552902222 7583.6319713592529 3525.7830481529236 13069.345351219177 1339.513053894043 2654.70534324646 1808.2787480354309 1575.3127107620239 2696.9090328216553 259943.07930898666
leaf_count=17283 285 42 21 37 142 88 146 403 42 69 162 46 39 4522
internal_value=2.21264e-05 -0.00273005 0.00568087 -0.00410333 0.000392353 -0.00491418 -0.00941954 -0.00239002 -0.0177039 -0.013679 -0.00722748 -0.00494696 -0.00256243 0.000159129
internal_weight=1.07578e+06 50994.6 7148.63 43846 5664.63 42116.7 15103.6 27013.1 7520 6180.49 13943.7 12135.5 10560.1 1.02478e+06
internal_count=23327 1522 205 1317 184 1280 345 935 257 215 532 370 324 21805
is_linear=0
shrinkage=0.03


Tree=289
num_leaves=15
num_cat=0
split_feature=1 1 8 18 1 5 8 19 12 22 5 1 16 22
split_gain=474.316 734.494 1067.05 891.362 710.642 556.489 511.575 508.33 664.424 495.492 443.57 442.283 433.295 1555.24
threshold=282.50000000000006 374.00000000000006 5.8620507399577173 192.3978494623656 351.50000000000006 128.22875000000002 4.4749373433583974 312.50000000000006 3605.0600000000004 0.24316334072431636 344.86340909090916 296.50000000000006 0.38877716599993589 0.18274582560296851
decision_type=2 2 2 2 2 2 2 2 2 2 2 2 2 2
left_child=7 3 6 4 5 9 -3 12 -9 -2 -6 -7 13 -1
right_child=1 2 -4 -5 10 11 -8 8 -10 -11 -12 -13 -14 -15
leaf_value=-0.0010124947817490037 -0.026977250636323908 0.0010685952196736687 -0.020641154419645428 -0.014006072476061599 -0.008743043030182614 -0.0055220316020463895 0.015090238083323928 -0.0081389526478273608 0.0020127095783217027 -0.0044473460879985429 -0.0026724854099906869 0.0001159180107181948 -3.4348140767479125e-05 0.0037371371455075615
leaf_weight=117626.53855895996 1284.5730991363525 98143.915120840073 1995.826858997345 5544.2671251296997 18019.064271688461 13911.804388523102 2379.2661571502686 14109.263668060303 9834.7062377929688 2721.7749924659729 27186.709439754486 123811.21966362 509639.22917556763 131277.76301574707
leaf_count=3098 104 1975 137 46 571 361 54 110 15 168 339 2022 11443 2855
internal_value=-5.56264e-05 -0.00108071 0.000970304 -0.00217312 -0.00182071 -0.000775771 0.00140341 0.00033085 -0.00397108 -0.0117693 -0.00509501 -0.000454307 0.000466745 0.00149267
internal_weight=1.07749e+06 294998 102519 192479 186935 141729 100523 782488 23944 4006.35 45205.8 137723 758544 248904
internal_count=23298 5777 2166 3611 3565 2655 2029 17521 125 272 910 2383 17396 5953
is_linear=0
shrinkage=0.03


Tree=290
num_leaves=15
num_cat=0
split_feature=6 19 19 8 3 0 12 22 19 19 22 1 1 19
split_gain=473.098 406.572 1042.82 854.386 826.246 675.817 760.611 642.844 533.684 501.043 480.59 2238.03 1235.39 1105.3
threshold=3170.263322026673 107.50000000000001 104.50000000000001 3.772312223858616 3.5000000000000004 3.5000000000000004 7281.630000000001 0.09232954545454547 201.50000000000003 651.00000000000011 0.097619047619047633 169.50000000000003 321.50000000000006 33.500000000000007
decision_type=2 2 2 2 2 2 2 2 2 2 2 2 2 2
left_child=1 2 5 9 -4 -1 10 -5 -9 -3 -7 -12 13 -13
right_child=-2 3 4 7 -6 6 -8 8 -10 -11 11 12 -14 -15
leaf_value=0.0033670323918304911 0.0046138435334208191 -0.00093986986633934496 0.017957518328835048 -0.027070259557303761 0.0031772083444219714 -0.00063403341986016507 -0.017095611611761596 -0.014977989838039212 0.0053689402242329681 0.0047078319388564761 -0.0061013478029678849 0.006029146352486082 -0.001501112042050917 0.0013880711806053395
leaf_weight=58414.34016418457 20944.706157684326 271366.34487533569 5144.9943113327026 1755.7963981628418 10016.819911956787 388369.04449558258 2312.2577667236328 2552.9519100189209 2098.3592777252197 14894.780555725098 35660.239356040955 73505.725997924805 70920.65088891983 124237.10442590714
leaf_count=904 45 3136 73 59 122 11583 10 81 26 32 1266 1933 1864 2185
internal_value=0.000151075 6.29127e-05 0.000425259 -0.000888615 0.00820979 0.000268389 7.86252e-06 -0.011706 -0.00581513 -0.000645699 6.54471e-05 0.000958087 0.00189548 0.0031137
internal_weight=1.08219e+06 1.06125e+06 768581 292668 15161.8 753419 695005 6407.11 4651.31 286261 692693 304324 268663 197743
internal_count=23319 23274 19940 3334 195 19745 18841 166 107 3168 18831 7248 5982 4118
is_linear=0
shrinkage=0.03


Tree=291
num_leaves=15
num_cat=0
split_feature=1 1 6 0 0 22 5 12 19 14 19 5 7 10
split_gain=416.771 296.463 458.136 402.722 538.926 617.143 526.086 424.397 430.411 586.511 427.349 602.497 435.787 410.395
threshold=2.5000000000000004 553.50000000000011 368.19757203164721 1.0000000180025095e-35 4.5000000000000009 0.09232954545454547 208.07823529411766 434.84000000000009 34.500000000000007 777.85500000000013 107.50000000000001 430.81700000000006 39.041666666666679 32.500000000000007
decision_type=2 2 2 2 2 2 2 2 2 2 2 2 2 2
left_child=-1 3 -3 -2 5 6 -5 8 -7 -10 12 -12 -9 -6
right_child=1 2 -4 4 13 7 -8 10 9 -11 11 -13 -14 -15
leaf_value=0.0082700879589646496 -0.0036188002798940304 -0.001200123922299644 0.010206170146542454 0.013522930550450559 -0.00039320254296584779 -0.015225735379476715 0.0034885151758841074 0.0066372383319700749 0.0064426350893470779 -0.0058669076760375439 0.0043599240111796911 -0.0030116992247011636 -0.0026856009947936422 -0.014873664201428691
leaf_weight=5208.668839931488 31433.72504901886 6519.342604637146 6140.2833232879639 5726.9876489639282 906064.45981812477 2475.6000504493713 26019.665641784668 20061.072046279907 5177.4099950790405 10549.045736312866 15655.311212539673 27438.05174446106 5808.3861999511719 1744.9362030029297
leaf_count=141 306 108 24 105 21447 92 269 125 126 157 131 133 98 5
internal_value=-0.000179147 -0.0002204 0.00433963 -0.000275037 -0.000172597 0.00172632 0.00530606 0.000421609 -0.00365052 -0.00181137 0.00149715 -0.000332895 0.00454355 -0.000421363
internal_weight=1.07602e+06 1.07081e+06 12659.6 1.05815e+06 1.02672e+06 118912 31746.7 87164.9 18202.1 15726.5 68962.8 43093.4 25869.5 907809
internal_count=23267 23126 132 22994 22688 1236 374 862 375 283 487 264 223 21452
is_linear=0
shrinkage=0.03


Tree=292
num_leaves=15
num_cat=0
split_feature=22 13 18 1 5 5 1 6 5 0 19 19 5 19
split_gain=416.883 948.506 994.89 926.386 916.232 706.177 901.133 595.415 472.092 1483.24 527.625 474.878 730.839 558.084
threshold=0.58712121212121227 5398.0600000000004 12.656854256854258 142.50000000000003 1390.0250000000003 589.67500000000007 180.50000000000003 391.41849175475357 259.69810344827596 247.50000000000003 5.5000000000000009 18.500000000000004 308.00250000000005 27.500000000000004
decision_type=2 2 2 2 2 2 2 2 2 2 2 2 2 2
left_child=-1 2 7 -4 5 6 -5 -2 9 10 -8 12 -10 -13
right_child=1 -3 3 4 -6 -7 8 -9 11 -11 -12 13 -14 -15
leaf_value=0.000329778892316722 -0.002840243108070988 -0.023638965779311766 -0.0062660510709015666 0.030687004101694299 0.027306308414506465 -0.0059311548446884989 -0.0010926916906092727 -0.01685799671491903 0.014714945024097528 0.016843535872314425 -0.025465319576981817 0.025302655768635714 -0.013940265298891127 0.0075852604988002597
leaf_weight=995776.16288518906 61890.020331382751 1724.8832397460938 7423.0268068313599 1316.271409034729 1645.3116226196289 4822.8734045028687 1402.263298034668 2834.1268625259399 1421.3226208686829 2182.247230052948 1845.1675992012024 2186.6548614501953 1783.4100465774536 5932.5589876174927
leaf_count=20003 2505 13 263 27 13 84 60 64 31 102 90 43 77 102
internal_value=0.000145682 -0.00171682 -0.00132092 0.00300849 0.00581695 0.00425002 0.00697094 -0.00345907 0.00507328 -0.00219418 -0.0150122 0.00855566 -0.00121903 0.0124073
internal_weight=1.09419e+06 98410.1 96685.3 31961.1 24538.1 22892.8 18069.9 64724.1 16753.6 5429.68 3247.43 11323.9 3204.73 8119.21
internal_count=23477 3474 3461 892 629 616 532 2569 505 252 150 253 108 145
is_linear=0
shrinkage=0.03


Tree=293
num_leaves=15
num_cat=0
split_feature=20 5 20 1 4 4 0 19 22 22 20 4 19 19
split_gain=378.59 1041.34 650.123 1052.28 1221.39 1058.79 647.412 545.531 526.461 877.111 487.961 432.3 407.838 368.258
threshold=0.12145902899892923 1155.2500000000002 0.2003687955696882 144.50000000000003 372.13000000000005 1215.6750000000002 77.500000000000014 7.5000000000000009 0.55050505050505061 0.19803921568627456 0.39988377552601978 655.23000000000013 13.500000000000002 71.500000000000014
decision_type=2 2 2 2 2 2 2 2 2 2 2 2 2 2
left_child=-1 2 8 10 6 11 -5 -8 9 13 -4 -6 -9 -2
right_child=1 -3 3 4 5 -7 7 12 -10 -11 -12 -13 -14 -15
leaf_value=0.00025173480031261835 -0.0064557615756404944 -0.01639610193258112 -0.00098339424224208041 0.040566662232595058 -0.0018340079829938173 0.0067767935690684605 0.026548313188691979 -0.011326986780179129 0.0071896464745882906 -0.019462718419455936 -0.020488584364189835 -0.024906945238057837 0.015238723823148111 0.0063662210753573844
leaf_weight=1055898.7307555676 7231.0331263542175 4428.0173945426941 2557.4677934646606 995.12840461730957 1346.3665561676025 7544.4630317687988 1561.2265191078186 941.78784513473511 2518.221718788147 4021.0573754310608 2087.1476984024048 1587.5107421875 1113.7973747253418 2774.2578220367432
leaf_count=22430 247 49 85 9 50 89 43 65 66 117 87 64 42 42
internal_value=0.000142266 -0.00269594 -0.00101569 0.00266032 0.00650295 0.000830483 0.0193316 0.013298 -0.00539846 -0.00766548 -0.00979869 -0.0144028 0.0030755 -0.00289489
internal_weight=1.09661e+06 40707.5 36279.5 19734.9 15090.3 10478.3 4611.94 3616.81 16544.6 14026.3 4644.62 2933.88 2055.59 10005.3
internal_count=23485 1055 1006 534 362 203 159 150 472 406 172 114 107 289
is_linear=0
shrinkage=0.03


Tree=294
num_leaves=15
num_cat=0
split_feature=6 18 18 14 7 5 17 5 16 19 18 5 6 6
split_gain=371.865 734.134 820.377 882.811 724.968 696.526 632.497 595.557 563.025 511.014 509.875 474.179 1141.52 1318.38
threshold=324.6477016158633 10.643650793650794 10.093171296296299 1165.1200000000001 23.881944444444446 3192.063333333334 46.058823529411775 461.67500000000007 -0.3007653743635566 46.500000000000007 7.9425882352941182 337.09888888888895 82.091207535150872 81.070178826085638
decision_type=2 2 2 2 2 2 2 2 2 2 2 2 2 2
left_child=5 2 3 4 -2 11 10 9 -9 -3 -6 12 13 -1
right_child=1 7 -4 -5 6 -7 -8 8 -10 -11 -12 -13 -14 -15
leaf_value=0.00068414146405369042 0.019013228395227039 0.00079733731805912077 -0.017938968275790727 -0.0073478566796976062 -0.018004421438618436 -0.019101411710049629 0.011437839624103902 0.0040335276629971583 -0.00068150249677394528 -0.011915404211992898 0.00042357693195457048 0.0010553685493203491 -0.0020675738454369935 0.019579257309242822
leaf_weight=258832.41221094131 2118.9975910186768 4661.698335647583 3994.5256452560425 19201.944700241089 2049.3788356781006 1656.3267111778259 2721.8165063858032 26193.441727638245 174658.95380020142 7275.7167301177979 3891.6121520996094 371427.79084062576 203498.12923145294 3346.6849479675293
leaf_count=10024 35 80 78 249 59 40 44 247 1113 95 83 6652 4462 43
internal_value=-8.39425e-05 -0.00110758 -0.00520109 -0.00349328 0.00337246 0.000217237 -0.000488395 -0.000453504 -6.62684e-05 -0.0069579 -0.00597235 0.000255917 -0.00038175 0.00092681
internal_weight=1.08553e+06 246768 33978.3 29983.7 10781.8 838761 8662.81 212790 200852 11937.4 5940.99 837105 465677 262179
internal_count=23304 2083 548 470 221 21221 186 1535 1360 175 142 21181 14529 10067
is_linear=0
shrinkage=0.03


Tree=295
num_leaves=15
num_cat=0
split_feature=17 16 17 4 0 0 16 2 6 4 14 1 6 17
split_gain=327.037 652.282 746.324 728.628 630.409 482.89 477.511 2119.42 463.89 434.496 778.943 713.07 571.334 585.334
threshold=46.058823529411775 0.99907424121780364 93.750000000000014 417.98000000000008 234.50000000000003 238.50000000000003 0.99948746456635518 2.5000000000000004 220.86181305526677 1146.1000000000001 479.76000000000005 40.500000000000007 264.74722048800572 98.250000000000014
decision_type=2 2 2 2 2 2 2 2 2 2 2 2 2 2
left_child=6 3 8 5 9 -2 -1 -8 -3 11 -11 -5 13 -13
right_child=1 2 -4 4 -6 -7 7 -9 -10 10 -12 12 -14 -15
leaf_value=0.00013482663130012353 0.0049660023780030921 0.011839648839344042 -0.0051370922764728891 0.0051358331401170276 -0.015765861669187059 0.022790119825366013 -0.021095996537373776 -0.00071647733341167823 0.0029449483856566422 0.01284911133259258 0.00020242906861482436 -0.0098626455558690554 0.010186517405066493 0.0088037047607807464
leaf_weight=938149.50965285301 9702.6168060302734 12707.23118019104 4598.1057643890381 6592.2399730682373 2396.1015706062317 1576.7326474189758 5145.9672183990479 41404.252684593201 9044.0108966827393 4911.5912227630615 39426.403537750244 15180.415033340454 1693.1979141235352 1663.4454593658447
leaf_count=20893 329 155 63 120 105 60 96 400 90 84 461 429 32 38
internal_value=0.000160601 0.00171582 0.00582704 0.000411809 -0.000701485 0.00749355 -1.23594e-05 -0.00297746 0.0081474 -0.000177489 0.00160854 -0.00332752 -0.00633959 -0.00801096
internal_weight=1.09419e+06 109492 26349.3 83142.7 71863.4 11279.3 984700 46550.2 21751.2 69467.3 44338 25129.3 18537.1 16843.9
internal_count=23355 1966 308 1658 1269 389 21389 496 245 1164 545 619 499 467
is_linear=0
shrinkage=0.03


Tree=296
num_leaves=15
num_cat=0
split_feature=21 13 13 5 6 4 22 14 5 5 7 5 1 6
split_gain=305.967 514.142 1639.58 1039.46 884.895 738.543 656.589 655.026 877.375 640.963 622.565 584.802 506.868 603.568
threshold=1.0000000180025095e-35 266.90500000000003 151.42500000000004 960.5200000000001 37.554441148817553 1629.2750000000003 0.15075757575757578 719.95000000000016 470.24645833333341 400.25000000000006 187.25000000000003 311.12000000000006 273.50000000000006 317.2854880727258
decision_type=2 2 2 2 2 2 2 2 2 2 2 2 2 2
left_child=1 2 3 7 -3 -5 -6 8 9 11 -10 -1 13 -8
right_child=-2 4 -4 5 6 -7 12 -9 10 -11 -12 -13 -14 -15
leaf_value=-0.00031364762641251134 -4.2364894762147129e-05 -0.0075049646576633086 0.018911407753899375 0.021803744662570155 0.0044477135643352615 0.0034477534228849679 0.00026648195477646974 0.0088155633739761454 -0.025820749542338931 0.017804429913464041 -0.0011623189487921137 -0.020264652862308115 0.0015411815551214657 -0.011966153716864084
leaf_weight=8410.9464564323425 967400.2679476738 11236.839645385742 5991.0601768493652 3169.4549179077148 35573.152894973755 5195.6151247024536 7536.7463970184326 3854.7288799285889 2567.0819549560547 1444.1927833557129 1434.3724689483643 1549.0687608718872 22826.994497299194 6982.0126132965088
leaf_count=348 21544 257 119 42 302 73 109 62 84 31 46 72 174 64
internal_value=0.000133411 0.00157702 0.00471205 0.00162122 0.000323893 0.0104381 0.00153205 -0.00221493 -0.00498278 -0.000732818 -0.0170314 -0.00345099 -0.00124612 -0.00562451
internal_weight=1.08517e+06 117772 33616.5 27625.5 84155.7 8365.07 72918.9 19260.4 15405.7 11404.2 4001.45 9960.02 37345.8 14518.8
internal_count=23327 1783 877 758 906 115 649 643 581 451 130 420 347 173
is_linear=0
shrinkage=0.03


Tree=297
num_leaves=15
num_cat=0
split_feature=20 20 8 16 16 20 20 8 7 6 6 20 15 6
split_gain=443.018 643.542 420.879 663.255 1132.43 893.637 539.903 412.648 477.712 634.622 1347.49 939.384 554.239 554.102
threshold=0.10003883546728169 0.096953197786024084 0.082121263371527656 -0.99678063171992404 -0.96797419473946011 0.267953767331437 0.25322347446713772 0.23341793570219968 22.809090909090912 605.2030309704254 375.26363973326221 0.28019059431740684 842.83000000000015 181.91295674576287
decision_type=2 2 2 2 2 2 2 2 2 2 2 2 2 2
left_child=1 -1 3 -2 6 -6 -5 -4 13 10 11 12 -10 -9
right_child=2 -3 7 4 5 -7 -8 8 9 -11 -12 -13 -14 -15
leaf_value=0.00013907257615864321 -0.028153803847908016 0.016257712525942328 0.0076640155895761602 -0.0043544365263354324 -0.0036667934325153966 -0.023894085469819148 0.023215272972333507 0.01237933167603575 -0.012837308643869888 -0.021734050712678078 0.024515142501512779 0.007754360563396458 3.0612622018069224e-05 -0.0017727670378851154
leaf_weight=1043572.1567931175 1231.469829082489 2214.0442810058594 4262.3630132675171 1062.5315766334534 6090.7907958030701 2889.0593991279602 1564.3694925308228 3618.0559787750244 10104.721479415894 1819.1390733718872 1432.5807418823242 3785.9237565994263 4288.3016662597656 7877.28382396698
leaf_count=22072 62 33 71 64 223 140 47 87 350 33 17 82 80 58
internal_value=4.15561e-05 0.000173508 -0.00271581 -0.00739466 -0.00514749 -0.0102131 0.0121152 -0.00109746 -0.00223562 -0.00488057 -0.00329672 -0.00551294 -0.00900868 0.00269524
internal_weight=1.09581e+06 1.04579e+06 50026.6 12838.2 11606.8 8979.85 2626.9 37188.4 32926 21430.7 19611.5 18178.9 14393 11495.3
internal_count=23419 22105 1314 536 474 363 111 778 707 562 529 512 430 145
is_linear=0
shrinkage=0.03


Tree=298
num_leaves=15
num_cat=0
split_feature=1 1 16 22 15 0 22 19 16 16 17 1 8 8
split_gain=336.504 1459.34 1010.9 667.853 1137.76 970.827 660.177 840.126 844.109 789.226 744.672 709.843 573.664 592.865
threshold=190.50000000000003 186.50000000000003 0.89237189853735222 0.49074074074074076 324.04500000000002 45.500000000000007 0.054093567251461992 37.500000000000007 -0.99955337329175131 0.67731361345719121 77.416666666666671 201.50000000000003 0.88320715311317077 2.7470707070707072
decision_type=2 2 2 2 2 2 2 2 2 2 2 2 2 2
left_child=1 3 6 5 -5 -1 10 9 -9 -8 -2 -10 -13 -14
right_child=2 -3 -4 4 -6 -7 7 8 11 -11 -12 12 13 -15
leaf_value=0.0020926132767226904 -0.0024854457281609323 0.0065373393345225369 -0.010898404771898242 -0.0041140575682394893 0.012375053159942211 -0.0010691285568797989 0.0019488111355535184 0.015376461397673676 -0.012958107123901457 0.012337378283661996 0.01127705688847336 -0.0011482126164228555 0.0023140677891388263 -0.003359598147138316
leaf_weight=187873.56864929199 135276.09589457512 34794.580859184265 8181.5639686584473 51661.515083789825 4042.8951539993286 163409.16738891602 91003.716696023941 3009.1857948303223 4067.1807622909546 7076.1694669723511 3613.9766073226929 272046.30072832108 98117.670063018799 19925.93031835556
leaf_count=3502 4237 465 238 1694 64 5236 2533 44 89 53 60 3402 1275 462
internal_value=4.87858e-06 0.000642176 -0.000433456 0.000137884 -0.0029133 0.000621862 -0.000298099 0.000214529 -0.000399528 0.00270068 -0.00212577 -0.000520744 -0.000390411 0.00135594
internal_weight=1.0841e+06 441782 642318 406987 55704.4 351283 634136 495246 397166 98079.9 138890 394157 390090 118044
internal_count=23354 10961 12393 10496 1758 8738 12155 7858 5272 2586 4297 5228 5139 1737
is_linear=0
shrinkage=0.03


Tree=299
num_leaves=15
num_cat=0
split_feature=7 19 13 13 19 5 14 7 16 5 19 5 7 13
split_gain=271.382 568.166 606.161 721.604 507.763 800.026 478.949 444.224 409.384 442.972 895.945 818.58 814.176 1000.13
threshold=31.029411764705888 105.50000000000001 523.61500000000012 163.25000000000003 3.5000000000000004 329.56400000000002 1762.2500000000002 30.683333333333337 0.99982985934427715 796.00716666666688 43.500000000000007 1888.7062222222223 124.12500000000001 495.21500000000009
decision_type=2 2 2 2 2 2 2 2 2 2 2 2 2 2
left_child=1 4 3 -3 5 -1 -4 -6 9 -2 11 -11 13 -12
right_child=8 2 6 -5 7 -7 -8 -9 -10 10 12 -13 -14 -15
leaf_value=-0.0012055873248194081 -0.00064508687097758705 -0.019816383245238652 0.0054566922698576891 -0.002079149782507349 0.0017080008670889838 -0.031228674690250337 -0.00077035044876302462 0.011874092345391326 -0.013332243230298184 0.0088466312318323664 0.0096669924821735972 -0.006815080398161903 -0.0074364084527740936 -0.00060400934761842089
leaf_weight=3333.8903131484985 624892.19998884201 3142.2222776412964 12076.695552825928 5961.2442464828491 189273.86458349228 1031.214563369751 137175.20394897461 3929.8876399993896 2175.9527177810669 20531.352782249451 10466.550884246826 3502.3690900802612 11523.618598937988 45778.42617225647
leaf_count=141 17395 92 165 91 3287 31 732 73 26 263 130 55 235 456
internal_value=-6.34185e-05 0.00061404 -0.000724735 -0.00823149 0.00168706 -0.00840834 -0.000265827 0.00191599 -0.000398847 -0.000359209 0.00158646 0.00656052 -0.000178973 0.00131006
internal_weight=1.07479e+06 355924 158355 9103.47 197569 4365.1 149252 193204 718870 716695 91802.3 24033.7 67768.6 56245
internal_count=23172 4612 1080 183 3532 172 897 3360 18560 18534 1139 318 821 586
is_linear=0
shrinkage=0.03


Tree=300
num_leaves=15
num_cat=0
split_feature=5 18 18 4 18 5 6 1 18 5 18 4 7 22
split_gain=387.867 1301.96 1509.29 828.853 956.013 760.036 727.231 588.282 580.989 467.179 1488.45 830.527 819.823 549.953
threshold=110.68666666666668 4.214737793851719 3.9506903353057203 152.34500000000003 2.8582589285714293 88.511250000000004 37.554441148817553 30.500000000000004 4.6860439068100366 119.82666666666668 2.3016393442622953 131.42000000000002 116.41666666666667 0.95833333333333337
decision_type=2 2 2 2 2 2 2 2 2 2 2 2 2 2
left_child=1 2 3 4 7 -5 -7 -1 -3 10 -2 13 -12 -11
right_child=9 8 -4 5 -6 6 -8 -9 -10 11 12 -13 -14 -15
leaf_value=0.019864717064950261 -0.019657952890431755 -0.030045717092137006 0.038901189972152077 0.019757911253861071 -0.027061329930419046 0.015956185035570395 -0.021812220223986201 -0.0046996850801746398 -0.0064434132022963154 -0.019642410967503184 0.0046054543991210003 0.00028554401629893393 0.022797102380925405 0.0049393345776696795
leaf_weight=1096.8473124504089 1691.9291749000549 967.22075748443604 1040.4505105018616 3105.3271751403809 1421.0347537994385 824.59105682373047 986.0224142074585 4073.4535026550293 19941.419723987579 3054.7009358406067 6793.3775706291199 1037681.3346328735 3308.9962010383606 1107.1158976554871
leaf_count=43 110 80 22 73 143 34 57 293 1331 225 242 20565 131 64
internal_value=0.000198052 -0.00298104 0.00465376 0.0014951 -0.00545251 0.0107949 -0.0046253 0.000567966 -0.00756291 0.000299053 0.00623119 0.000231779 0.0105973 -0.0131109
internal_weight=1.08709e+06 33456.4 12547.7 11507.3 6591.34 4915.94 1810.61 5170.3 20908.6 1.05364e+06 11794.3 1.04184e+06 10102.4 4161.82
internal_count=23413 2076 665 643 479 164 91 336 1411 21337 483 20854 373 289
is_linear=0
shrinkage=0.03


Tree=301
num_leaves=15
num_cat=0
split_feature=20 20 5 17 17 5 17 5 5 5 8 17 0 0
split_gain=642.109 1305.53 987.583 717.946 896.398 670.848 636.056 660.417 1413.92 873.783 481.424 432.791 401.852 366.979
threshold=0.15856846176662934 0.17744717682443117 1155.2500000000002 14.35416666666667 21.981481481481485 404.37595238095247 10.019230769230772 173.92015151515153 282.49125000000004 68.03166666666668 0.73422147472780397 17.345238095238098 409.50000000000006 547.50000000000011
decision_type=2 2 2 2 2 2 2 2 2 2 2 2 2 2
left_child=12 -2 3 6 5 11 7 9 -9 -3 -8 -5 -1 -14
right_child=1 2 -4 4 -6 -7 10 8 -10 -11 -12 -13 13 -15
leaf_value=0.00017766798784844091 -0.024365325466937617 0.00579381013667956 -0.018743969658946005 0.017917140621939026 -0.0071424569630906083 0.029020645216886746 -0.026350701589818951 0.02222171071446782 -0.0045972073237058285 -0.023704469921008196 -0.0039484640077202017 -0.0050686180508732644 -0.015396693902197304 0.014277198183842016
leaf_weight=1048892.282428503 2661.9540252685547 1570.9935421943665 2902.5976815223694 1402.5609397888184 2457.1667456626892 1869.880615234375 1719.2612137794495 2625.7083683013916 5325.2376127243042 2087.3491673469543 1730.8014869689941 1516.1824269294739 2471.8546698093414 425.32411909103394
leaf_count=22129 98 69 39 27 73 21 87 50 76 123 45 57 287 37
internal_value=2.76156e-05 -0.00446523 -0.00234611 -0.000197356 0.00754968 0.0150869 -0.0039299 -0.000560368 0.00429297 -0.0110745 -0.0151996 0.00602363 0.000146747 -0.0109724
internal_weight=1.07966e+06 27869.7 25207.7 22305.1 7245.79 4788.62 15059.4 11609.3 7950.95 3658.34 3450.06 2918.74 1.05179e+06 2897.18
internal_count=23218 765 667 628 178 105 450 318 126 192 132 84 22453 324
is_linear=0
shrinkage=0.03


Tree=302
num_leaves=15
num_cat=0
split_feature=14 18 18 6 18 18 2 18 19 22 18 14 18 6
split_gain=355.865 710.804 1933.37 1414.2 860.669 758.707 836.375 931.04 757.395 737.129 794.497 798.643 805.181 701.995
threshold=496.27500000000003 13.462476547842403 14.248809523809525 42.391447150458959 13.151134460179689 18.631174089068832 1.5000000000000002 17.831920903954806 1.5000000000000002 0.95833333333333337 34.690476190476197 274.09500000000008 22.00961538461539 78.114684937900293
decision_type=2 2 2 2 2 2 2 2 2 2 2 2 2 2
left_child=1 4 -3 5 -1 6 7 -4 -7 10 11 12 -10 -5
right_child=-2 2 3 13 -6 8 -8 -9 9 -11 -12 -13 -14 -15
leaf_value=0.00018099940963112881 -0.00037778801945540614 0.016095580796226666 5.1968845178640779e-05 0.013949916024311042 -0.015433856391158183 -0.010875957640467979 -0.020270821696462101 -0.02165715869917062 0.00111848041226704 0.013098407134143642 0.0069397817701330545 0.0033126935636533321 -0.021265122832490012 0.0038310593846763849
leaf_weight=259267.12427973747 732555.92138385773 9193.5847554206848 10695.466723918915 7955.2204432487488 3196.3026971817017 4165.7932629585266 3396.7373547554016 2112.4488286972046 2391.6869378089905 5080.956422328949 9226.692636013031 5599.8109827041626 3631.9015154838562 27389.319050788879
leaf_count=10344 9712 254 468 200 134 286 174 125 104 182 325 167 226 721
internal_value=-6.25505e-07 0.000781379 0.00306834 0.00159785 -1.03212e-05 -0.00185163 -0.00708095 -0.00355677 0.000966766 0.0028762 0.000374988 -0.00483914 -0.0124033 0.00611518
internal_weight=1.08586e+06 353303 90839.6 81646 262463 46301.5 16204.7 12807.9 30096.8 25931 20850.1 11623.4 6023.59 35344.5
internal_count=23422 13710 3232 2978 10478 2057 767 593 1290 1004 822 497 330 921
is_linear=0
shrinkage=0.03


Tree=303
num_leaves=15
num_cat=0
split_feature=17 5 5 8 19 4 5 5 5 5 4 5 4 19
split_gain=451.308 1046.94 1107.89 980.08 1057.74 889.867 605.691 811.997 551.712 576.134 828.578 538.912 1484.08 3232.87
threshold=46.058823529411775 1155.2500000000002 244.28000000000003 0.71563533301842241 106.50000000000001 3885.5350000000003 291.83833333333337 607.60100000000011 550.98000000000013 480.4308333333334 1513.9800000000002 1078.4125000000001 4537.7400000000007 36.500000000000007
decision_type=2 2 2 2 2 2 2 2 2 2 2 2 2 2
left_child=11 2 -2 4 -3 -6 -4 8 9 -8 -11 -1 13 -13
right_child=1 3 6 -5 5 -7 7 -9 -10 10 -12 12 -14 -15
leaf_value=-2.7129174945587161e-06 0.009404884847511499 0.012568205729869943 -0.010129759225984875 0.019750405278959278 -0.012780835575161695 0.0049175300507002901 0.0034049047524275459 -0.0038064799406056591 0.013564494074695933 -0.018473196844773738 0.0030081935333707722 -0.0010477805922312158 -0.00099094529523505756 -0.036564884274547446
leaf_weight=893580.27254056931 10488.899657726288 8104.6805105209351 5989.6707601547241 4636.1224374771118 4078.261570930481 6779.2902946472168 27879.916799545288 31000.338683128357 3786.7216157913208 2874.6851987838745 3647.8123359680176 6710.9604239463806 67163.861336231232 3495.3680391311646
leaf_count=20841 312 97 193 30 69 42 537 500 49 92 46 105 296 95
internal_value=-4.98921e-06 0.00182275 0.000280931 0.00741497 0.00438142 -0.00174152 -0.000994195 -0.000200638 0.00272689 0.00152679 -0.00648691 -0.000210708 -0.00261231 -0.0132591
internal_weight=1.08022e+06 109266 85668 23598.4 18962.2 10857.6 75179.1 69189.5 38189.1 34402.4 6522.5 970950 77370.2 10206.3
internal_count=23304 1967 1729 238 208 111 1417 1224 724 675 138 21337 496 200
is_linear=0
shrinkage=0.03


Tree=304
num_leaves=15
num_cat=0
split_feature=16 1 1 1 12 19 2 2 1 8 19 3 4 8
split_gain=453.61 471.425 606.497 460.187 584.301 605.859 449.98 836.645 419.979 394.726 349.986 482.151 476.803 442.618
threshold=0.26742886634536372 189.50000000000003 186.50000000000003 334.50000000000006 1331.1100000000004 29.500000000000004 43.500000000000007 26.500000000000004 482.50000000000006 6.2792207792207799 24.500000000000004 3.5000000000000004 765.71500000000003 0.56052281052281061
decision_type=2 2 2 2 2 2 2 2 2 2 2 2 2 2
left_child=1 2 -1 4 6 -6 7 9 10 -2 -5 12 -12 -13
right_child=3 -3 -4 8 5 -7 -8 -9 -10 -11 11 13 -14 -15
leaf_value=0.0011182004826872907 -0.00039107581866018696 0.00067511973483913535 0.011561457501615113 0.0049441789149973631 0.0092462135775923018 0.0012666496941929066 0.014940579422665117 -0.017903169618469994 0.0028056552463519256 -0.0081065174508550449 -0.0043071528985702311 -0.0032698519931612926 -0.030832990420124287 -0.015093664196297395
leaf_weight=12538.194917201996 516366.6326880455 439050.76476144791 8315.5117969512939 2530.3264565467834 9913.4637966156006 62170.33115196228 1670.3348693847656 2472.3752708435059 6734.2773284912109 6017.6879806518555 1093.1320104598999 17010.507822990417 1381.1366739273071 3407.6547660827637
leaf_count=407 11965 9663 198 77 49 296 5 19 121 205 61 209 56 49
internal_value=0.000168097 0.000884577 0.00528958 -0.000354314 -0.000166442 0.00236632 -0.000513264 -0.000563013 -0.00384931 -0.000480262 -0.00561297 -0.00678316 -0.0192424 -0.00525601
internal_weight=1.09067e+06 459904 20853.7 630768 598611 72083.8 526527 524857 32157 522384 25422.8 22892.4 2474.27 20418.2
internal_count=23380 10268 605 13112 12539 345 12194 12189 573 12170 452 375 117 258
is_linear=0
shrinkage=0.03


Tree=305
num_leaves=15
num_cat=0
split_feature=1 22 1 1 6 5 18 22 4 20 6 4 10 6
split_gain=491.611 701.763 1412.27 1071.77 867.825 541.159 536.755 518.601 573.952 504.373 502.477 550.412 487.538 463.075
threshold=251.50000000000003 0.83974358974358987 261.50000000000006 267.50000000000006 114.61670312026885 113.64833333333334 14.658241758241759 0.22140522875816995 1971.2450000000001 0.07786850059065846 25.710038735606584 3121.7350000000006 9.5000000000000018 50.219460591662404
decision_type=2 2 2 2 2 2 2 2 2 2 2 2 2 2
left_child=-1 3 -3 7 5 6 -4 -2 -9 10 11 -5 -11 -12
right_child=1 2 4 9 -6 -7 -8 8 -10 12 13 -13 -14 -15
leaf_value=0.00056251536719514916 -0.0038296641456370081 0.047864516777026203 -0.034043734532370369 -0.0064537674085693381 -0.014547987575979686 0.0098420281268635518 0.014224627480823376 -0.020048120078629657 -0.0048864518502312543 -0.0036806012232330318 0.0051399315489595908 0.022002584681412848 -0.02041202160081677 -0.00024130804977063816
leaf_weight=685158.25200986862 20589.289435863495 676.40524291992188 507.14794278144836 15841.890102863312 1901.6352534294128 8538.9207701683044 327.09474849700928 4481.4536161422729 4521.086217880249 19165.731570720673 15071.256691455841 617.05400657653809 1689.0299530029297 310715.14813661575
leaf_count=15612 532 3 80 1009 76 468 27 155 54 491 423 9 7 4389
internal_value=7.28559e-05 -0.000756242 0.00639915 -0.000974325 0.00383118 0.007583 -0.0152284 -0.00646235 -0.0124616 -0.000526731 -0.000250586 -0.00536152 -0.00505394 7.93457e-06
internal_weight=1.0898e+06 404643 11951.2 392692 11274.8 9373.16 834.243 29591.8 9002.54 363100 342245 16458.9 20854.8 325786
internal_count=23335 7723 654 7069 651 575 107 741 209 6328 5830 1018 498 4812
is_linear=0
shrinkage=0.03


Tree=306
num_leaves=15
num_cat=0
split_feature=20 1 15 8 5 5 8 19 14 19 15 7 7 13
split_gain=372.514 669.396 581.855 468.083 1503.54 1094.7 888.706 704.732 467.179 635.597 1032.35 587.928 1029.76 952.706
threshold=0.019368173770123513 310.50000000000006 415.53000000000009 9.0976190476190499 629.08687500000008 353.88050000000004 32.309523809523817 14.500000000000002 496.27500000000003 72.500000000000014 2142.2650000000003 100.10000000000001 90.125000000000014 480.50000000000006
decision_type=2 2 2 2 2 2 2 2 2 2 2 2 2 2
left_child=3 -2 -3 8 5 6 7 -5 9 11 -11 12 -1 -13
right_child=1 2 -4 4 -6 -7 -8 -9 -10 10 -12 13 -14 -15
leaf_value=0.00081535865423204687 0.0018157054399725607 -0.0088813484464377989 -0.00051789076284126457 0.0060227131161975324 -0.040998751186946583 0.013420149948795685 0.0081815401112976388 -0.02494432861030399 -0.00070122680360124663 0.0029119488030116504 0.020199229995477214 -0.0014730747484890064 0.0098763221016613858 0.028810882784077042
leaf_weight=111995.9335231781 226278.35235500336 8451.9999475479126 64394.394937515259 840.11570644378662 1017.4055166244507 2580.7086753845215 1639.6313138008118 2975.1827974319458 500181.6839094162 30948.139370441437 3437.7011775970459 116453.13717293739 12534.331797599792 922.5225944519043
leaf_count=4061 3900 384 770 38 42 53 68 160 6886 859 41 5630 416 15
internal_value=0.000109595 0.00101051 -0.00149043 -0.000233486 -0.00700809 -0.00261337 -0.0102201 -0.0181296 -0.000154321 0.000835743 0.00465097 0.000293086 0.00172881 -0.00123019
internal_weight=1.08465e+06 299125 72846.4 785526 9053.04 8035.64 5454.93 3815.3 776473 276292 34385.8 241906 124530 117376
internal_count=23323 5054 1154 18269 361 319 266 198 17908 11022 900 10122 4477 5645
is_linear=0
shrinkage=0.03


Tree=307
num_leaves=15
num_cat=0
split_feature=6 14 6 6 20 4 18 4 14 6 18 18 15 18
split_gain=262.606 740.471 661.229 685.106 610.417 821.043 633.185 1203.17 926.737 742.298 713.906 805.406 610.513 1180.58
threshold=23.734526929780802 2972.5700000000002 50.219460591662404 59.542444381995573 0.013725826234312552 1562.5600000000002 3.0016501650165019 120.38000000000001 622.60500000000013 8.7363042815597876 4.7618710134656279 5.287593984962407 465.43500000000012 51.291208791208796
decision_type=2 2 2 2 2 2 2 2 2 2 2 2 2 2
left_child=1 4 -2 -4 12 6 -6 -8 9 10 -9 -12 -1 -14
right_child=2 -3 3 -5 5 -7 7 8 -10 -11 11 -13 13 -15
leaf_value=-0.00185047784480891 0.0032553854112397107 -0.021443954894844575 -0.005250043747451796 0.00017340136689094894 0.017314611219313533 -0.01612127285897497 0.024265304772861807 -0.020356444942628421 0.0099194501632502586 -0.015309914809360635 0.024460100125562056 0.00016557234679424849 0.00013383792163231079 0.021166183592554889
leaf_weight=191111.60572552681 61439.304651260376 1541.127571105957 21540.980619907379 755605.36055183411 2739.2557377815247 2008.330708026886 2126.1531853675842 1406.0918326377869 8341.9585342407227 3077.3559923171997 1279.4929027557373 22365.632205486298 11498.041345596313 3016.28586769104
leaf_count=8063 1611 26 639 11176 90 49 72 86 144 136 34 843 327 50
internal_value=5.22597e-06 -0.000847049 0.000259841 2.29428e-05 -0.000717842 0.00251684 0.00342974 0.00243586 0.00115065 -0.00145507 0.000257746 0.00149977 -0.00139987 0.00452777
internal_weight=1.0891e+06 250511 838586 777146 248970 43344.3 41335.9 38596.7 36470.5 28128.6 25051.2 23645.1 205626 14514.3
internal_count=23346 9920 13426 11815 9894 1454 1405 1315 1243 1099 963 877 8440 377
is_linear=0
shrinkage=0.03


Tree=308
num_leaves=15
num_cat=0
split_feature=17 5 5 5 5 5 20 17 4 13 16 16 5 15
split_gain=494.94 874.719 532.361 1008.92 1449.46 686.66 639.796 528.416 495.221 546.318 493.556 1434.9 476.845 550.639
threshold=4.041666666666667 1888.7062222222223 88.511250000000004 68.03166666666668 63.110714285714295 131.15250000000003 0.035432362687162676 1.0686274509803924 111.07500000000002 54.140000000000008 0.9994410909746736 0.99886146257949171 261.80071428571438 1302.1500000000003
decision_type=2 2 2 2 2 2 2 2 2 2 2 2 2 2
left_child=1 2 3 4 7 6 8 -1 -4 -10 11 12 -7 -14
right_child=-2 -3 5 -5 -6 10 -8 -9 9 -11 -12 -13 13 -15
leaf_value=0.0047794466985309515 -6.3577571512847102e-05 -0.019855344404331902 0.00076235085558258543 -0.019996223650395693 0.027923480984188561 -0.00141101476354165 -0.0099690420614003041 -0.012611478059714659 0.029246430749251491 0.010016660162971671 0.016368523862050333 -0.021528704718906871 0.0083093150802611218 0.00050051029641554176
leaf_weight=2955.4441647529602 1017863.1832997799 1520.3366622924805 1585.8049983978271 2456.1920940876007 1533.6124401092529 13822.917519569397 1002.6771059036255 3320.5880436897278 2722.1155791282654 2642.5878524780273 2294.243034362793 2174.2192573547363 20379.650127887726 13513.757743835449
leaf_count=196 21350 18 101 209 57 487 47 295 89 78 16 53 361 70
internal_value=0.000106393 0.00251114 0.00299964 -0.0033095 0.00197627 0.00407738 0.0122782 -0.00443276 0.015507 0.0198465 0.00282331 0.00219412 0.00328363 0.00519797
internal_weight=1.08979e+06 71924.1 70403.8 10265.8 7809.64 60138 7953.19 6276.03 6950.51 5364.7 52184.8 49890.5 47716.3 33893.4
internal_count=23427 2077 2059 757 548 1302 315 491 268 167 987 971 918 431
is_linear=0
shrinkage=0.03


Tree=309
num_leaves=15
num_cat=0
split_feature=18 2 8 22 0 15 13 7 22 15 5 5 17 7
split_gain=909.16 320.853 281.894 1049.28 1078.25 909.163 840.781 654.053 847.853 683.686 604.843 470.236 472.562 611.011
threshold=658.72727272727286 140.00000000000003 0.87155378269836115 0.09232954545454547 17.500000000000004 117.98000000000003 1065.4100000000001 90.125000000000014 0.59729729729729741 192.50000000000003 326.06023809523816 314.10916666666674 21.422619047619051 46.041666666666679
decision_type=2 2 2 2 2 2 2 2 2 2 2 2 2 2
left_child=1 2 -1 4 -4 6 -5 11 9 -9 -11 -7 13 -13
right_child=-2 -3 3 5 -6 7 -8 8 -10 10 -12 12 -14 -15
leaf_value=-0.00028207219455181988 -0.01620270292860174 -0.010728653187100815 0.011535336128106718 -0.010278713753330036 -0.001786043849994143 -0.00020508574514549699 0.0058388232491339799 0.027765290612905322 -0.0082140903001621142 -0.00083255158501751225 0.012689877483242774 0.0035346711288373849 0.001011709978721231 0.011001702105261742
leaf_weight=766033.81976366043 3105.1870203018188 2482.1590118408203 5693.1909732818604 9188.3370575904846 127711.56007432938 47109.982469081879 4245.1601295471191 1871.2477560043335 2414.6476154327393 4308.0518312454224 9598.0516967773438 43214.98720741272 41317.78408908844 12774.015892982483
leaf_count=17295 70 7 56 345 2943 1122 44 56 88 161 172 327 475 191
internal_value=-4.51822e-05 1.66103e-06 2.66251e-05 0.000790772 -0.0012159 0.00231139 -0.00518425 0.00293118 0.00828911 0.010822 0.00850551 0.0022552 0.00344611 0.00524161
internal_weight=1.08107e+06 1.07796e+06 1.07548e+06 309447 133405 176042 13433.5 162609 18192 15777.4 13906.1 144417 97306.8 55989
internal_count=23352 23282 23275 5980 2999 2981 389 2592 477 389 333 2115 993 518
is_linear=0
shrinkage=0.03


Tree=310
num_leaves=15
num_cat=0
split_feature=8 19 20 0 19 22 19 14 15 19 0 1 22 1
split_gain=414.514 467.991 566.703 859.191 551.681 642.336 527.787 705.563 589.785 507.559 510.814 499 705.39 1310.51
threshold=0.32030661980167635 12.500000000000002 0.092419112195925593 179.50000000000003 14.500000000000002 0.32426470588235301 10.500000000000002 172.21000000000001 812.35000000000014 8.5000000000000018 46.500000000000007 251.50000000000003 0.097619047619047633 171.50000000000003
decision_type=2 2 2 2 2 2 2 2 2 2 2 2 2 2
left_child=-1 2 6 -4 5 -3 8 -8 9 10 -2 12 -6 -14
right_child=1 4 3 -5 11 -7 7 -9 -10 -11 -12 -13 13 -15
leaf_value=-0.00059177306355433961 0.014010942405875276 -0.017450403833822705 -0.011852663169825167 0.011644945531230265 -5.2980688526638005e-05 0.0030857071014951895 0.026783056888397661 0.0069807011584795313 -0.0075805133003796999 -0.008058020928000266 0.0028333621835377612 -0.0005542035910162215 -0.0052807474553576254 0.0039576193698881816
leaf_weight=507966.87689471245 6051.9052457809448 3296.7469568252563 4323.6025533676147 2048.3982739448547 161829.93352794647 2327.4629364013672 2094.5478024482727 7021.249813079834 3888.3150939941406 2220.3764672279358 9373.7077503204346 241850.0517616272 15616.321773529053 119058.6796913147
leaf_count=13402 106 124 132 66 2967 67 60 115 54 94 323 4030 333 1523
internal_value=3.41853e-05 0.00058146 0.00384424 -0.00428612 0.000359268 -0.00897114 0.0055362 0.0115794 0.00296966 0.00530035 0.00723111 0.000457073 0.00128192 0.00288575
internal_weight=1.08897e+06 581001 37022.1 6372 543979 5624.21 30650.1 9115.8 21534.3 17646 15425.6 538355 296505 134675
internal_count=23396 9994 950 198 9044 191 752 175 577 523 429 8853 4823 1856
is_linear=0
shrinkage=0.03


Tree=311
num_leaves=15
num_cat=0
split_feature=7 7 16 15 15 15 15 16 19 19 4 19 15 4
split_gain=415.452 595.739 683.956 526.981 1122.26 1101.27 1046.1 1146.29 819.143 1318.87 1061.06 803.527 1017.69 718.266
threshold=103.12500000000001 99.100000000000009 0.2890333402825595 204.46000000000004 285.57000000000011 275.43000000000006 296.87000000000006 0.63252822194337965 27.500000000000004 13.500000000000002 258.5750000000001 8.5000000000000018 307.11000000000007 433.72500000000008
decision_type=2 2 2 2 2 2 2 2 2 2 2 2 2 2
left_child=1 -1 -3 -2 5 8 -6 11 9 -5 -11 -8 -13 -12
right_child=3 2 -4 4 6 -7 7 -9 -10 10 13 12 -14 -15
leaf_value=0.0002467022862859843 -0.0026450270669902418 0.014600770023877109 0.00063155474744141344 0.010852872647473132 -0.018843273058841474 0.02536952245598862 0.0094539579315944516 0.025155138678324147 0.010925015417143084 -0.032385512611982477 0.011746535963066761 0.011987297220252718 -0.0027109196471822852 -0.019827717131312379
leaf_weight=865166.2070274353 104954.282299757 5603.2078347206116 7189.4872946739197 3500.9465465545654 2862.0455379486084 2540.3101711273193 6151.5244641304016 1523.5161895751953 7913.0126986503601 1675.0720038414001 1484.9182291030884 4495.6888766288757 69414.449651241302 1119.5524234771729
leaf_count=14982 4884 116 209 145 128 62 144 12 250 135 57 131 2081 48
internal_value=5.63983e-05 0.000341807 0.00676332 -0.00115033 0.000377667 0.00712298 -0.00108012 -0.000452516 0.00414088 -0.00276913 -0.0139115 -0.000945972 -0.00181388 -0.00187358
internal_weight=1.08559e+06 877959 12792.7 207635 102681 18233.8 84447.2 81585.2 15693.5 7780.49 4279.54 80061.7 73910.1 2604.47
internal_count=23384 15307 325 8077 3193 697 2496 2368 635 385 240 2356 2212 105
is_linear=0
shrinkage=0.03


Tree=312
num_leaves=15
num_cat=0
split_feature=20 11 17 8 17 17 21 13 15 16 17 16 22 17
split_gain=360.236 1089.07 789.811 1038.51 874.046 730.981 642.883 688.809 742.442 971.413 779.922 617.13 588.816 747.026
threshold=0.0028884670302777617 20.500000000000004 10.516666666666667 3.5563492063492066 12.510869565217392 5.3431372549019613 1.0000000180025095e-35 903.6350000000001 366.63500000000005 0.54553369931258422 11.273291925465839 0.38877716599993589 0.32426470588235301 8.8819444444444464
decision_type=2 2 2 2 2 2 2 2 2 2 2 2 2 2
left_child=1 2 3 11 6 -5 -4 8 9 -8 -10 12 -1 -14
right_child=-2 -3 4 5 -6 -7 7 -9 10 -11 -12 -13 13 -15
leaf_value=-0.0022182283311507956 0.00043339482167369922 -0.022341268309318388 0.018212278205218074 -0.0023406679556263084 -0.00033933290744007298 -0.020291504496642077 -0.0089303599246442818 -0.006814848479810144 -0.00050472146084418179 0.0061937127378047501 0.020672827206199375 -0.0037712407021244431 0.0064596181387764611 -0.0070646156332497857
leaf_weight=32116.2578125 553325.49476575851 2057.1008148193359 2857.8875551223755 3520.1442308425903 358934.47092199326 4860.0648326873779 5106.5999875068665 4993.0844745635986 2339.0895118713379 15009.005145072937 4704.2036228179932 69555.438010692596 19880.91228890419 4491.1445202827454
leaf_count=1089 8308 13 52 140 9473 218 253 58 53 429 80 2463 626 170
internal_value=-0.000102113 -0.000660736 -0.000575485 -0.00256091 0.000102089 -0.0127747 0.00462532 0.00340705 0.00528995 0.00234922 0.0136582 -0.00187991 0.000449442 0.0039637
internal_weight=1.08375e+06 530425 528368 134424 393944 8380.21 35009.9 32152 27158.9 20115.6 7043.29 126044 56488.3 24372.1
internal_count=23425 15117 15104 4706 10398 358 925 873 815 682 133 4348 1885 796
is_linear=0
shrinkage=0.03


Tree=313
num_leaves=15
num_cat=0
split_feature=18 1 1 17 20 15 8 19 22 1 18 16 18 16
split_gain=404.306 489.191 1058.87 482.92 485.295 660.736 352.387 729.357 638.272 774.692 561.21 469.805 406.959 458.423
threshold=145.15053763440864 390.00000000000006 307.50000000000006 1.9411764705882355 0.033897229958118898 1321.0200000000002 6.5993630573248412 112.50000000000001 0.65686274509803932 257.50000000000006 14.503968253968255 0.99816326708352132 3.478665318503539 0.99843910963012561
decision_type=2 2 2 2 2 2 2 2 2 2 2 2 2 2
left_child=6 2 3 -2 5 -5 -1 8 10 -10 12 -12 -8 -14
right_child=1 -3 -4 4 -6 -7 7 -9 9 -11 11 -13 13 -15
leaf_value=-3.3520852427750962e-05 -0.0033154197992921767 0.011731206844866312 -0.0098040124827232632 0.014295872401513386 -0.00085929863424307883 0.0029566008572254193 -0.01893790961094052 -0.023318791458597395 -0.0033159775551931383 0.01818966253321623 -0.022328026783963641 0.00037002515851657385 0.0045904686066285585 -0.014888975755859464
leaf_weight=1026553.7058279514 6717.5164093971252 4918.3118395805359 6049.6080660820007 8697.4278793334961 7280.473162651062 9879.7347593307495 1062.8937568664551 1607.2105994224548 3694.9163484573364 2520.7116708755493 2770.6153860092163 1161.697925567627 5614.2364048957825 1327.384126663208
leaf_count=22288 144 33 44 73 38 39 73 60 115 68 127 26 225 36
internal_value=7.95572e-06 0.00283974 0.00170205 0.00384357 0.00570452 0.00827507 -0.000109943 -0.00407617 -0.00234865 0.00543588 -0.00640444 -0.0156545 -0.00183253 0.000833515
internal_weight=1.08986e+06 43543.1 38624.8 32575.2 25857.6 18577.2 1.04631e+06 19759.7 18152.5 6215.63 11936.8 3932.31 8004.51 6941.62
internal_count=23389 371 338 294 150 112 23018 730 670 183 487 153 334 261
is_linear=0
shrinkage=0.03


Tree=314
num_leaves=15
num_cat=0
split_feature=20 2 6 18 13 6 5 8 5 22 5 18 18 2
split_gain=271.081 1171.47 678.789 1188.42 805.874 853.93 1277.43 1066.52 679.18 782.025 771.431 642.553 1594.3 697.117
threshold=0.00059103121928520382 24.500000000000004 102.29862167865515 48.516483516483525 423.15000000000003 578.43010378887664 597.18295454545466 1.6677083333333336 550.98000000000013 0.62019230769230782 517.65847368421066 21.226539589442819 28.29893617021277 2.5000000000000004
decision_type=2 2 2 2 2 2 2 2 2 2 2 2 2 2
left_child=1 -1 3 11 5 6 8 -7 9 10 -4 -2 13 -13
right_child=2 -3 4 -5 -6 7 -8 -9 -10 -11 -12 12 -14 -15
leaf_value=-0.00044302736306345031 0.0018063646314519044 -0.019428304611322052 -0.0045923199884346285 -0.018973488104489195 0.00039993038539776367 2.848040123697277e-05 0.0079930189345259542 -0.02917598638174029 -0.018552679270105652 0.008773706821019649 0.014695780479640919 0.027433668309028728 -0.0011941606783705365 0.0072813215396023579
leaf_weight=484725.01837515831 142200.86523866653 2922.8744115829468 57299.368106365204 2356.8368806838989 356599.87915325165 2105.023738861084 9699.1645221710205 2398.2379064559937 2624.107045173645 4660.943793296814 1909.9177722930908 3868.2772583961487 7084.5456848144531 2594.5842733383179
leaf_count=14521 3407 26 1395 95 3126 27 147 63 70 105 26 75 162 45
internal_value=-3.31833e-05 -0.000557614 0.000396342 0.00208082 -0.000212749 -0.00291961 -0.00216717 -0.0155848 -0.00365114 -0.0030333 -0.00396539 0.00240181 0.00864007 0.0193907
internal_weight=1.08305e+06 487648 595402 158105 437297 80696.8 76193.5 4503.26 66494.3 63870.2 59209.3 155748 13547.4 6462.86
internal_count=23290 14547 8743 3784 4959 1833 1743 90 1596 1526 1421 3689 282 120
is_linear=0
shrinkage=0.03


Tree=315
num_leaves=15
num_cat=0
split_feature=19 19 8 19 17 5 5 8 5 15 15 5 3 19
split_gain=287.56 306.76 729.743 1043.59 418.376 943.747 693.964 711.679 496.733 424.933 895.361 867.751 1142.36 856.211
threshold=1052.5000000000002 112.50000000000001 3.6706827309236951 201.50000000000003 46.058823529411775 1155.2500000000002 244.28000000000003 1.1431774503523384 228.20416666666671 214.81500000000003 218.04500000000004 989.40250000000003 3.5000000000000004 105.50000000000001
decision_type=2 2 2 2 2 2 2 2 2 2 2 2 2 2
left_child=1 4 -3 -4 9 6 8 -8 -6 11 -11 13 -13 -1
right_child=-2 2 3 -5 5 -7 7 -9 -10 10 -12 12 -14 -15
leaf_value=-0.00045525565956090584 0.0049558027712707457 -0.00067060441612833794 -0.024277986387054307 0.0015501679141280381 0.0047882983575237657 0.010381969866432771 -0.003562293728695559 0.010657421008420568 0.024568955152329808 0.020243638706609422 0.00070006879173288388 -0.011974264044505316 0.002965795359728404 0.01184707525828177
leaf_weight=352154.4388256073 10425.660659790039 282735.92997550964 2842.6188292503357 2766.2397384643555 5168.3677458763123 11714.102889060974 23352.631777763367 3644.6919345855713 1452.3326530456543 2101.9757480621338 367487.44455814362 12974.987893104553 7124.9163055419922 5146.2357416152954
leaf_count=11813 21 2979 106 40 205 128 614 67 35 44 7090 223 33 63
internal_value=2.11098e-06 -4.57703e-05 -0.000883592 -0.0115795 0.000259148 0.00305688 0.000499825 -0.00163614 0.00918836 8.92857e-05 0.000812309 -0.000618778 -0.0066807 -0.000277411
internal_weight=1.09109e+06 1.08067e+06 288345 5608.86 792322 45332.1 33618 26997.3 6620.7 746990 369589 377401 20099.9 357301
internal_count=23461 23440 3125 146 20315 1049 921 681 240 19266 7134 12132 256 11876
is_linear=0
shrinkage=0.03


Tree=316
num_leaves=15
num_cat=0
split_feature=17 17 5 5 6 5 18 22 0 18 20 18 5 0
split_gain=361.925 402.367 1090.22 1152.66 782.428 708.64 827.809 968.288 762.275 835.766 658.375 572.291 564.472 758.137
threshold=121.25000000000001 46.058823529411775 1155.2500000000002 244.28000000000003 506.76164072374951 291.83833333333337 7.1050925925925936 0.24885321100917435 46.500000000000007 10.834421235857269 0.013548644999590123 3.2759976525821597 233.47333333333339 9.5000000000000018
decision_type=2 2 2 2 2 2 2 2 2 2 2 2 2 2
left_child=1 -1 3 12 5 -5 7 -7 -8 -10 -4 -9 13 -3
right_child=-2 2 10 4 -6 6 8 11 9 -11 -12 -13 -14 -15
leaf_value=1.0241557096982856e-05 -0.010183027696996931 0.020846617290281904 0.011048554389456899 -0.010264937755421772 -0.012722268100892059 0.0063474913240196273 0.0010167660421216401 -0.01155061097506647 -0.019954311134967675 -0.00047950667775848154 -0.00093455094019942583 0.00072159454283337373 0.025084132863471911 0.0011866691533858763
leaf_weight=990607.45685744286 3011.0996351242065 2403.3080635070801 16033.037103652954 5659.4547038078308 4718.582501411438 28263.166719913483 9565.3462333679199 4735.1644372940063 4548.4148468971252 3506.5605373382568 5550.177882194519 12171.586948394775 1753.4286098480225 6511.4938888549805
leaf_count=21539 58 29 150 185 69 458 127 120 131 63 57 224 39 241
internal_value=0.000169145 0.000197771 0.00195961 0.000410983 -0.00093307 -0.000116903 0.000800745 0.00295197 -0.00471106 -0.0114986 0.00796906 -0.00272513 0.0096137 0.00652152
internal_weight=1.09904e+06 1.09603e+06 105420 83836.5 73168.3 68449.7 62790.2 45169.9 17620.3 8054.98 21583.2 16906.8 10668.2 8914.8
internal_count=23490 23432 1893 1686 1377 1308 1123 802 321 194 207 344 309 270
is_linear=0
shrinkage=0.03


Tree=317
num_leaves=15
num_cat=0
split_feature=17 15 4 17 1 10 17 4 4 4 19 17 4 19
split_gain=332.888 481.131 564.032 536.703 750.011 576.616 473.775 441.193 597.257 953.205 995.699 936.884 733.917 558.289
threshold=46.058823529411775 6762.9100000000008 5977.1900000000014 48.125000000000007 157.50000000000003 3.5000000000000004 45.854166666666679 252.87000000000003 1103.2250000000001 1016.2600000000001 56.500000000000007 103.33333333333336 1184.5950000000003 67.500000000000014
decision_type=2 2 2 2 2 2 2 2 2 2 2 2 2 2
left_child=6 2 3 4 -2 7 -1 -5 9 10 -9 12 -10 -12
right_child=1 -3 -4 5 -6 -7 -8 8 11 -11 13 -13 -14 -15
leaf_value=-8.1373666753045023e-05 0.014421039762040944 0.013907102624868392 -0.005766978603618556 0.009483204600183941 -0.00017341395634535604 0.012189462599884515 -0.01499765737074344 -0.01281993431845091 0.017801556971196498 -0.021000156863498105 0.011463944720217622 -0.0099423735894699806 0.0024405280318058947 -0.0010850066604349748
leaf_weight=974787.53576731682 6886.1254663467407 2783.8532562255859 9217.3962821960449 4672.6024484634399 5855.6819019317627 4010.8486175537109 1900.2068471908569 5634.1257910728455 2996.9069995880127 2520.5193204879761 3982.6519713401794 5190.869366645813 38994.303894996643 15715.864325523376
leaf_count=21343 91 10 72 169 121 34 58 187 44 66 91 88 548 434
internal_value=6.44114e-05 0.00164101 0.00131532 0.00199313 0.00772419 0.00111924 -0.000110701 0.000559271 1.18009e-06 -0.00348092 -0.00172262 0.00205738 0.0035448 0.0014612
internal_weight=1.08515e+06 108462 105678 96460.5 12741.8 83718.7 976688 79707.8 75035.2 27853.2 25332.6 47182.1 41991.2 19698.5
internal_count=23356 1955 1945 1873 212 1661 21401 1627 1458 778 712 680 592 525
is_linear=0
shrinkage=0.03


Tree=318
num_leaves=15
num_cat=0
split_feature=21 17 22 6 17 18 18 15 22 19 17 8 13 6
split_gain=353.603 647.112 949.254 737.661 756.455 1353.39 758.739 728.831 681.496 624.87 492.767 450.511 415.768 1268.06
threshold=1.0000000180025095e-35 19.519230769230774 0.38524247491638802 274.39668780133763 5.5312500000000009 30.871929824561409 14.749045801526719 1395.4350000000002 0.24885321100917435 35.500000000000007 18.267857142857146 0.2017946241751167 341.97500000000008 782.59182016097759
decision_type=2 2 2 2 2 2 2 2 2 2 2 2 2 2
left_child=1 3 9 4 8 6 10 -4 11 -3 -6 -1 13 -11
right_child=-2 2 7 -5 5 -7 -8 -9 -10 12 -12 -13 -14 -15
leaf_value=-0.034338578413650005 -0.00015663714262464517 -0.0097217255154473103 -0.014290765150843304 -0.0022925554845168879 0.0074360526057418216 0.026928289359636946 -0.0022851941328958475 0.0031384088069791537 0.0081588031631739198 0.0020107744786844245 0.023246663372385446 -0.0034400285917702438 0.00075309321924715248 0.026014330269489825
leaf_weight=902.70272779464722 966713.51713275909 4400.6358575820923 6764.5795011520386 10952.99427986145 17811.789975643158 3074.2950420379639 7302.3027648925781 3158.2275524139404 1378.7956085205078 9683.2200241088867 1958.1793642044067 795.96746015548706 50794.896208763123 2471.4200439453125
leaf_count=59 21571 142 172 103 415 33 167 30 35 196 34 26 376 11
internal_value=3.50562e-05 0.00156066 -9.53062e-05 0.00445597 0.0066808 0.00812739 0.00597408 -0.00874826 -0.00745085 0.00118177 0.00902398 -0.0200686 0.00194685 0.00692617
internal_weight=1.08816e+06 121450 77273 44177 33224 30146.6 27072.3 9922.81 3077.47 67350.2 19770 1698.67 62949.5 12154.6
internal_count=23370 1799 927 872 769 649 616 202 120 725 449 85 583 207
is_linear=0
shrinkage=0.03


Tree=319
num_leaves=15
num_cat=0
split_feature=2 12 20 2 12 12 14 16 18 18 5 1 0 18
split_gain=397.806 807.742 709.555 845.581 592.072 639.929 500.651 494.973 556.323 449.563 473.893 418.146 402.432 378.743
threshold=6.5000000000000009 5279.8700000000017 0.00059103121928520382 25.500000000000004 2714.1300000000006 1973.8150000000003 8907.1250000000018 0.04629389744209602 11.750912408759126 4.4369448340345965 359.70442307692309 309.50000000000006 77.500000000000014 125.42857142857144
decision_type=2 2 2 2 2 2 2 2 2 2 2 2 2 2
left_child=1 4 3 9 5 6 13 8 -4 -2 11 -11 -10 -1
right_child=2 -3 7 -5 -6 -7 -8 -9 12 10 -12 -13 -14 -15
leaf_value=0.00029748767544124594 0.0033388674440591537 0.01473127649009672 -0.0010438414979583876 -0.018817323023877303 -0.014149715136848833 0.010834215307743195 -0.014214426733794781 -0.0010769472371281955 0.002558443935174618 -0.011908108135651251 -0.0014960874548479871 -0.0025850581149032431 0.011049984536207256 0.0049124418568929195
leaf_weight=684646.23076844215 8364.0071983337402 3531.3312225341797 45900.847711086273 3220.7617406845093 2492.3733940124512 5270.6378936767578 2094.4855461120605 204046.97865867615 55009.308937072754 10266.544263839722 23645.271056175232 7500.3717107772827 5511.264910697937 16368.116665363312
leaf_count=19508 141 12 644 27 22 42 28 1520 374 162 215 150 79 317
internal_value=4.83289e-05 0.000459413 -0.000759652 -0.00396719 0.000388104 0.000439652 0.000361426 -0.000211904 0.00144658 -0.00299915 -0.00428023 -0.00797968 0.00333512 0.00040538
internal_weight=1.07787e+06 714403 363465 52997 710872 708379 703109 310468 106421 49776.2 41412.2 17766.9 60520.6 701014
internal_count=23241 19929 3312 695 19917 19895 19853 2617 1097 668 527 312 453 19825
is_linear=0
shrinkage=0.03


Tree=320
num_leaves=15
num_cat=0
split_feature=20 19 20 16 16 7 16 17 19 17 22 16 7 17
split_gain=271.589 434.042 1148.39 864.697 936.939 707.997 1308.35 697.089 690.709 1539.73 607.221 911.875 671.654 832.963
threshold=0.016498647910523679 42.500000000000007 0.084341099394573946 0.99547203983676613 0.99663271259477748 172.25000000000003 0.18444495905361355 4.041666666666667 7.5000000000000009 6.7638888888888902 0.49074074074074076 0.38877716599993589 92.100000000000009 5.0312500000000009
decision_type=2 2 2 2 2 2 2 2 2 2 2 2 2 2
left_child=-1 2 5 8 -5 7 -7 -2 9 -4 11 12 13 -10
right_child=1 -3 3 4 -6 6 -8 -9 10 -11 -12 -13 -14 -15
leaf_value=-0.00042541036353848104 0.012388482776985251 -0.00011643810393684119 0.0021932350988043332 -0.028543765833540426 -0.0049630534644350324 0.0049873438340039718 0.031939720845519874 0.0022797332153798979 -0.015977279711050545 0.041376110925330875 0.0064505267364965311 0.0025225228722916154 -0.025526221408388245 0.0069286835816650865
leaf_weight=758271.34895706177 7047.3991093635559 230527.70486783981 4044.7255725860596 1783.3635025024414 9621.4211378097534 5206.548023223877 2340.0749397277832 46892.183564186096 3287.3840389251709 1142.8085432052612 6754.4238262176514 8698.455057144165 2203.059627532959 2499.8774466514587
leaf_count=17852 108 2930 162 92 244 202 38 1123 45 22 210 154 143 70
internal_value=-0.000112092 0.000603388 0.00223762 -0.00171604 -0.00869388 0.00481168 0.0134071 0.00360458 0.00106764 0.0109509 -0.00112682 -0.00419764 -0.0115014 -0.00609299
internal_weight=1.09032e+06 332049 101522 40035.5 11404.8 61486.2 7546.62 53939.6 28630.7 5187.53 23443.2 16688.8 7990.32 5787.26
internal_count=23395 5543 2613 1142 336 1471 240 1231 806 184 622 412 258 115
is_linear=0
shrinkage=0.03


Tree=321
num_leaves=15
num_cat=0
split_feature=15 18 7 18 5 14 18 0 8 14 18 18 22 5
split_gain=410.047 789.464 468.971 314.123 1343.21 1161.28 575.49 485.069 485.875 437.412 1131.49 846.913 479.701 553.125
threshold=1708.1600000000003 285.73181818181826 76.071428571428584 125.42857142857144 449.74454545454552 883.5150000000001 365.76315789473693 11.500000000000002 0.69113355780022456 3109.1200000000003 55.125000000000007 22.543472445157843 0.087595907928388769 511.65666666666669
decision_type=2 2 2 2 2 2 2 2 2 2 2 2 2 2
left_child=3 2 -2 9 6 -6 -5 -7 -9 -1 11 12 13 -11
right_child=1 -3 -4 4 5 7 -8 8 -10 10 -12 -13 -14 -15
leaf_value=-0.00023788461479498296 0.0010575365878515064 -0.0087676182907399421 0.006970650356270711 -0.020451004380802027 0.021049693145690492 0.008658587900122602 0.0036407271004954764 -0.0095852483167580809 0.0052668019468974925 -0.014161134631865833 -0.01612052939999755 0.0046948096970180417 -0.0010927251235616929 -0.0031204330773605877
leaf_weight=768049.68683004379 213404.88504123688 7079.775050163269 12776.28445148468 2687.8137321472168 3914.4674491882324 6597.4567928314209 1323.0069732666016 4046.2397842407227 3850.246467590332 6945.4428901672363 5284.8045825958252 14206.393199920654 24235.104259490967 9908.4005737304688
leaf_count=21024 1383 44 147 118 62 32 48 62 27 66 46 82 192 95
internal_value=-3.12356e-05 0.00108305 0.00139214 -0.000336664 0.00316575 0.00659444 -0.0125255 0.0026668 -0.00234853 -0.000431499 -0.0028853 -0.00161498 -0.0037978 -0.00768168
internal_weight=1.08431e+06 233261 226181 851049 22419.2 18408.4 4010.82 14493.9 7896.49 828630 60580.1 55295.3 41088.9 16853.8
internal_count=23428 1574 1530 21854 349 183 166 121 89 21505 481 435 353 161
is_linear=0
shrinkage=0.03


Tree=322
num_leaves=15
num_cat=0
split_feature=18 5 17 8 17 19 17 5 5 22 6 18 9 18
split_gain=574.552 926.53 539.696 558.883 378.148 741.621 643.472 821.745 370.27 757.161 750.413 326.251 432.99 322.459
threshold=285.73181818181826 2250.4095454545454 1.9411764705882355 0.50074626865671656 63.166666666666679 69.500000000000014 61.125000000000007 343.11187500000005 1390.0250000000003 0.59729729729729741 449.56314529069056 145.15053763440864 2.5000000000000004 1.901388888888889
decision_type=2 2 2 2 2 2 2 2 2 2 2 2 2 2
left_child=4 2 3 -2 6 -6 11 -8 9 10 13 -1 -13 -7
right_child=1 -3 -4 -5 5 8 7 -9 -10 -11 -12 12 -14 -15
leaf_value=-5.4258575747774036e-05 -0.018361940484395954 -0.018073266080596475 0.0037970262244303187 -8.1360290572414824e-05 0.013870563825410513 0.01375622359279245 0.0042276190531186173 -0.025620282177863614 0.0063032495825657113 -0.014308115587350269 -0.0096066532581863557 0.0064790441909301118 -0.0014557470988103458 0.0023369880177458884
leaf_weight=993084.91405749321 2698.4191656112671 3970.0140790939331 7437.7536611557007 3372.8659782409668 4820.4153213500977 2473.3648962974548 1427.1179466247559 1948.1346702575684 10584.26430606842 3059.8904647827148 4657.6642284393311 15697.967445850372 10199.552086830139 20871.71856880188
leaf_count=22050 86 50 55 32 89 49 40 53 109 100 58 134 21 349
internal_value=2.10639e-05 -0.00537096 -0.00161683 -0.00823989 0.000109341 0.00275558 -1.09846e-05 -0.0130495 0.00146304 -0.00018921 0.00136269 3.24591e-05 0.00335527 0.00355757
internal_weight=1.0863e+06 17479.1 13509 6071.29 1.06883e+06 46467.3 1.02236e+06 3375.25 41646.9 31062.6 28002.7 1.01898e+06 25897.5 23345.1
internal_count=23275 223 173 118 23052 754 22298 93 665 556 456 22205 155 398
is_linear=0
shrinkage=0.03


Tree=323
num_leaves=15
num_cat=0
split_feature=15 9 19 19 7 7 1 19 7 2 0 19 7 7
split_gain=238.603 464.508 582.168 538.148 1285.82 1419.18 697.068 460.521 371.071 399.925 368.051 750.865 451.836 342.99
threshold=1757.4050000000002 2.5000000000000004 110.50000000000001 104.50000000000001 50.071428571428577 66.062500000000014 197.50000000000003 28.500000000000004 19.174242424242429 10.500000000000002 182.50000000000003 76.500000000000014 70.100000000000009 49.050000000000004
decision_type=2 2 2 2 2 2 2 2 2 2 2 2 2 2
left_child=1 2 3 -1 -5 -6 -7 -3 9 -9 12 -12 -2 -4
right_child=10 7 13 4 5 6 -8 8 -10 -11 11 -13 -14 -15
leaf_value=-0.00012251787452161183 0.00036566923303437072 0.012204200220877568 -0.0034568134633670244 -0.0037350826561392495 0.0267087036738318 0.016797712821908437 -0.0036868707022087747 0.011071681024871736 -0.0014664542137314059 0.001654149360599025 -0.0039497929185811284 0.016056824707691552 0.0062302440324708414 -0.00036611767284009322
leaf_weight=661690.62796092033 211015.60329914093 4346.9395189285278 76673.363905906677 8280.613338470459 3777.2615165710449 2300.2943248748779 4188.6404418945312 6054.9598846435547 16068.507146835327 12252.194103240967 2886.632306098938 4024.94105052948 12505.670583724976 55856.557259559631
leaf_count=19009 1291 41 1016 128 40 28 84 72 202 76 72 62 123 1060
internal_value=4.91426e-05 -0.000182624 -0.000335596 1.88223e-05 0.00505609 0.0121404 0.00360411 0.00302669 0.00185974 0.00477761 0.000905502 0.00771373 0.000694311 -0.00215445
internal_weight=1.08192e+06 851490 812767 680237 18546.8 10266.2 6488.93 38722.6 34375.7 18307.2 230433 6911.57 223521 132530
internal_count=23304 21756 21365 19289 280 152 112 391 350 148 1548 134 1414 2076
is_linear=0
shrinkage=0.03


Tree=324
num_leaves=15
num_cat=0
split_feature=8 1 6 18 18 18 18 18 18 10 16 5 1 16
split_gain=330.68 733.931 688.211 677.459 646.157 1123.57 817.91 1684.21 1153.15 1148.94 754.858 732.758 684.851 713.578
threshold=0.06859943977591039 44.500000000000007 108.01407592583928 1.3494186046511631 17.157164948453612 18.96997200594874 3.8291793313069915 3.1286141228801783 4.3601346801346805 1.5000000000000002 0.99956006597715563 385.53625000000005 7.5000000000000009 -0.99563747363048105
decision_type=2 2 2 2 2 2 2 2 2 2 2 2 2 2
left_child=4 2 -2 -3 6 11 7 12 -8 -9 -7 -6 -1 -14
right_child=1 3 -4 -5 5 10 8 9 -10 -11 -12 -13 13 -15
leaf_value=0.015523553186566603 0.014743219158704312 0.016520920612617774 0.0011335459908946835 0.00013120953113387023 -0.02346971651086131 -0.00098860346756495681 0.010685410156602421 -0.02069372852860173 0.00016535925403614175 0.0026529009003653358 -0.013206830030569817 -0.0055341007298706363 0.013366297657139503 -0.0031305497414062223
leaf_weight=2185.3499135971069 6040.0634489059448 2256.7039375305176 7469.3247604370117 746227.61090898514 3788.3856348991394 54852.41760468483 9851.0120902061462 7368.6089656352997 187631.47876739502 2546.8212003707886 4943.0340909957886 4476.0658416748047 2551.6407055854797 28666.583955287933
leaf_count=58 127 38 127 12763 204 1478 327 442 6109 43 62 89 89 1330
internal_value=-2.93902e-05 0.000306244 0.00723125 0.000181065 -0.000857402 -0.00343797 -0.000127809 -0.00385992 0.000691159 -0.0147038 -0.00200271 -0.0137925 -0.000634181 -0.00177448
internal_weight=1.07086e+06 761994 13509.4 748484 308861 68059.9 240801 43319 197482 9915.43 59795.5 8264.45 33403.6 31218.2
internal_count=23286 13055 254 12801 10231 1833 8398 1962 6436 485 1540 293 1477 1419
is_linear=0
shrinkage=0.03


Tree=325
num_leaves=15
num_cat=0
split_feature=1 4 4 18 18 17 20 17 18 4 18 17 18 18
split_gain=472.576 350.97 1668.24 866.736 921.845 1000.57 878.309 650.802 647.785 736.985 1215.7 776.885 775.452 1074.81
threshold=553.50000000000011 304.17500000000001 298.91500000000002 6.2954963235294121 5.9560386473429956 16.837719298245617 0.39988377552601978 21.981481481481485 64.292913608131002 258.5750000000001 59.937304075235112 16.837719298245617 24.015151515151519 16.09232954545455
decision_type=2 2 2 2 2 2 2 2 2 2 2 2 2 2
left_child=1 2 3 4 -1 -6 7 8 9 10 11 12 13 -5
right_child=-2 -3 -4 6 5 -7 -8 -9 -10 -11 -12 -13 -14 -15
leaf_value=0.0022212492051753639 0.0053216412005229379 -0.00034589126034684914 0.016452038134229557 -0.0040369713168895566 0.0037853797928829305 0.035196458622920195 0.017287450657846256 -0.023201507497044936 -0.018997242529199692 0.0043813574277653602 0.034837416360476582 -0.022231920291578743 -0.015321492043337921 0.009940653498155096
leaf_weight=53598.46910572052 14393.773066043854 943995.03157091141 6226.684889793396 30558.842989444733 2071.0881652832031 1619.5561103820801 2062.8587474822998 1320.0455508232117 1945.5540416240692 14447.265868663788 714.46253776550293 2005.0976366996765 4227.0716390609741 5888.1924715042114
leaf_count=2669 139 16879 180 1807 108 34 65 71 156 524 22 126 300 296
internal_value=-7.42678e-05 -0.000146906 0.00133565 0.000551662 0.00322326 0.0176848 -0.0018715 -0.00252372 -0.00205956 -0.00148347 -0.00343719 -0.00409394 -0.00318931 -0.00177461
internal_weight=1.08507e+06 1.07068e+06 126685 120459 57289.1 3690.64 63169.4 61106.5 59786.5 57840.9 43393.7 42679.2 40674.1 36447
internal_count=23376 23237 6358 6178 2811 142 3367 3302 3231 3075 2551 2529 2403 2103
is_linear=0
shrinkage=0.03


Tree=326
num_leaves=15
num_cat=0
split_feature=19 4 4 4 4 0 18 4 18 4 18 19 19 19
split_gain=353.012 500.937 900.592 1232.06 834.245 722.411 662.349 611.713 1207.39 1117.08 986.174 1526.09 712.737 1651.39
threshold=10.500000000000002 306.62000000000006 294.04000000000002 291.41500000000002 334.63500000000005 23.500000000000004 10.578630310716553 258.5750000000001 11.750912408759126 252.87000000000003 4.0139114619611496 52.500000000000007 45.500000000000007 37.500000000000007
decision_type=2 2 2 2 2 2 2 2 2 2 2 2 2 2
left_child=-1 2 3 7 -3 -4 -7 9 10 12 11 -9 13 -2
right_child=1 4 5 -5 -6 6 -8 8 -10 -11 -12 -13 -14 -15
leaf_value=-0.0019431160379390344 0.00094121459440454057 -0.0069944998594785911 -0.0073354889546937791 -0.027132634388752023 -2.1012176696575182e-05 0.0083079779630316746 0.026660153305721166 0.023016978554584358 0.021741832309194988 -0.027988561839991807 -0.0036373720651724584 -0.01270527039578611 0.010036940643341086 -0.022403370303165603
leaf_weight=85842.515707492828 43771.142184019089 15688.291573047638 1585.4467868804932 1338.0659050941467 902666.90116357803 5045.8303022384644 2731.1712732315063 3733.7346248626709 3700.75847864151 1222.2393035888672 8770.6230363845825 1494.050567150116 6555.4487404823303 2888.3531284332275
leaf_count=3718 2212 702 56 73 15192 176 65 100 95 83 354 68 243 208
internal_value=-9.70491e-05 6.12689e-05 0.00229531 0.00117731 -0.00014029 0.0110479 0.0148049 0.00170981 0.00655135 0.000133845 0.00251016 0.0127984 0.000790033 -0.00051286
internal_weight=1.08703e+06 1.00119e+06 82836.9 73474.4 918355 9362.45 7777 72136.4 17699.2 54437.2 13998.4 5227.79 53214.9 46659.5
internal_count=23345 19627 3733 3436 15894 297 241 3363 617 2746 522 168 2663 2420
is_linear=0
shrinkage=0.03


Tree=327
num_leaves=15
num_cat=0
split_feature=21 5 5 4 17 5 7 7 17 5 16 13 5 18
split_gain=390.293 646.91 666.003 595.831 724.131 500.73 732.87 450.248 811.417 883.799 428.571 414.85 857.869 715.172
threshold=1.0000000180025095e-35 261.80071428571438 151.35500000000005 388.49500000000006 16.837719298245617 187.38138888888892 36.050000000000004 7.0340909090909101 14.35416666666667 195.77500000000003 0.99800651865993961 336.5750000000001 960.5200000000001 8.525062656641607
decision_type=2 2 2 2 2 2 2 2 2 2 2 2 2 2
left_child=1 2 -1 4 -3 -4 -7 8 10 -10 -2 12 13 -5
right_child=7 3 5 11 -6 6 -8 -9 9 -11 -12 -13 -14 -15
leaf_value=-0.0051236133220399051 -0.0078057551980805183 0.0074650336365372589 0.019887475274386533 0.011833520745840848 -0.021492438863081487 -0.0096294566616849375 0.011269371058612029 -0.0001787257319868544 0.01625534669368553 0.0029628555917514984 0.0075729063548504207 0.00024667335127258495 0.011483518925614836 -0.0040310397385247597
leaf_weight=3009.8146390914917 7030.354163646698 1180.7262072563171 3650.2441129684448 3383.7965507507324 2208.533371925354 1922.9053630828857 6801.3251595497131 928759.45647883415 5948.4060664176941 18372.558875083923 2104.2856616973877 75198.049118995667 9969.2698354721069 10264.457721710205
leaf_count=163 236 41 77 72 105 55 158 20856 91 272 35 722 128 256
internal_value=0.000143872 0.00177525 0.00750643 0.000911275 -0.0114198 0.0105817 0.00665158 -5.55271e-05 0.00336265 0.00622461 -0.00425427 0.00133644 0.00480312 -8.61969e-05
internal_weight=1.0798e+06 117589 15384.3 102205 3389.26 12374.5 8724.23 962215 33455.6 24321 9134.64 98815.6 23617.5 13648.3
internal_count=23267 1777 453 1324 146 290 213 21490 634 363 271 1178 456 328
is_linear=0
shrinkage=0.03


Tree=328
num_leaves=15
num_cat=0
split_feature=17 18 18 13 7 18 1 5 5 16 18 1 18 7
split_gain=461.032 377.911 932.627 661.896 660.128 757.856 633.921 577.676 1129.14 632.436 1056.16 675.454 597.736 660.884
threshold=121.25000000000001 9.1336769759450185 8.6939799331103682 837.18000000000018 76.071428571428584 8.6311047889995276 46.500000000000007 96.575000000000003 104.76250000000002 -0.3007653743635566 9.2364315892102713 182.50000000000003 16.09232954545455 57.071428571428577
decision_type=2 2 2 2 2 2 2 2 2 2 2 2 2 2
left_child=1 2 4 6 -1 -6 -4 12 -9 10 -10 -12 -3 -14
right_child=-2 7 3 -5 5 -7 -8 8 9 -11 11 -13 13 -15
leaf_value=0.00076273674500952778 -0.011076468521829815 -0.015115886695356089 0.005328957133875171 0.0021943510644069383 -0.0021034782193123515 0.021700118604248989 -0.010430415059654467 0.021355425648696566 0.024180616597372504 0.00028065732350344839 0.020919505596879429 0.0020858639244918896 -0.016119354372170519 0.0096229367881740593
leaf_weight=255621.01783275604 3245.6270866394043 4206.6633276939392 2613.5556683540344 6990.8109359741211 126636.48452758789 1195.4481439590454 18325.813528060913 2364.8931255340576 2028.9912395477295 558717.98818159103 1724.9289855957031 97213.269115924835 1325.6759586334229 2675.8211557865143
leaf_count=5335 65 339 77 76 5176 34 615 90 42 8726 38 2394 94 178
internal_value=0.000178637 0.000212614 -0.000503139 -0.00579374 -0.000117497 -0.00187751 -0.00846019 0.000651922 0.000750085 0.000675572 0.00286041 0.00241838 -0.00724821 0.00105689
internal_weight=1.08489e+06 1.08164e+06 411383 27930.2 383453 127832 20939.4 670258 662050 659685 100967 98938.2 8208.16 4001.5
internal_count=23279 23214 11313 768 10545 5210 692 11901 11290 11200 2474 2432 611 272
is_linear=0
shrinkage=0.03


Tree=329
num_leaves=15
num_cat=0
split_feature=0 0 5 4 7 19 4 7 13 4 12 16 4 14
split_gain=314.764 350.839 954.708 513.22 554.866 551.911 348.164 325.35 382.17 431.333 337.246 377.344 1044.55 664.801
threshold=409.50000000000006 328.50000000000006 303.23750000000007 95.605000000000004 34.031250000000007 39.500000000000007 1049.7100000000003 66.062500000000014 2897.6800000000007 17.675000000000004 1857.6450000000002 0.26742886634536372 3039.5200000000004 2758.3800000000006
decision_type=2 2 2 2 2 2 2 2 2 2 2 2 2 2
left_child=1 7 3 -3 -5 -6 -4 -1 9 -9 11 -11 13 -13
right_child=-2 2 6 4 5 -7 -8 8 -10 10 -12 12 -14 -15
leaf_value=4.6026214229424832e-05 -0.0097881672357023487 0.020018855414233004 0.0099515730185159145 0.020801812912440085 -0.026621681543326683 0.0096261202502850637 0.029847420415885083 0.016583342658938481 -0.010070717178288682 -0.00010097911849803301 0.011193371360376203 -0.001789036756692569 -0.014092165564095128 0.018434596053056265
leaf_weight=712927.81925535202 3126.0033321380615 547.75529289245605 2128.9778003692627 380.39090967178345 1542.8052096366882 487.13406610488892 1272.338351726532 1238.2357840538025 4164.2347049713135 177388.29582977295 2005.8403472900391 171621.98023223877 6239.4036445617676 1455.6097259521484
leaf_count=11012 345 50 126 19 204 30 34 67 41 5898 18 5513 99 13
internal_value=-0.000312587 -0.000285066 0.00672956 -0.0057178 -0.0116832 -0.0179141 0.017525 -0.000326608 -0.00105618 -0.000951339 -0.00101279 -0.00108205 -0.00205245 -0.00161684
internal_weight=1.08653e+06 1.0834e+06 6359.4 2958.09 2410.33 2029.94 3401.32 1.07704e+06 364114 359949 358711 356705 179317 173078
internal_count=23469 23124 463 303 253 234 160 22661 11649 11608 11541 11523 5625 5526
is_linear=0
shrinkage=0.03


Tree=330
num_leaves=15
num_cat=0
split_feature=4 4 20 17 18 15 20 15 6 17 18 6 19 22
split_gain=361.846 671.339 466.247 366.678 765.841 1142.57 1784.07 1054.75 904.062 841.478 779.352 524.53 472.23 584.736
threshold=77.020000000000024 68.77500000000002 0.99398728250621604 3.4529914529914536 11.820550351288057 347.33500000000004 0.020304039316676434 1477.2950000000003 261.49380403072968 2.5131578947368425 7.1651515151515168 37.554441148817553 6.5000000000000009 0.95833333333333337
decision_type=2 2 2 2 2 2 2 2 2 2 2 2 2 2
left_child=1 2 -1 4 9 6 8 -7 -6 10 -2 -8 13 -5
right_child=3 -3 -4 12 5 7 11 -9 -10 -11 -12 -13 -14 -15
leaf_value=-0.0057620410168659477 -0.022414416230057917 -0.030907427009844776 0.021358143621903674 -0.0093555680681285201 -0.0023111494810558702 0.010486396393187358 -0.0089327358664782232 -0.0014534729326387498 0.026352286861119078 0.027921455837667277 0.016051049808601475 -0.035613623598435687 -0.00010654972050003771 0.0062378729394098253
leaf_weight=6388.4752862453461 773.04861640930176 879.24734902381897 606.64650535583496 9855.8786761760712 14641.459852695465 15249.012441635132 1060.2448811531067 11800.609949111938 1042.0840129852295 2114.1187176704407 1158.6092958450317 1829.5321507453918 1010305.9111585617 2756.4884054660797
leaf_count=561 51 106 11 536 599 201 47 63 9 69 51 72 20823 148
internal_value=-0.000103481 -0.00650278 -0.00335588 -5.63801e-05 0.00246034 0.00134788 -0.0043787 0.00528031 -0.000375487 0.0149369 0.000585243 -0.0259532 -0.000178628 -0.00594307
internal_weight=1.08046e+06 7874.37 6995.12 1.07259e+06 49668.7 45622.9 18573.3 27049.6 15683.5 4045.78 1931.66 2889.78 1.02292e+06 12612.4
internal_count=23347 678 572 22669 1162 991 727 264 608 171 102 119 21507 684
is_linear=0
shrinkage=0.03


Tree=331
num_leaves=15
num_cat=0
split_feature=17 17 5 17 5 4 4 5 5 7 16 20 17 5
split_gain=450.064 353.498 938.554 654.637 1304.38 819.807 1513.22 1067.73 902.417 754.127 709.081 593.133 1147.53 536.659
threshold=121.25000000000001 4.041666666666667 2250.4095454545454 1.5277777777777779 63.110714285714295 470.02000000000004 1754.345 337.09888888888895 210.20750000000004 37.050000000000004 -0.99705877724772607 0.033897229958118898 3.0306122448979598 96.575000000000003
decision_type=2 2 2 2 2 2 2 2 2 2 2 2 2 2
left_child=1 2 3 -1 -5 10 7 8 -7 -8 -6 13 -13 -12
right_child=-2 -3 -4 4 5 6 9 -9 -10 -11 11 12 -14 -15
leaf_value=-0.0020528055116027137 -0.011552419417483507 3.3124355512634092e-05 -0.019370686959097955 -0.014031355632912619 0.035622820582264909 -0.010303663290630545 0.0035020891174251762 -0.019572790868868248 0.011008475541185747 0.015397082558025911 -0.005154135083436249 0.0012259177873008259 0.038460040348475624 0.010014363873337163
leaf_weight=18646.24515414238 2932.0123958587646 1011479.5067839622 1748.7051095962524 3183.3358814716339 991.05272102355957 3511.3695855140686 14015.437803268433 3573.0433444976807 3602.2898368835449 7286.2771034240723 2686.5726068019867 1366.4896063804626 1621.3659963607788 9411.1513891220093
leaf_count=676 60 21101 21 294 16 107 68 104 67 51 195 63 29 380
internal_value=0.000145505 0.000177384 0.0022135 0.0027589 0.00450971 0.00574301 0.00296212 -0.00624245 0.000489208 0.00758141 0.0112657 0.00962053 0.0215525 0.00664291
internal_weight=1.08605e+06 1.08312e+06 71643.3 69894.6 51248.4 48065 31988.4 10686.7 7113.66 21301.7 16076.6 15085.6 2987.86 12097.7
internal_count=23232 23172 2071 2050 1374 1080 397 278 174 119 683 667 92 575
is_linear=0
shrinkage=0.03


Tree=332
num_leaves=15
num_cat=0
split_feature=4 17 17 5 4 4 17 17 4 5 5 19 5 15
split_gain=289.107 670.171 1079.81 1228.33 593.56 449.192 397.035 854.341 387.363 1560.54 1152.17 1018.14 1035.48 816.357
threshold=50.515000000000008 1.5277777777777779 2.025641025641026 449.74454545454552 114.07500000000002 101.38000000000001 1.9411764705882355 3.8452380952380958 306.62000000000006 293.80500000000006 288.20066666666673 3.5000000000000004 285.86375000000004 257.04500000000007
decision_type=2 2 2 2 2 2 2 2 2 2 2 2 2 2
left_child=6 4 3 -3 5 -2 -1 -8 9 10 11 -4 13 -13
right_child=1 2 8 -5 -6 -7 7 -9 -10 -11 -12 12 -14 -15
leaf_value=0.015033919865239932 -0.03803595432384603 0.0019427473390256304 0.018939848740330265 0.02308725288971257 -0.0046066685971347188 0.0014912598927464974 -0.014679720291088794 0.018387306995194384 -0.00031030193174126701 0.012948744463074266 -0.020498867000328626 -0.00044843996801067419 0.026288488436659017 0.013501327015308033
leaf_weight=2672.0496792793274 851.31819033622742 7005.1246333122253 2731.3939085006714 3805.0686702728271 13673.702766418457 365.96059894561768 1680.5214569568634 1179.0943329334259 937290.95079898834 9827.7332262992859 2287.6022777557373 97053.012109994888 1356.7444458007812 3908.4175863265991
leaf_count=153 109 268 128 25 387 25 163 70 16595 291 112 4944 30 146
internal_value=-6.3515e-05 -9.86095e-05 -1.02015e-05 0.00941427 -0.00641461 -0.0263205 0.006765 -0.00101231 -0.000106997 0.00151917 0.000470464 0.000930916 0.000446558 9.41503e-05
internal_weight=1.08569e+06 1.08016e+06 1.06527e+06 10810.2 14891 1217.28 5531.67 2859.62 1.05446e+06 117165 107337 105050 102318 100961
internal_count=23446 23060 22539 293 521 134 386 233 22246 5651 5360 5248 5120 5090
is_linear=0
shrinkage=0.03


Tree=333
num_leaves=15
num_cat=0
split_feature=17 18 6 18 4 1 22 16 17 22 8 17 16 1
split_gain=527.758 544.293 530.258 435.689 457.06 536.193 421.696 458.819 407.271 633.87 355.841 718.249 692.628 1156.91
threshold=63.166666666666679 4.6860439068100366 449.56314529069056 6.6087996174079393 1886.7600000000002 69.500000000000014 0.24885321100917435 -0.2706596651676309 61.125000000000007 0.13944444444444448 0.06859943977591039 60.100000000000009 0.99930777800205284 85.500000000000014
decision_type=2 2 2 2 2 2 2 2 2 2 2 2 2 2
left_child=8 6 3 -3 5 -5 7 -2 10 -10 11 12 -1 -14
right_child=1 2 -4 4 -6 -7 -8 -9 9 -11 -12 -13 13 -15
leaf_value=-0.00077765396528480283 0.016152626172016255 0.015407713092988313 -0.0004184552202888105 0.0074625711924045908 0.011187624804012459 -0.011126683144712412 -0.0054175406295033507 0.00067099465648032329 -0.024899799230438894 0.0012250321945457955 0.00023906883810497767 0.021195101793905019 -0.022651539762552964 -0.0024517240535907366
leaf_weight=278766.65872454643 2005.2209739685059 6092.5605335235596 7919.3338251113892 3182.3145160675049 6106.2616710662842 2456.5267839431763 8892.0910329818726 11553.171703338623 1501.1492481231689 1851.4482173919678 746236.8790230751 1287.0480613708496 3463.9178867340088 9560.0287265777588
leaf_count=9673 40 77 76 42 63 56 213 221 51 37 12537 21 65 117
internal_value=-6.80191e-07 0.00306745 0.00604177 0.00890715 0.00551464 -0.000646427 -0.000347275 0.00298107 -0.00014259 -0.0105508 -0.000108813 -0.00099455 -0.00109387 -0.00785067
internal_weight=1.09087e+06 48207.5 25757 17837.7 11745.1 5638.84 22450.5 13558.4 1.04267e+06 3352.6 1.03931e+06 293078 291791 13023.9
internal_count=23289 788 314 238 161 98 474 261 22501 88 22413 9876 9855 182
is_linear=0
shrinkage=0.03


Tree=334
num_leaves=15
num_cat=0
split_feature=1 1 20 18 6 19 14 4 3 19 5 20 6 22
split_gain=331.244 723.947 409.403 564.091 919.487 842.346 1121.71 793.241 559.449 537.464 527.806 866.583 845.614 568.497
threshold=282.50000000000006 296.50000000000006 0.01630705548373516 10.3345498783455 223.33925456494032 6.5000000000000009 385.19500000000011 128.37000000000003 34.500000000000007 47.500000000000007 303.23750000000007 0.035432362687162676 102.29862167865515 0.42640692640692646
decision_type=2 2 2 2 2 2 2 2 2 2 2 2 2 2
left_child=2 -2 -1 4 7 6 -5 -4 10 -6 11 12 -7 -13
right_child=1 -3 3 5 9 8 -8 -9 -10 -11 -12 13 -14 -15
leaf_value=-0.00025406416112347049 -0.0072540505998869914 -0.00064576198209175223 0.020156743463676328 -0.0012796050578471752 -0.018932484728811295 0.015293792653211668 -0.03816470543185236 0.00056153253867926905 -0.008212289790755915 -0.0042681440625829152 0.0044298724012637397 -0.0084440010368748274 -0.0037886873568411237 0.0084880478504365028
leaf_weight=556026.58831930161 15731.379864931107 282846.80343675613 1884.4501490592957 2707.7820234298706 2572.4380130767822 4613.3160429000854 1002.8964214324951 78488.816072940826 3803.2365112304688 17185.26975440979 93239.04280090332 10829.816488265991 3795.6148796081543 2119.1882543563843
leaf_count=13665 426 5389 67 103 80 84 35 1760 8 240 1034 330 72 50
internal_value=-0.000144953 -0.0009944 0.00018095 0.00126923 -0.000399827 0.00263771 -0.0113998 0.00102587 0.0030795 -0.00619464 0.00345561 -0.000797716 0.00669181 -0.00566415
internal_weight=1.07685e+06 298578 778268 222242 100131 122111 3710.68 80373.3 118400 19757.7 114597 21357.9 8408.93 12949
internal_count=23343 5815 17528 3863 2147 1716 138 1827 1578 320 1570 536 156 380
is_linear=0
shrinkage=0.03


Tree=335
num_leaves=15
num_cat=0
split_feature=18 6 7 4 17 17 7 4 4 1 20 20 7 1
split_gain=684.093 551.572 313.289 793.596 346.945 568.272 712.221 540.105 518.4 512.735 490.188 541.532 628.677 878.841
threshold=658.72727272727286 3170.263322026673 364.50000000000006 409.3250000000001 1.5277777777777779 4.041666666666667 214.25000000000003 77.020000000000024 120.38000000000001 44.500000000000007 0.0028884670302777617 0.0062225998719705128 24.279220779220783 152.50000000000003
decision_type=2 2 2 2 2 2 2 2 2 2 2 2 2 2
left_child=1 2 4 -4 9 6 7 -6 -9 -1 -10 -12 -13 -14
right_child=-2 -3 3 -5 5 -7 -8 8 10 -11 11 12 13 -15
leaf_value=-0.0231104213805019 -0.013194072266138411 0.0044074153917479418 -0.0021730970912976098 0.022253321856603395 -0.011969655758898272 -0.00021924050095880937 0.015296000000878484 0.014839645455541995 -0.001468936059875054 -0.0029161391852596374 0.017216190496607806 0.0077089404534063178 0.015553456378305932 -0.0095507923847926637
leaf_weight=1197.4958734512329 3524.2948813438416 25029.587436676025 3054.7761583328247 1945.1230397224426 2340.324462890625 989306.71646904945 3923.9417083263397 2962.0340032577515 20006.172913551331 16198.255096673965 2847.9362678527832 10802.655066490173 1610.0087184906006 5444.3824820518494
leaf_count=84 71 40 355 83 206 20941 194 139 529 557 11 78 36 148
internal_value=-3.55567e-05 7.36116e-06 -9.64571e-05 0.00738037 -0.000131976 -6.1603e-05 0.00306018 0.00201054 0.00276483 -0.00433122 0.00187945 0.00511312 0.00316575 -0.00379353
internal_weight=1.09019e+06 1.08667e+06 1.06164e+06 4999.9 1.05664e+06 1.03924e+06 49937.5 46013.5 43673.2 17395.8 40711.2 20705 17857 7054.39
internal_count=23472 23401 23361 438 22923 22282 1341 1147 941 641 802 273 262 184
is_linear=0
shrinkage=0.03


Tree=336
num_leaves=15
num_cat=0
split_feature=20 20 6 6 20 1 15 16 0 7 6 18 18 6
split_gain=253.982 569.071 461.214 439.329 385.335 1191.53 1003.61 620.988 552.594 494.551 689.721 475.931 732.106 328.06
threshold=0.10003883546728169 0.096953197786024084 782.59182016097759 383.61158622780965 0.21799143390732703 148.50000000000003 245.87500000000003 -0.99352247167778562 31.500000000000004 107.41666666666667 161.70824978955156 6.9941860465116283 11.081666666666669 10.740068689529203
decision_type=2 2 2 2 2 2 2 2 2 2 2 2 2 2
left_child=1 -1 3 4 9 11 7 -7 -9 13 -11 -6 -13 -2
right_child=2 -3 -4 -5 5 6 -8 8 -10 10 -12 12 -14 -15
leaf_value=0.00012646580483209889 0.0070947788143302304 0.015292218593565972 -0.010037079935820818 0.0076422913433709244 -0.031059037806353704 0.033960639070590604 -0.0024559542104350424 0.028945770701573288 0.0039116699933042856 -0.0064169221114577331 -0.032644355876818416 0.011459367463993158 -0.018351056161702118 -0.0037543962424722
leaf_weight=1031666.7536249161 2913.7832078933716 2211.6165714263916 5710.162015914917 4718.1836624145508 902.73854446411133 1300.3033657073975 5118.9965858459473 1045.49782371521 3141.5121932029724 3756.148651599884 1173.9522333145142 1221.9129781723022 1825.5642161369324 17320.190308094025
leaf_count=21974 100 33 46 44 49 27 138 14 123 194 51 35 76 426
internal_value=5.80521e-05 0.000159203 -0.00202652 -0.000993147 -0.00202223 0.0018612 0.00709801 0.0159872 0.0102706 -0.00426835 -0.0127688 -0.0121645 -0.00640152 -0.0021866
internal_weight=1.08403e+06 1.03388e+06 50148.9 44438.8 39720.6 14556.5 10606.3 5487.31 4187.01 25164.1 4930.1 3950.22 3047.48 20234
internal_count=23330 22007 1323 1277 1233 462 302 164 137 771 245 160 111 526
is_linear=0
shrinkage=0.03


Tree=337
num_leaves=15
num_cat=0
split_feature=20 17 17 18 14 17 17 17 15 2 14 20 18 17
split_gain=206.515 398.311 776.169 804.592 391.982 382.879 510.772 741.305 783.582 428.657 712.781 552.821 530.607 793.785
threshold=0.12145902899892923 1.5277777777777779 2.025641025641026 125.42857142857144 52.025000000000006 1.9411764705882355 18.267857142857146 21.981481481481485 248.67500000000004 5.5000000000000009 366.91500000000008 0.32202633112484647 33.162878787878789 6.7638888888888902
decision_type=2 2 2 2 2 2 2 2 2 2 2 2 2 2
left_child=1 -1 3 4 -3 -2 9 -8 -9 10 12 -12 13 -7
right_child=5 2 -4 -5 -6 6 7 8 -10 -11 11 -13 -14 -15
leaf_value=-0.0046487357585930089 0.0076128132145902531 -0.0095425749108165297 0.00019159821003709188 0.020063790331719473 0.0067049616137710372 -0.018669986914572383 0.014452826786024867 0.0088781800424307961 -0.011975955449641688 -0.00039482860947390983 -0.011190277864907356 -0.032752462900342692 0.01702662191532333 0.00043415291834664909
leaf_weight=14985.389446020126 3369.6942358016968 1795.4729223251343 1023935.6503710747 3513.5478229522705 5050.6404557228088 2888.0781259536743 3283.9489159584045 2838.9682788848877 3728.8746318817139 10194.652904033661 4123.1649971008301 1445.1030921936035 1001.1980428695679 5985.3622088432312
leaf_count=625 59 138 21447 32 167 188 70 80 93 119 109 53 24 257
internal_value=0.000124397 0.000203948 0.000274344 0.00843674 0.00242847 -0.00202264 -0.00294129 0.00286042 -0.00296211 -0.00517122 -0.00831977 -0.0168834 -0.00346642 -0.00581176
internal_weight=1.08814e+06 1.04928e+06 1.0343e+06 10359.7 6846.11 38859 35489.4 9851.79 6567.84 25637.6 15442.9 5568.27 9874.64 8873.44
internal_count=23461 22409 21784 337 305 1052 993 243 173 750 631 162 469 445
is_linear=0
shrinkage=0.03


Tree=338
num_leaves=15
num_cat=0
split_feature=9 19 19 12 16 18 17 20 20 20 8 17 22 16
split_gain=360.174 275.826 478.201 502.366 493.931 577.572 469.512 532.74 463.204 808.694 451.433 841.376 407.927 402.193
threshold=19.500000000000004 112.50000000000001 104.50000000000001 1363.2000000000003 0.99960940627443606 3.1810220004217338 16.025000000000002 0.0074351953575247974 0.051667152186022788 0.008835738462627845 3.772312223858616 51.046875000000007 0.22140522875816995 0.99956006597715563
decision_type=2 2 2 2 2 2 2 2 2 2 2 2 2 2
left_child=1 2 3 13 5 -4 7 -3 9 -5 -8 12 -12 -1
right_child=-2 6 4 8 -6 -7 10 -9 -10 -11 11 -13 -14 -15
leaf_value=0.00021503494551647223 -0.01130436799365583 -0.011398671533434627 0.014894666687210964 0.00051357516685159293 0.015470007211328242 0.0013142237465931705 2.2599084381153627e-05 -0.002090732896476277 -0.003116609114468039 0.0091262434719937106 -0.027089325104442254 0.0090305063106615995 -0.0065540524893576502 -0.0044298102902759016
leaf_weight=692191.78239822388 2451.7803497314453 6672.9341230392456 3154.4426908493042 20442.194868087769 3070.3724746704102 25187.388717651367 251571.06284236908 32049.720503807068 8375.0212173461914 18852.744388580322 1794.2394561767578 1590.6662011146545 1706.0439639091492 17174.547972679138
leaf_count=19290 5 73 65 125 22 329 2781 165 38 67 56 35 45 198
internal_value=0.000134375 0.000160459 0.000453388 0.000302835 0.00407921 0.00283516 -0.000621412 -0.00369979 0.00328334 0.00464826 -0.000156724 -0.00898345 -0.0171745 0.000102456
internal_weight=1.08628e+06 1.08383e+06 788448 757036 31412.2 28341.8 295385 38722.7 47670 39294.9 256662 5090.95 3500.28 709366
internal_count=23294 23289 20134 19718 416 394 3155 238 230 192 2917 136 101 19488
is_linear=0
shrinkage=0.03


Tree=339
num_leaves=15
num_cat=0
split_feature=16 22 22 18 16 16 18 0 18 16 18 1 18 19
split_gain=394.866 1178.94 654.258 1054.76 667.771 911.494 576.575 745.914 840.942 1178.57 997.609 822.022 740.461 708.86
threshold=0.38877716599993589 0.2752525252525253 0.49074074074074076 12.656854256854258 -0.99918340678092432 -0.99836558552257526 6.467375886524823 15.500000000000002 3.8291793313069915 0.95760504371800848 4.0895995004905901 107.50000000000001 2.0330349434270918 8.5000000000000018
decision_type=2 2 2 2 2 2 2 2 2 2 2 2 2 2
left_child=2 6 -1 -4 -5 -6 7 11 9 12 -10 -2 -9 -11
right_child=1 -3 3 4 5 -7 -8 8 10 13 -12 -13 -14 -15
leaf_value=6.8080941019222128e-06 0.011488926978114298 -0.0034913319808896454 0.00028934172942954236 0.019144881370157182 -0.011966891495045439 0.0064330473375370312 -0.0005469365608045478 0.021489644124458387 0.016031921982583439 -0.024483000472439707 0.0015169436243292133 0.0019445616635037554 0.00084635646943937543 -0.0045591885671097789
leaf_weight=413809.15563797951 13166.143199920654 102982.45028495789 67894.155619382858 3347.3658485412598 2577.4509563446045 36428.463250875473 346255.18354845047 2388.1052355766296 4780.6654815673828 1689.8988962173462 38004.530184268951 21171.178230285645 4465.3458967208862 27194.053446769714
leaf_count=7835 260 2541 2427 46 76 821 6719 55 113 118 1055 276 90 1009
internal_value=-3.84139e-05 -0.000590715 0.000553978 0.00260738 0.00632142 0.0052117 6.00361e-05 0.001922 0.000308788 -0.00308725 0.00314553 0.00560877 0.00808117 -0.005741
internal_weight=1.08615e+06 562098 524057 110247 42353.3 39005.9 459115 112860 78522.6 35737.4 42785.2 34337.3 6853.45 28884
internal_count=23441 12236 11205 3370 943 897 9695 2976 2440 1272 1168 536 145 1127
is_linear=0
shrinkage=0.03


Tree=340
num_leaves=15
num_cat=0
split_feature=4 5 18 18 5 20 18 18 4 5 20 18 12 4
split_gain=280.451 1140.38 940.602 906.134 836.253 744.993 1325 698.375 668.543 593.988 1320.41 782.286 746.163 691.797
threshold=304.17500000000001 296.6756666666667 6.2954963235294121 5.5324475701170739 278.18964285714293 0.13803253469163487 9.9955357142857171 8.8467410452143298 433.72500000000008 349.77125000000007 0.017306960294270778 2.4447222222222229 388.25000000000006 334.63500000000005
decision_type=2 2 2 2 2 2 2 2 2 2 2 2 2 2
left_child=1 2 3 -1 -5 -4 -7 -3 9 11 12 -2 -11 -13
right_child=8 7 5 4 -6 6 -8 -9 -10 10 -12 13 -14 -15
leaf_value=0.0019194203483206165 -0.015947621587853889 0.0016447099779241809 -0.002867033365115036 0.0090753370295012722 0.038466168897596346 0.027622897548629753 -0.0073506482859904089 0.022597395454113697 -0.00012286936872818045 -0.013199691660153041 0.0097431488922833324 -0.0044338827032547514 0.0069832397367099079 0.0030934438060573302
leaf_weight=52013.498133659363 3083.5734143257141 2430.8300247192383 58780.782261610031 5667.3859624862671 1014.8937854766846 1990.9150171279907 1879.4557800292969 3474.9639320373535 885845.74458360672 14885.393284320831 3301.6563367843628 20312.682963848114 1841.0502119064331 23891.057187080383
leaf_count=2586 157 84 3219 259 17 57 105 84 14161 700 105 880 54 898
internal_value=-0.000165309 0.00115741 0.000529788 0.00325803 0.0136406 -0.00202643 0.0106892 0.0140079 -0.000341921 -0.00322367 -0.00755119 -0.00138837 -0.0109725 -0.000365985
internal_weight=1.08041e+06 127253 121347 58695.8 6682.28 62651.2 3870.37 5905.79 953161 67315.4 20028.1 47287.3 16726.4 44203.7
internal_count=23366 6411 6243 2862 276 3381 162 168 16955 2794 859 1935 754 1778
is_linear=0
shrinkage=0.03


Tree=341
num_leaves=15
num_cat=0
split_feature=5 7 6 17 17 6 18 18 5 4 7 13 8 5
split_gain=267.082 624.798 575.344 554.399 576.363 1224.54 992.952 1086.99 835.291 842.697 567.756 555.464 644.016 553.119
threshold=337.09888888888895 343.50000000000006 109.14244056563216 10.845238095238097 5.9824561403508776 99.072117997901671 13.023558758314858 46.641025641025642 171.16000000000003 225.35000000000005 100.10000000000001 134.52000000000001 1.5337121212121214 185.24875
decision_type=2 2 2 2 2 2 2 2 2 2 2 2 2 2
left_child=2 -2 3 4 5 -1 8 -8 10 -10 11 12 -6 -4
right_child=1 -3 13 -5 6 -7 7 -9 9 -11 -12 -13 -14 -15
leaf_value=-0.0003479392413696264 0.00043040231088587854 0.014378681146552197 0.0028569527433043016 0.0011321676058761356 0.009706653015072066 0.018791154472335574 -0.01123158335598958 0.020006026048060972 0.018330888990733995 0.0010179011565276043 -0.011263636644797468 -0.0062891976135806904 -0.0067611912958693262 -0.0026983680858892493
leaf_weight=41320.038366556168 611960.87527227402 2884.0257291793823 18416.149372577667 214710.28045701981 5992.7871966362 3224.8902382850647 16817.278172969818 1048.0813941955566 3200.4912061691284 11818.811595439911 7252.7302737236023 10125.616460800171 3298.6410965919495 129115.91848659515
leaf_count=2084 8576 151 501 6930 241 48 663 28 115 332 517 322 157 2676
internal_value=8.56598e-05 0.000496294 -0.000455737 0.000261102 -0.00153539 0.00104547 -0.0034655 -0.00937869 -0.000928189 0.00472663 -0.0041139 -0.00143446 0.00385828 -0.00200461
internal_weight=1.08119e+06 614845 466342 318810 104099 44544.9 59554.4 17865.4 41689.1 15019.3 26669.8 19417 9291.43 147532
internal_count=23341 8727 14614 11437 4507 2132 2375 691 1684 447 1237 720 398 3177
is_linear=0
shrinkage=0.03


Tree=342
num_leaves=15
num_cat=0
split_feature=17 5 5 19 5 18 17 4 5 22 7 1 19 13
split_gain=426.096 567.774 709.387 1228.48 716.82 1289.49 616.397 560.307 523.229 653.47 593.631 471.159 683.263 580.551
threshold=46.058823529411775 244.28000000000003 1155.2500000000002 94.500000000000014 607.60100000000011 4.0139114619611496 62.166666666666679 3210.2900000000004 291.83833333333337 0.59729729729729741 45.708333333333336 46.500000000000007 83.500000000000014 516.83500000000015
decision_type=2 2 2 2 2 2 2 2 2 2 2 2 2 2
left_child=-1 -2 4 6 5 8 -4 -5 10 -10 -3 -6 -13 -14
right_child=1 2 3 7 11 -7 -8 -9 9 -11 -12 12 13 -15
leaf_value=-0.0002329588676314125 0.0082726823766550404 0.0027407373437429638 0.023522757171510356 -0.0091131940918517292 0.0041791360886152575 0.0081489965484559217 0.0072895386472313682 0.0043481052781022154 0.0015817772882947179 -0.015775668068730327 -0.019464089630370808 -0.015270798423645322 0.0059893625655568286 -0.0059392686387388718
leaf_weight=975494.89503359795 10820.694112300873 1702.0716533660889 3849.9759292602539 4130.4202499389648 5380.3721218109131 18434.542976379395 4675.4663143157959 8425.9453248977661 18685.781168937683 2159.5283336639404 2940.7139825820923 5187.1328897476196 4819.0054883956909 15228.658596038818
leaf_count=21461 322 31 29 67 87 335 62 70 329 81 124 147 81 189
internal_value=-3.62872e-05 0.00176586 0.00102794 0.00588388 -0.000346691 0.00210918 0.0146581 -8.74439e-05 -0.00226214 -0.000229814 -0.0113468 -0.00386913 -0.00558707 -0.00306878
internal_weight=1.08194e+06 106440 95619.6 21081.8 74537.8 43922.6 8525.44 12556.4 25488.1 20845.3 4642.79 30615.2 25234.8 20047.7
internal_count=23415 1954 1632 228 1404 900 91 137 565 410 155 504 417 270
is_linear=0
shrinkage=0.03


Tree=343
num_leaves=15
num_cat=0
split_feature=1 17 6 22 1 6 22 17 6 19 13 6 19 4
split_gain=555.088 422.327 376.756 375.429 322.038 816.623 545.943 333.639 578.777 668.759 436.845 929.161 622.465 534.602
threshold=251.50000000000003 3.4529914529914536 960.52648468648351 0.49074074074074076 266.50000000000006 561.09945193207454 0.069047619047619066 28.516666666666669 50.219460591662404 52.500000000000007 432.2000000000001 490.62903886240423 56.500000000000007 1944.4500000000003
decision_type=2 2 2 2 2 2 2 2 2 2 2 2 2 2
left_child=-1 2 3 -2 5 6 -3 10 9 -9 11 -6 -12 -14
right_child=1 4 -4 -5 7 -7 -8 8 -10 -11 12 -13 13 -15
leaf_value=0.00055124681149894001 -0.00092547475149344421 -0.001916762774083724 0.012830224841099341 0.0092243663592176603 -0.0024447830571924815 0.0094220000785516234 -0.011096202223307473 -0.0027904750740425236 -2.4054087241395132e-05 0.015082964695276658 0.0034806159341936333 -0.018608306661319338 -0.0092297670547703773 -0.00087020548226198965
leaf_weight=681812.60041093826 13201.16743850708 12366.339516639709 3153.3840408325195 4342.7802832126617 91997.827710390091 3412.4767189025879 11031.515223503113 3001.6602640151978 84429.998491764069 5015.6381225585938 29622.523147583008 3296.9165887832642 7251.3601045608521 129744.02551841736
leaf_count=15550 306 389 10 152 3348 21 243 207 1214 157 366 77 174 1058
internal_value=2.99841e-05 -0.000854379 0.00331719 0.00159463 -0.00108105 -0.00425007 -0.00625042 -0.000841066 0.000708241 0.00840089 -0.00138794 -0.00300778 -0.00046124 -0.00131397
internal_weight=1.08368e+06 401868 20697.3 17543.9 381170 26810.3 23397.9 354360 92447.3 8017.3 261913 95294.7 166618 136995
internal_count=23272 7722 468 458 7254 653 632 6601 1578 364 5023 3425 1598 1232
is_linear=0
shrinkage=0.03


Tree=344
num_leaves=15
num_cat=0
split_feature=7 7 5 7 8 4 5 4 5 2 18 18 18 8
split_gain=432.855 800.097 763.953 579.987 624.701 958.082 1241.41 988.628 583.034 485.251 451.014 1084.56 692.267 959.067
threshold=55.083333333333336 53.050000000000004 359.70442307692309 56.062500000000007 0.99389289264413527 270.04000000000002 128.22875000000002 359.39500000000004 347.54441176470596 4.5000000000000009 3.9506903353057203 4.0895995004905901 3.1286141228801783 0.017316341829085462
decision_type=2 2 2 2 2 2 2 2 2 2 2 2 2 2
left_child=1 -1 -3 8 10 6 -6 -7 -2 -4 12 -12 -5 -14
right_child=3 2 9 4 5 7 -8 -9 -10 -11 11 -13 13 -15
leaf_value=0.00024904691945863044 -0.0011773445198471225 -0.00026734908532057244 0.017059208716861292 -0.0013833167589377619 0.003934387749270382 -0.018615895476726901 0.039334335858252537 0.0018308049296454254 -0.01664999725614565 0.0038779802711395796 0.016788456886247263 -0.00087495543370043718 -0.017712174162367634 -0.0027204426722756293
leaf_weight=622544.95922517776 4697.6839423179626 8353.3420066833496 6381.4853687286377 34863.916688919067 2538.4296507835388 2183.9727854728699 1358.5402822494507 62003.176306724548 4094.3985872268677 4162.8076820373535 3140.1207785606384 313663.6128692627 6553.9348537921906 9257.7240591049194
leaf_count=9200 132 201 73 1522 133 132 25 1565 84 42 75 9529 416 270
internal_value=-6.47906e-05 0.00043375 0.00651173 -0.000784438 -0.000630249 0.00200888 0.0164132 0.00112952 -0.00840426 0.0118726 -0.00111929 -0.000698829 -0.00374655 -0.00894904
internal_weight=1.0858e+06 641443 18897.6 444356 435563 68084.1 3896.97 64187.1 8792.08 10544.3 367479 316804 50675.6 15811.7
internal_count=23399 9516 316 13883 13667 1855 158 1697 216 115 11812 9604 2208 686
is_linear=0
shrinkage=0.03


Tree=345
num_leaves=15
num_cat=0
split_feature=8 2 15 2 19 14 16 8 4 4 6 15 1 0
split_gain=307.144 723.242 673.808 565.218 808.759 394.548 422.543 449.992 718.161 371.493 999.261 389.498 584.829 817.9
threshold=2.8137567024128693 12.500000000000002 6762.9100000000008 7.5000000000000009 104.50000000000001 611.73000000000013 0.9995232606733454 4.3242490310077528 1707.6000000000001 3885.5350000000003 420.2052309407502 1170.8550000000002 251.50000000000003 253.50000000000003
decision_type=2 2 2 2 2 2 2 2 2 2 2 2 2 2
left_child=-1 3 -3 5 -5 9 7 -7 -9 10 11 12 -2 -14
right_child=1 2 -4 4 -6 6 -8 8 -10 -11 -12 -13 13 -15
leaf_value=6.5396699617300042e-05 0.0018101584477784888 -0.022168276846150359 -0.0022171459889879681 0.014596969971754744 -0.0053560774030577225 -0.0032904347957449795 0.0068982428885415881 -0.0070462164130785021 -0.029388610186693268 0.013090895378553803 -0.024315814351092917 0.0062140732437972147 -0.013771279487170747 0.0016170724166352844
leaf_weight=1006505.701928854 18686.285078048706 2923.8115358352661 3167.9806613922119 4562.6137499809265 3027.9963355064392 8764.81125831604 2024.4253730773926 4255.9809455871582 1853.086311340332 1720.7778749465942 1577.2601547241211 7137.2127380371094 6625.9502177238464 5833.1352124214172
leaf_count=21271 625 63 21 74 66 163 23 109 44 36 59 151 277 314
internal_value=-7.01674e-05 -0.00196051 -0.0118341 -0.00104683 0.00664427 -0.00204707 -0.00590956 -0.00765971 -0.0138972 -0.000475278 -0.00106721 -9.71608e-05 -0.00154649 -0.00657567
internal_weight=1.07867e+06 72161.3 6091.79 66069.5 7590.61 58478.9 16898.3 14873.9 6109.07 41580.6 39859.8 38282.6 31145.4 12459.1
internal_count=23296 2025 84 1941 140 1801 339 316 153 1462 1426 1367 1216 591
is_linear=0
shrinkage=0.03


Tree=346
num_leaves=15
num_cat=0
split_feature=1 1 5 16 5 5 5 12 1 18 18 18 1 4
split_gain=344.968 534.765 530.005 363.394 587.047 472.655 302.195 500.501 324.248 460.705 725.039 367.566 311.837 447.7
threshold=16.500000000000004 18.500000000000004 2250.4095454545454 0.99162755577201678 150.34333333333336 91.405000000000015 197.0302777777778 189.02500000000003 14.500000000000002 16.445113788487287 12.562843654227512 10.151923076923078 2.5000000000000004 477.31000000000012
decision_type=2 2 2 2 2 2 2 2 2 2 2 2 2 2
left_child=2 -2 3 5 -5 -1 7 -6 9 10 11 12 -8 -14
right_child=1 -3 -4 4 6 -7 8 -9 -10 -11 -12 -13 13 -15
leaf_value=-0.006222661207875139 -0.012603276433847534 0.00010150447467212442 0.018287498447974272 -0.016938263304919658 0.00054535768290696611 0.020387985695313197 0.010012287235967213 0.024569991508415975 0.009167357627287348 -0.012903596287231721 0.015540353191560765 -0.012144789326486853 -0.0091228495760641657 0.0063864044487430081
leaf_weight=847.64406490325928 2970.1923627853394 1055901.8522820473 1972.9742279052734 1503.9085264205933 1818.3734941482544 1979.1938066482544 2421.0359039306641 1348.4661445617676 3523.6151266098022 2408.6914100646973 2585.8531284332275 2485.2271757125854 3889.3619947433472 2912.6228446960449
leaf_count=64 98 22472 11 80 72 68 58 28 78 71 50 77 141 52
internal_value=0.000155097 6.56295e-05 0.00334295 0.00226701 0.00110507 0.012421 0.00227853 0.0108652 0.000924702 -0.000823049 0.00122782 -0.00195432 0.000811937 -0.0024825
internal_weight=1.08857e+06 1.05887e+06 29697 27724 24897.2 2826.84 23393.2 3166.84 20226.4 16702.8 14294.1 11708.2 9223.02 6801.98
internal_count=23420 22570 850 839 707 132 627 100 527 449 378 328 251 193
is_linear=0
shrinkage=0.03


Tree=347
num_leaves=15
num_cat=0
split_feature=20 8 6 6 5 5 8 16 14 14 1 15 20 5
split_gain=615.638 356.91 412.364 771.747 546.985 653.115 638.522 561.499 383.055 489.064 287.878 329.026 286.806 558.684
threshold=0.96485701519213596 5.5906544435956205 578.43010378887664 434.17190376726256 437.15833333333342 353.88050000000004 48.672727272727279 -0.99891057433627528 635.96500000000003 561.2650000000001 343.50000000000006 130.87500000000003 0.05356726895248954 1155.2500000000002
decision_type=2 2 2 2 2 2 2 2 2 2 2 2 2 2
left_child=1 12 3 4 5 6 8 -6 9 10 11 -3 -1 -14
right_child=-2 2 -4 -5 7 -7 -8 -9 -10 -11 -12 -13 13 -15
leaf_value=0.00017292270077489042 -0.015397728639345479 -0.015069380288821918 -0.015565954594978912 0.015009170910849695 -0.00091070004762667048 0.01043256647399779 0.014824332271711711 -0.025861854691761277 -0.023208705534420684 0.016360556431037766 -0.018315420713258479 -0.001528627900028035 -0.00092625494960478407 -0.010032843113747213
leaf_weight=945876.36944842339 2344.3727793693542 2106.1258850097656 2339.7257895469666 2064.9887924194336 1411.2902908325195 3099.2220458984375 1334.3335280418396 1895.5125970840454 1152.092716217041 857.9973201751709 1669.4924049377441 6742.0871696472168 93192.910216331482 6465.5886812210083
leaf_count=20265 78 111 63 34 34 69 53 69 35 18 124 280 2099 54
internal_value=-0.000106348 -7.2564e-05 -0.00363745 -0.00237496 -0.00415916 -0.00197508 -0.00476015 -0.0152826 -0.00686639 -0.00517347 -0.00695786 -0.00477843 1.16294e-05 -0.00151896
internal_weight=1.07255e+06 1.07021e+06 24672.9 22333.1 20268.2 16961.4 13862.1 3306.8 12527.8 11375.7 10517.7 8848.21 1.04553e+06 99658.5
internal_count=23386 23308 890 827 793 690 621 103 568 533 515 391 22418 2153
is_linear=0
shrinkage=0.03


Tree=348
num_leaves=15
num_cat=0
split_feature=6 5 20 6 14 22 20 17 5 7 5 7 15 17
split_gain=250.687 1035.35 297.199 557.958 951.36 681.755 794.387 648.045 565.007 584.764 1087.52 736.516 559.153 544.415
threshold=3170.263322026673 3192.063333333334 0.018622005406522073 100.40109628863779 713.21500000000015 0.65686274509803932 0.059537178193485869 24.975409836065577 453.17000000000002 187.25000000000003 326.06023809523816 196.25000000000003 218.04500000000004 4.041666666666667
decision_type=2 2 2 2 2 2 2 2 2 2 2 2 2 2
left_child=1 2 -1 7 5 -5 -7 8 9 13 11 -11 -13 -4
right_child=-2 -3 3 4 -6 6 -8 -9 -10 10 -12 12 -14 -15
leaf_value=-0.00035312699824835073 0.0029233642938772484 -0.016367184673571348 0.0086109119433139102 -0.0063480348316145843 0.00080193181007331483 -0.0089624961323516456 0.015615117024525468 0.0070632962109189786 -0.016087210046435967 0.028571611490805629 0.0277547824246651 0.0066446149612086891 -0.01450885763445851 -0.0003227264916772444
leaf_weight=753286.51154088974 25453.492856025696 3484.6159400939941 6911.7886424064636 29714.339262008667 175021.942445755 1964.8694972991943 2918.4488525390625 22992.993395328522 1630.6278820037842 799.80266666412354 2104.0312466621399 2642.8580441474915 1927.5753488540649 53685.885780334473
leaf_count=18191 54 52 208 878 1677 60 57 459 59 19 55 152 107 1411
internal_value=-1.75475e-05 -8.82817e-05 -3.42348e-05 0.000760328 -9.6776e-05 -0.00464098 0.00572976 0.00269817 0.00125661 0.00167668 0.00958222 0.00238573 -0.00230118 0.000698752
internal_weight=1.08454e+06 1.05909e+06 1.0556e+06 302315 209620 34597.7 4883.32 92695.6 69702.6 68071.9 7474.27 5370.24 4570.43 60597.7
internal_count=23439 23385 23333 5142 2672 995 117 2470 2011 1952 333 278 259 1619
is_linear=0
shrinkage=0.03


Tree=349
num_leaves=15
num_cat=0
split_feature=16 20 6 1 1 1 17 18 0 13 18 17 6 12
split_gain=360.527 648.943 419.599 370.491 366.943 351.133 467.192 444.359 903.221 625.13 557.046 444.228 382.371 359.219
threshold=-0.99918340678092432 0.027285188189505576 434.17190376726256 340.50000000000006 250.50000000000003 46.500000000000007 2.8137931034482762 3.2759976525821597 16.500000000000004 348.80500000000006 3.8291793313069915 1.9411764705882355 1.0000000180025095e-35 164.00500000000002
decision_type=2 2 2 2 2 2 2 2 2 2 2 2 2 2
left_child=1 2 3 4 -1 6 11 8 12 -10 -9 -2 13 -8
right_child=5 -3 -4 -5 -6 -7 7 10 9 -11 -12 -13 -14 -15
leaf_value=0.007371655685538 -0.023256828384994498 -0.0095110500550961759 0.016214918567917822 0.012195013532119388 -0.010922111700271249 3.3564707902751249e-05 0.019877797615324651 -0.015887463394126607 0.0037851254340478652 -0.022571162197389402 0.0019586144933929238 0.0052174097278483182 0.023220868499921749 0.00016389433324866175
leaf_weight=1879.9402656555176 1228.9754176139832 2193.7649765014648 3856.6138486862183 2743.3824405670166 2034.4349040985107 984778.85946655273 1412.3378520011902 1592.2182426452637 3758.7186512947083 1011.0434818267822 66924.51863527298 804.53742647171021 2967.491717338562 1985.1304607391357
leaf_count=35 83 59 61 53 59 20629 47 63 148 36 1841 39 48 54
internal_value=0.000250268 0.00526944 0.00836551 0.00378367 -0.00214343 0.000190361 0.0020802 0.00244389 0.00799693 -0.00187252 0.00153939 -0.0120502 0.0153756 0.00842739
internal_weight=1.07917e+06 12708.1 10514.4 6657.76 3914.38 1.06646e+06 81685 79651.5 11134.7 4769.76 68516.7 2033.51 6364.96 3397.47
internal_count=23255 267 208 147 94 22988 2359 2237 333 184 1904 122 149 101
is_linear=0
shrinkage=0.03


Tree=350
num_leaves=15
num_cat=0
split_feature=17 0 8 4 4 13 16 6 20 8 4 4 17 20
split_gain=275.181 500.926 418.122 540.614 448.655 376.185 317.638 262.978 259.875 1686.17 328.846 1193.27 1005.58 961.651
threshold=1.5277777777777779 276.50000000000006 0.11963767226925125 50.515000000000008 725.0200000000001 100.25000000000001 0.89237189853735222 149.488467273309 0.44823873831313293 0.07727395243722919 306.62000000000006 294.04000000000002 12.877500000000003 0.25322347446713772
decision_type=2 2 2 2 2 2 2 2 2 2 2 2 2 2
left_child=1 2 3 6 5 -5 -1 -4 10 -10 11 13 -13 -2
right_child=8 -3 7 4 -6 -7 -8 -9 9 -11 -12 12 -14 -15
leaf_value=-0.011766843627133608 0.00012703345444082129 0.015021420634807416 0.004821147843484557 -0.028402722999878349 -0.0025012335813239641 -0.0077662161806331502 0.012923207470640944 -0.0055037533864069742 -0.031719279483304316 0.0036132785985597314 -0.00018997168048817887 -0.0066912373085513486 0.015188158807293697 0.021525561809875023
leaf_weight=766.32124328613281 107060.09849596024 1160.3126282691956 3982.9077792167664 2380.4351181983948 1627.5715408325195 1217.6249165534973 1143.6997900009155 4966.0016965866089 1665.4739575386047 4348.5439586639404 938386.41351699829 2371.7893481254578 9110.3765769004822 1904.1065373420715
leaf_count=56 5519 80 113 196 33 65 67 55 95 70 16552 95 263 68
internal_value=-9.68445e-05 -0.00385398 -0.00523258 -0.0106385 -0.0156152 -0.0215006 0.00299801 -0.000907927 -3.59276e-05 -0.00624414 -5.48551e-07 0.00147502 0.0106649 0.000504846
internal_weight=1.08209e+06 17244.9 16084.6 7135.65 5225.63 3598.06 1910.02 8948.91 1.06485e+06 6014.02 1.05883e+06 120446 11482.2 108964
internal_count=23327 665 585 417 294 261 123 168 22662 165 22497 5945 358 5587
is_linear=0
shrinkage=0.03


Tree=351
num_leaves=15
num_cat=0
split_feature=1 1 14 19 19 0 20 14 20 6 6 13 17 6
split_gain=471.508 553.886 623.012 450.443 479.562 565.893 459.251 817.672 1695.11 825.861 662.428 974.9 942.005 920.17
threshold=218.50000000000003 217.50000000000003 896.69000000000017 62.500000000000007 64.500000000000014 44.500000000000007 0.0031399255004534205 1537.2800000000004 0.10674859302041419 223.33925456494032 46.157869123450759 1443.5400000000002 31.031250000000004 41.161893297836031
decision_type=2 2 2 2 2 2 2 2 2 2 2 2 2 2
left_child=1 3 -3 6 5 -5 10 9 -9 -8 11 13 -12 -1
right_child=-2 2 -4 4 -6 -7 7 8 -10 -11 12 -13 -14 -15
leaf_value=0.00011750124360407411 -0.00066598194149734195 0.016834259231426198 0.00018128419477430084 0.00091352776628073106 0.0014275888935925359 0.020498691658905163 0.0011717997925439186 0.011299887071933683 -0.0088858415447775774 -0.008488397046981332 -0.0025449714756003096 -0.023790251150657298 -0.024160892638697272 0.01484472521983116
leaf_weight=159901.48940372467 535234.14146137238 3962.1848421096802 4108.1611022949219 2694.2782802581787 173563.17468261719 2601.6454696655273 78972.859561443329 16540.780330657959 4821.6346588134766 8838.0146961212158 82170.510092735291 1484.5700969696045 1835.8325862884521 3891.703857421875
leaf_count=6146 10222 94 42 47 2303 37 2114 129 56 203 1801 31 53 81
internal_value=-3.34231e-05 0.000587362 0.00837857 0.000470033 0.00169961 0.0105757 -0.000143551 0.0014789 0.00673979 0.000197806 -0.000854162 0.000248431 -0.00302299 0.000469188
internal_weight=1.08062e+06 545387 8070.35 537316 178859 5295.92 358457 109173 21362.4 87810.9 249284 165278 84006.3 163793
internal_count=23359 13137 136 13001 2387 84 10614 2502 185 2317 8112 6258 1854 6227
is_linear=0
shrinkage=0.03


Tree=352
num_leaves=15
num_cat=0
split_feature=6 5 13 19 18 20 5 19 17 20 20 5 18 20
split_gain=329.061 653.395 526.815 473.584 765.744 975.93 470.937 1229.01 876.059 883.223 725.928 1449.09 653.576 640.5
threshold=324.6477016158633 461.67500000000007 8184.5500000000011 77.500000000000014 11.519151751514732 0.0055754368450029014 327.69000000000005 410.50000000000006 17.679487179487186 0.084341099394573946 0.39988377552601978 173.92015151515153 10.773349937733501 0.15856846176662934
decision_type=2 2 2 2 2 2 2 2 2 2 2 2 2 2
left_child=2 3 6 4 -2 -6 10 8 9 12 13 -12 -8 -1
right_child=1 -3 -4 -5 5 -7 7 -9 -10 -11 11 -13 -14 -15
leaf_value=-9.762544931628672e-05 0.0088287497110953305 -0.00028423586212403826 -0.0097731228229150768 -0.010337956089100996 -0.024616638265896537 0.00035259751897978326 0.0099877385046567273 -0.017020782695084804 0.00049799618363681464 -0.0058550224071883495 -0.0081930036430508633 0.02303649091565739 0.003360767125261982 -0.0086271502384205039
leaf_weight=432981.2844543457 4073.9992599487305 225213.57889127731 4455.8231945037842 10446.264309883118 2068.9647045135498 4325.1332607269287 15525.815430164337 3244.2334451675415 264504.62826251984 8300.2127585411072 2205.3068218231201 3345.3983421325684 97177.859011650085 8051.1197648048401
leaf_count=13690 82 1722 22 151 63 64 260 41 5101 194 112 49 1496 359
internal_value=0.000209098 -0.000755503 0.000491817 -0.00582516 -0.00131066 -0.00777837 0.000546805 0.00131024 0.00146538 0.00357956 -0.000117795 0.0106441 0.00427529 -0.000253717
internal_weight=1.08592e+06 246128 839792 20914.4 10468.1 6394.1 835336 388753 385509 121004 446583 5550.71 112704 441032
internal_count=23406 2082 21324 360 209 127 21302 7092 7051 1950 14210 161 1756 14049
is_linear=0
shrinkage=0.03


Tree=353
num_leaves=15
num_cat=0
split_feature=17 18 17 5 18 18 4 4 4 4 14 5 5 18
split_gain=185.883 700.468 509.978 1363.26 519.684 610.363 327.748 426.112 856.551 692.211 545.357 589.431 388.695 370.158
threshold=1.5277777777777779 1.0217391304347829 2.025641025641026 449.74454545454552 11.154387865655472 7.4359264394658107 50.515000000000008 316.96500000000009 294.04000000000002 101.38000000000001 970.2600000000001 664.12000000000012 108.88000000000001 4.9353972567287796
decision_type=2 2 2 2 2 2 2 2 2 2 2 2 2 2
left_child=6 -2 3 4 5 -3 13 8 9 -8 11 -9 -11 -1
right_child=1 2 -4 -5 -6 -7 7 10 -10 12 -12 -13 -14 -15
leaf_value=0.017579689060888477 0.016033882139367028 -0.044612929391225353 -7.0409287490243427e-05 0.021542437950829808 0.0022110804408729126 0.0020960781061085021 -0.030788149591182035 -0.0021277009870687581 -0.047281897730937744 0.012225914885524722 -0.0084731070089291011 0.01814836430927327 -0.009868402164788263 -0.0069517436901257229
leaf_weight=1328.8810343742371 2437.0645546913147 475.40089988708496 1057937.6787965298 3591.7597923278809 6783.7559909820557 508.53044128417969 856.54969811439514 3695.7783265113831 540.49102354049683 1240.2336273193359 5238.5805263519287 1959.6067342758179 1641.3417816162109 924.32437705993652
leaf_count=69 57 53 22354 24 259 39 107 122 33 61 51 30 110 83
internal_value=-1.57007e-05 3.43013e-05 -2.463e-06 0.00631457 -0.000764 -0.0209112 -0.00308748 -0.0046741 -0.0126728 -0.00744377 -0.00151512 0.00493721 -0.000340256 0.00754362
internal_weight=1.08916e+06 1.07173e+06 1.0693e+06 11359.4 7767.69 983.931 17425.8 15172.6 4278.62 3738.13 10894 5655.39 2881.58 2253.21
internal_count=23452 22786 22729 375 351 92 666 514 311 278 203 152 171 152
is_linear=0
shrinkage=0.03


Tree=354
num_leaves=15
num_cat=0
split_feature=1 19 16 15 17 17 7 20 17 8 20 2 16 20
split_gain=357.716 363.579 795.713 693.819 524.179 646.697 512.962 611.348 524.313 484.014 547.418 409.924 467.14 444.876
threshold=550.50000000000011 117.50000000000001 -0.74289152775032774 2142.2650000000003 16.025000000000002 17.866071428571434 125.12500000000001 0.0063873603667204777 71.416666666666671 2.2158385093167707 0.0050949126120376593 5.5000000000000009 0.59842142454829317 0.035432362687162676
decision_type=2 2 2 2 2 2 2 2 2 2 2 2 2 2
left_child=1 -1 3 -3 -4 -6 7 9 -8 10 -7 12 13 -9
right_child=-2 2 4 -5 5 6 8 11 -10 -11 -12 -13 -14 -15
leaf_value=0.00016806405060204786 0.0033579604227297363 0.00022033930418671613 -0.005241052843743166 0.019610666505975115 0.0056081486911165688 0.00027716607425242725 -0.0039722514060549045 -0.014864910866003446 -0.026821763726734848 -0.0098863819070216206 0.007343498386489785 -0.0017861111221737439 -0.00062055705358567441 -0.001716676903524434
leaf_weight=796874.07863473892 26778.125039577484 3628.6822862625122 28185.711389541626 3043.1647491455078 12919.173397064209 77777.335479736328 2605.4624071121216 7252.286717414856 1370.9798078536987 3689.5014748573303 11280.574501037598 102048.50692558289 6818.7153491973877 3406.7213754653931
leaf_count=20299 310 111 169 37 86 957 71 135 44 72 69 887 93 59
internal_value=-6.51544e-05 -0.000151619 -0.00111641 0.00909684 -0.00138187 -0.000906813 -0.00129651 -0.00109593 -0.011945 0.000731668 0.00117368 -0.00251396 -0.00675678 -0.0106737
internal_weight=1.08768e+06 1.0609e+06 264027 6671.85 257355 229169 216250 212274 3976.44 92747.4 89057.9 119526 17477.7 10659
internal_count=23399 23089 2790 148 2642 2473 2387 2272 115 1098 1026 1174 287 194
is_linear=0
shrinkage=0.03


Tree=355
num_leaves=15
num_cat=0
split_feature=1 1 20 20 18 18 12 4 20 4 2 4 17 18
split_gain=310.593 603.138 402.127 644.775 799.062 1097.53 710.388 683.588 1196.77 618.8 608.91 590.597 502.829 795.523
threshold=222.50000000000003 232.50000000000003 0.01630705548373516 0.04694692029975895 4.6860439068100366 6.2954963235294121 326.99500000000006 308.91500000000008 0.03981894226184076 167.81000000000003 1.5000000000000002 162.06000000000003 7.9827586206896557 2.667865707434053
decision_type=2 2 2 2 2 2 2 2 2 2 2 2 2 2
left_child=2 -2 12 7 10 6 -6 8 -4 -7 11 -5 13 -1
right_child=1 -3 3 4 5 9 -8 -9 -10 -11 -12 -13 -14 -15
leaf_value=0.014752652562194128 -0.0057169734597133284 -0.00045946953676183756 0.001010930910758077 0.009926735224930849 -0.025130804842913641 0.015220315040622894 0.0032784091129769567 0.002798049337154438 0.037022034230102509 -0.0014874409718355663 0.014103425390591199 -0.023431846749381629 0.00030764494847596865 -0.0033017254501988176
leaf_weight=2261.6945915222168 20430.793849468231 494372.42314600945 1927.6848459243774 998.72606372833252 2826.1115083694458 2065.6689829826355 1091.8174896240234 84527.587346076965 1440.9179430007935 45926.610854148865 5129.858669757843 881.46252059936523 356685.23587465286 59109.272188663483
leaf_count=116 566 9411 75 40 125 85 17 1217 24 996 101 43 8594 2064
internal_value=-0.000135352 -0.000668336 0.000350396 0.00170098 -0.000727144 -0.0020119 -0.0172375 0.00332844 0.0165423 -0.00076227 0.00876528 -0.00579432 -0.00012397 -0.00263178
internal_weight=1.07968e+06 514803 564873 146816 58920.3 51910.2 3917.93 87896.2 3368.6 47992.3 7010.05 1880.19 418056 61371
internal_count=23474 9977 13497 2723 1407 1223 142 1316 99 1081 184 83 10774 2180
is_linear=0
shrinkage=0.03


Tree=356
num_leaves=15
num_cat=0
split_feature=17 14 7 14 4 1 13 17 7 7 4 4 4 7
split_gain=415.537 588.075 348.488 1295.5 541.857 531.958 671.994 454.183 365.217 354.507 315.696 681.29 916.469 900.542
threshold=63.166666666666679 2663.110000000001 119.12500000000001 768.3850000000001 1081.4350000000002 16.500000000000004 465.48000000000008 69.550000000000011 254.50000000000003 61.083333333333336 304.17500000000001 258.5750000000001 221.62000000000003 98.125000000000014
decision_type=2 2 2 2 2 2 2 2 2 2 2 2 2 2
left_child=10 2 4 8 5 -2 -7 -6 -4 -9 11 12 -1 -14
right_child=1 -3 3 -5 7 6 -8 9 -10 -11 -12 -13 13 -15
leaf_value=0.0013024463406305729 0.013186587135504118 -0.0036831543230062534 0.0011463989052548987 -0.023255344824658773 0.015606729738242569 0.0032849300348056138 -0.016025485735233828 0.0015141014351806169 0.017380946179213225 0.010525852859649487 -0.0003382207881412109 0.0050577067451623697 -8.5133385277803706e-05 -0.01460421989290627
leaf_weight=77902.784728288651 1971.324725151062 10305.366413116455 5110.6466951370239 1823.7819900512695 5793.2879104614258 4032.5427947044373 2687.1168785095215 8310.8152942657471 1631.086799621582 7444.3814487457275 901712.31568670273 31834.492800235748 8460.704864025116 7027.4946622848511
leaf_count=4387 34 93 136 43 67 106 73 110 38 99 16165 1119 363 452
internal_value=-1.32519e-05 0.00268203 0.00437344 -0.000966578 0.00588567 -0.000437582 -0.00446173 0.00843402 0.00511396 0.00578013 -0.000142196 0.00126915 -2.30691e-05 -0.00668325
internal_weight=1.07605e+06 49110.4 38805 8565.52 30239.5 8690.98 6719.66 21548.5 6741.73 15755.2 1.02694e+06 125225 93391 15488.2
internal_count=23285 799 706 217 489 213 179 276 174 209 22486 6321 5202 815
is_linear=0
shrinkage=0.03


Tree=357
num_leaves=15
num_cat=0
split_feature=16 8 6 2 20 18 18 18 5 16 6 5 16 0
split_gain=443.798 826.037 2327.11 586.335 564.374 661.068 461.229 925.963 519.327 737.559 580.836 552.449 559.928 548.453
threshold=0.26742886634536372 5.2984375000000012 545.66152193607434 3.5000000000000004 0.0074351953575247974 9.6132697947214094 9.1336769759450185 9.1938717067583067 259.69810344827596 -0.99452114558787341 89.50916363211509 110.68666666666668 -0.22567310376690383 73.500000000000014
decision_type=2 2 2 2 2 2 2 2 2 2 2 2 2 2
left_child=1 6 3 4 5 -3 -1 -8 9 -9 11 -11 -13 -10
right_child=-2 2 -4 -5 -6 -7 7 8 13 10 -12 12 -14 -15
leaf_value=-0.00049596340764950062 -0.00071030397521016394 0.003247655247242652 -0.043661544195329353 -0.010508700853365095 0.0098506583337571191 -0.016400460336377765 0.020562436310109452 -0.012066241162188312 0.00099284906599570854 -0.0075094189798391997 -0.004900785034527017 0.011525693937350361 -0.00030219274395481898 0.0042368672732445737
leaf_weight=161249.55021834373 633682.74135971069 4085.8639550209045 1331.2418441772461 5658.6207404136658 4271.5312809944153 2449.5280404090881 2260.5072011947632 5497.3937854766846 171140.42835521698 3380.0398578643799 13314.239023685455 7599.0203728675842 6830.4727897644043 64603.171075344086
leaf_count=4771 13265 184 61 204 128 127 34 314 1675 290 328 300 252 1602
internal_value=-0.000197495 0.000518789 -0.00581277 -0.00270343 0.00139536 -0.00414422 0.000777561 0.00152531 0.00136581 -0.0019571 -0.00016492 0.00337709 0.00593407 0.00188212
internal_weight=1.08735e+06 453672 17796.8 16465.5 10806.9 6535.39 435875 274625 272365 36621.2 31123.8 17809.5 14429.5 235744
internal_count=23535 10270 704 643 439 311 9566 4795 4761 1484 1170 842 552 3277
is_linear=0
shrinkage=0.03


Tree=358
num_leaves=15
num_cat=0
split_feature=20 1 20 4 15 7 7 22 20 4 20 15 20 17
split_gain=569.191 632.03 718.987 558.321 592.132 588.173 577.678 522.187 519.948 502.077 442.316 421.492 384.082 351.929
threshold=0.10003883546728169 73.500000000000014 0.267953767331437 270.04000000000002 209.40500000000003 148.16666666666671 203.50000000000003 0.49074074074074076 0.096953197786024084 177.43000000000004 0.15233268533784877 1043.3850000000002 0.21799143390732703 17.866071428571434
decision_type=2 2 2 2 2 2 2 2 2 2 2 2 2 2
left_child=8 2 -2 4 9 7 -7 13 -1 10 -3 -9 -8 -5
right_child=1 3 -4 5 -6 6 12 11 -10 -11 -12 -13 -14 -15
leaf_value=5.1289487006571893e-05 -0.0057381802138401642 -0.011279317774542068 -0.032816631776249432 -0.006332119932413038 0.028793215242552395 -0.031790062964821231 -0.019509527028302224 -6.117774208328874e-05 0.015446980811991294 -0.013314036546578487 0.013514056912826722 0.015814581164381697 0.0063300766632067972 0.0013267870670417316
leaf_weight=1031587.2495501041 2698.0747003555298 816.89254808425903 1299.6231961250305 20052.71204328537 876.83494710922241 1226.9470977783203 954.14268684387207 4807.7217955589294 1958.0451812744141 1336.2077651023865 2884.1065082550049 2170.9001522064209 1089.5360350608826 7378.3145871162415
leaf_count=22001 96 59 59 412 23 59 57 121 29 83 115 26 45 156
internal_value=-6.6984e-05 -0.00327408 -0.0146607 -0.00222366 0.00633175 -0.0035691 -0.0156876 -0.0024088 8.07549e-05 0.00232343 0.0080104 0.00490851 -0.00580595 -0.00427258
internal_weight=1.08114e+06 47592 3997.7 43594.3 5914.04 37680.3 3270.63 34409.6 1.03355e+06 5037.21 3701 6978.62 2043.68 27431
internal_count=23341 1311 155 1156 280 876 161 715 22030 257 174 147 102 568
is_linear=0
shrinkage=0.03


Tree=359
num_leaves=15
num_cat=0
split_feature=1 3 7 1 19 17 14 22 14 14 17 21 14 14
split_gain=255.129 434.932 488.564 395.473 311.813 344.481 365.925 277.337 526.208 499.026 382.438 393.979 453.051 628.175
threshold=46.500000000000007 1.5000000000000002 32.81666666666667 49.500000000000007 94.500000000000014 74.062500000000014 1427.45 0.95833333333333337 535.07500000000016 787.43000000000018 40.95000000000001 1.0000000180025095e-35 310.77500000000009 457.33500000000004
decision_type=2 2 2 2 2 2 2 2 2 2 2 2 2 2
left_child=1 4 -3 -2 5 6 7 8 -1 10 11 -9 -13 -14
right_child=3 2 -4 -5 -6 -7 -8 9 -10 -11 -12 12 13 -15
leaf_value=0.0038886509217758488 -0.0082858479886550838 0.0040223541976177196 0.019504902443683157 -2.3500634258601144e-05 -0.010820309792456817 0.011170982601816284 -0.01489521427800012 0.012270999566011031 -0.0042858266325415213 0.011931768137768761 -0.018826073069481048 -0.010384481101620468 0.010309318070387073 -0.013224591105901271
leaf_weight=31777.11213684082 5221.117290019989 15510.599517822266 2063.6886491775513 999569.18756699562 2089.2855787277222 2789.7130861282349 1351.9827289581299 1345.8743276596069 9102.190357208252 1822.6570568084717 1513.3039579391479 5825.0350079536438 2966.0446510314941 1531.4296350479126
leaf_count=1045 156 293 36 20870 37 44 23 48 180 35 70 355 108 64
internal_value=6.30002e-05 0.0016967 0.00586052 -6.65977e-05 0.000517103 0.000915194 0.000411591 0.000787102 0.00206732 -0.00269895 -0.00473697 -0.00288063 -0.00487605 0.00227274
internal_weight=1.08448e+06 79688.9 17574.3 1.00479e+06 62114.6 60025.3 57235.6 55883.6 40879.3 15004.3 13181.7 11668.4 10322.5 4497.47
internal_count=23364 2338 329 21026 2009 1972 1928 1905 1225 680 645 575 527 172
is_linear=0
shrinkage=0.03


Tree=360
num_leaves=15
num_cat=0
split_feature=19 11 6 18 20 16 6 20 16 20 19 5 7 4
split_gain=286.689 301.52 242.338 675.934 894.598 698.991 505.203 487.083 447.817 615.827 503.658 589.069 639.022 445.281
threshold=1052.5000000000002 63.000000000000007 324.6477016158633 12.206604460326917 0.0060676403599019225 -0.35657154195641522 605.2030309704254 0.019368173770123513 -0.37826310131785718 0.056590874950707533 80.500000000000014 921.78714285714295 48.071428571428577 8005.8150000000014
decision_type=2 2 2 2 2 2 2 2 2 2 2 2 2 2
left_child=1 2 -1 4 -4 -6 7 -7 9 10 11 12 -5 -10
right_child=-2 -3 3 8 5 6 -8 -9 13 -11 -12 -13 -14 -15
leaf_value=0.00025003628666904162 0.0051611294068141999 -0.010032308171857606 0.00028561025190087928 0.013127808250065784 0.0032311922510271929 -0.014672046547915131 -0.021589857107286541 -0.0044192485309075087 -0.002457361118584482 0.015224092620501107 0.0070130396604743935 -0.01593971025061959 -0.007828018902450282 0.00066719014649879022
leaf_weight=832106.43985319138 9686.7532196044922 2679.0327301025391 22691.928564071655 2418.8965682983398 4187.7394933700562 6657.9586753845215 2982.2518291473389 11177.567965507507 66196.493502140045 3723.6982707977295 7809.9808807373047 2430.1725225448608 2809.1781730651855 107984.11192178726
leaf_count=21265 18 7 333 28 82 93 45 163 747 38 56 46 60 379
internal_value=2.85067e-05 -1.78013e-05 7.38497e-06 -0.000830131 -0.00402787 -0.00793935 -0.0101874 -0.00825874 -4.10394e-05 0.00430575 0.0016611 -0.00380094 0.00188079 -0.000520426
internal_weight=1.08554e+06 1.07586e+06 1.07318e+06 241070 47697.4 25005.5 20817.8 17835.5 193373 19191.9 15468.2 7658.25 5228.07 174181
internal_count=23360 23342 23335 2070 716 383 301 256 1354 228 190 134 88 1126
is_linear=0
shrinkage=0.03


Tree=361
num_leaves=15
num_cat=0
split_feature=16 22 17 18 18 16 17 1 17 17 17 19 14 0
split_gain=279.136 1091.41 642.802 515.992 292.142 287.368 525.653 642.87 371.603 385.681 259.7 913.795 578.578 524.207
threshold=-0.99918340678092432 0.12451550387596901 22.514705882352946 13.023558758314858 8.6311047889995276 -0.99877562014380605 47.055555555555564 218.50000000000003 30.023809523809529 12.267857142857144 63.166666666666679 66.500000000000014 158.07000000000002 111.50000000000001
decision_type=2 2 2 2 2 2 2 2 2 2 2 2 2 2
left_child=1 2 -1 4 -3 6 7 -2 9 -9 -7 -12 -13 -14
right_child=5 3 -4 -5 -6 10 -8 8 -10 -11 11 12 13 -15
leaf_value=0.0026347460227888132 0.013359945756777148 0.010608519461509635 -0.026441096733551678 0.015590586516638562 -0.004205718124632195 -9.4578854879151668e-05 -0.021926245189516465 -2.6247525867233522e-07 0.005543297340833528 -0.017748523523489688 0.019120445785164975 0.016256405770050161 0.001250478139187384 -0.012456930397113299
leaf_weight=1318.5060253143311 1819.9829349517822 2036.9890146255493 1395.3317756652832 5149.2628135681152 2851.1928024291992 1023185.7603218555 1420.1490507125854 1766.6456212997437 1619.0944595336914 2908.7531299591064 2687.4551410675049 2147.6125326156616 38278.122131347656 2667.117413520813
leaf_count=40 35 40 55 75 62 22185 52 49 41 104 45 63 564 68
internal_value=1.02638e-05 0.00441942 -0.0123988 0.0089822 0.0019857 -4.19473e-05 -0.00522161 -0.00225134 -0.00679319 -0.0110707 4.34939e-06 0.00221446 0.00115175 0.00035195
internal_weight=1.09125e+06 12751.3 2713.84 10037.4 4888.18 1.0785e+06 9534.63 8114.48 6294.49 4675.4 1.06897e+06 45780.3 43092.9 40945.2
internal_count=23478 272 95 177 102 23206 281 229 194 153 22925 740 695 632
is_linear=0
shrinkage=0.03


Tree=362
num_leaves=15
num_cat=0
split_feature=19 10 6 5 13 17 6 17 20 12 13 6 5 5
split_gain=276.793 266.746 259.742 482.025 350.405 350.406 667.602 500.777 780.809 537.554 624.245 496.506 472.35 549.601
threshold=1052.5000000000002 33.500000000000007 3170.263322026673 3192.063333333334 18179.580000000005 4.041666666666667 1071.7076944637413 5.0312500000000009 0.059537178193485869 586.65500000000009 16.445000000000004 545.66152193607434 96.575000000000003 131.15250000000003
decision_type=2 2 2 2 2 2 2 2 2 2 2 2 2 2
left_child=1 2 3 4 5 6 11 8 9 10 -7 12 -1 -14
right_child=-2 -3 -4 -5 -6 7 -8 -9 -10 -11 -12 -13 13 -15
leaf_value=-0.0035633466136906458 0.0048531866010580313 -0.0097505496220836596 0.0031635692658277233 -0.012356966981141469 -0.0059922738876545586 0.0019142219868196033 0.012419405949560102 -8.4146388606843743e-05 -0.019526372040336446 0.0054535839175893462 -0.011185365131864779 -0.0081794038307975991 0.011798951962720985 0.0020390327845209383
leaf_weight=11165.968885183334 10303.895980834961 2542.3866119384766 22016.074211120605 2872.7588272094727 8965.3181457519531 5609.1500372886658 5145.4267234802246 937880.76849389076 2765.7726836204529 5421.3650741577148 7827.3019871711731 4682.1860256195068 5954.9763784408569 39779.32826089859
leaf_count=836 19 7 51 47 20 261 16 20380 90 29 228 31 229 933
internal_value=-3.53384e-05 -8.2831e-05 -5.94615e-05 -0.000127877 -9.37025e-05 -4.20559e-05 0.00205971 -0.000188262 -0.0046998 -0.00250689 -0.00572212 0.00119038 0.00196399 0.00331446
internal_weight=1.07293e+06 1.06263e+06 1.06009e+06 1.03807e+06 1.0352e+06 1.02623e+06 66727.9 959504 21623.6 18857.8 13436.5 61582.5 56900.3 45734.3
internal_count=23177 23158 23151 23100 23053 23033 2045 20988 608 518 489 2029 1998 1162
is_linear=0
shrinkage=0.03


Tree=363
num_leaves=15
num_cat=0
split_feature=18 16 18 22 18 18 18 16 1 14 7 7 16 1
split_gain=292.8 479.937 887.251 886.068 877.203 699.37 754.917 561.94 651.6 545.742 545.339 537.619 534.217 950.893
threshold=9.1336769759450185 -0.3007653743635566 9.2364315892102713 0.21110257395313101 10.151923076923078 32.089682539682549 28.29893617021277 -0.99955337329175131 188.50000000000003 993.75500000000011 183.25000000000003 38.183333333333344 -0.99485556890270266 547.50000000000011
decision_type=2 2 2 2 2 2 2 2 2 2 2 2 2 2
left_child=-1 2 -2 5 10 6 9 -6 -9 -4 -5 -7 13 -10
right_child=1 -3 3 4 7 11 -8 8 12 -11 -12 -13 -14 -15
leaf_value=-0.00059605016412577622 0.022572926411907463 8.2697022762611862e-05 -0.0045344736888510767 -0.0023706733709494073 0.017805989326259351 -0.0051898942375891242 -0.025971381839681802 0.020571205386214386 -0.0030592160470805552 0.010147059133433094 -0.025471481358290943 0.0093523472032502383 0.0058756152328984504 0.023587878155080226
leaf_weight=410300.55099797249 1890.9529247283936 568817.0253674984 23184.119255542755 4311.4373393058777 3022.266040802002 3309.1303625106812 1348.0270462036133 2169.8004288673401 14181.438318252563 2507.9318771362305 1150.872501373291 7318.548721075058 35601.502581834793 1297.0366115570068
leaf_count=11420 42 9293 952 118 40 44 54 46 474 22 70 208 587 25
internal_value=3.50854e-05 0.000421529 0.00232386 0.0019342 0.00414617 -0.00169132 -0.00425339 0.00526072 0.00454227 -0.00309456 -0.00731303 0.0048231 0.0038536 -0.000798735
internal_weight=1.08041e+06 670110 101293 99402.1 61734.4 37667.8 27040.1 56272 53249.8 25692.1 5462.31 10627.7 51080 15478.5
internal_count=23395 11975 2682 2640 1360 1280 1028 1172 1132 974 188 252 1086 499
is_linear=0
shrinkage=0.03


Tree=364
num_leaves=15
num_cat=0
split_feature=17 14 18 18 4 4 1 18 20 20 19 4 16 18
split_gain=240.042 501.982 535.058 563.86 601.954 505.528 391.823 353.302 323.979 320.999 1089.58 663.115 551.616 362.522
threshold=65.583333333333357 2663.110000000001 4.5741239892183296 8.0816364309514999 2318.3400000000006 2130.0650000000001 58.500000000000007 2.244531864673486 0.013725826234312552 0.00059103121928520382 319.50000000000006 128.37000000000003 0.97476114649681544 34.690476190476197
decision_type=2 2 2 2 2 2 2 2 2 2 2 2 2 2
left_child=9 2 7 5 6 -4 -5 -2 -9 10 13 12 -11 -1
right_child=1 -3 3 4 -6 -7 -8 8 -10 11 -12 -13 -14 -15
leaf_value=-0.00091249551781071817 0.0086963593890211303 -0.0040837175991253957 0.020265756298128722 0.003484915388801467 0.013279220769341014 0.0048136718559412912 -0.01291385202531985 -0.004757521343104313 0.0053910603912442501 -0.0022894594114733786 -0.018366491862475805 0.00027838877762241629 0.02422896697736374 0.0016272926163423203
leaf_weight=399335.225284338 3529.9599256515503 9051.830623626709 4416.0358610153198 2989.1512851715088 2897.7795915603638 3368.2500915527344 2307.2903614044189 10034.017993927002 3922.054838180542 1118.8434000015259 3104.7407321929932 568810.18494510651 1878.2924818992615 57897.177290678024
leaf_count=12885 85 83 61 38 32 41 51 233 63 63 36 8369 64 1134
internal_value=-3.0872e-05 0.00217772 0.00387281 0.00783746 0.00233475 0.0136091 -0.00368059 0.000245137 -0.00190185 -0.000121889 -0.000711518 0.000352803 0.01438 -0.000590837
internal_weight=1.07466e+06 42516.4 33464.5 15978.5 8194.22 7784.29 5296.44 17486 13956.1 1.03214e+06 460337 571807 2997.14 457232
internal_count=23238 687 604 223 121 102 89 381 296 22551 14055 8496 127 14019
is_linear=0
shrinkage=0.03


Tree=365
num_leaves=15
num_cat=0
split_feature=0 4 4 20 5 1 4 14 20 1 5 8 4 4
split_gain=465.194 408.069 427.203 280.652 941.064 710.358 679.651 1388.96 1025.13 556.011 475.501 632.906 397.883 993.997
threshold=427.50000000000006 377.7000000000001 200.91000000000003 0.15856846176662934 1155.2500000000002 66.500000000000014 367.59500000000008 514.24500000000023 0.21799143390732703 144.50000000000003 285.86375000000004 1.9845446950710111 258.5750000000001 262.05500000000006
decision_type=2 2 2 2 2 2 2 2 2 2 2 2 2 2
left_child=3 2 -2 12 5 -5 8 10 -7 -10 -8 -12 -1 -14
right_child=1 -3 -4 4 -6 6 7 -9 9 -11 11 -13 13 -15
leaf_value=-0.0019200098487783279 -0.0089566054266693174 0.00088684404084758196 -0.042005411351838849 -0.019195612137527709 -0.018384919417393147 -0.014672362281400347 -0.028746412349138502 0.0026082747940135761 -0.0038963816341137021 0.019060107809292692 -0.023342911484288659 0.0063187303796336325 0.017134759058128196 0.00014723735991604994
leaf_weight=86644.614969015121 836.41369247436523 1108.4999613761902 606.34881401062012 1773.8857131004333 3162.9082641601562 1386.2426195144653 1856.3364553451538 11084.346607208252 1208.8023209571838 4306.3398537635803 1293.977686882019 1263.0197925567627 3090.0548195838928 963058.66927146912
leaf_count=4903 120 81 103 78 45 90 107 158 59 139 53 28 92 17399
internal_value=-8.10361e-05 -0.0128263 -0.0232304 -5.06949e-05 -0.00305062 -0.00103066 0.000423745 -0.00306359 0.00824108 0.0140326 -0.0172563 -0.00875632 2.72549e-05 0.000201922
internal_weight=1.08268e+06 2551.26 1442.76 1.08013e+06 27335.9 24173 22399.1 15497.7 6901.38 5515.14 4413.33 2557 1.05279e+06 966149
internal_count=23455 304 223 23151 757 712 634 346 288 198 188 81 22394 17491
is_linear=0
shrinkage=0.03


Tree=366
num_leaves=15
num_cat=0
split_feature=1 7 19 4 20 1 13 19 4 14 20 7 14 20
split_gain=264.653 225.402 459.149 264.694 235.094 627.701 517.137 812.215 671.119 1199.42 610.284 662.976 593.842 662.329
threshold=1.0000000180025095e-35 465.50000000000006 34.500000000000007 283.90000000000003 0.016498647910523679 282.50000000000006 748.19500000000005 39.500000000000007 553.86500000000012 427.17500000000007 0.071825883763033185 27.138888888888893 528.58500000000015 0.042061469796163008
decision_type=2 2 2 2 2 2 2 2 2 2 2 2 2 2
left_child=-1 4 3 -3 -2 6 7 10 -9 -10 11 -6 13 -13
right_child=1 2 -4 -5 5 -7 -8 8 9 -11 -12 12 -14 -15
leaf_value=0.011435259677506119 -0.00025611144118779458 0.0088095974768860382 0.030554963071271236 -0.020648687537730262 0.014244444652508717 -0.001168885706748073 0.0031382056414597341 0.010873460041124222 -0.016883845962674157 -0.0017279309632090476 -0.00092116694079219963 0.0010790544908276184 -0.0023898570289370342 0.01191074299097768
leaf_weight=1822.9832153320312 747265.46340584755 859.40872025489807 641.72981929779053 379.1113862991333 5894.2391319274902 108481.70851898193 105489.79101753235 3184.8785533905029 5216.0383367538452 45928.320722579956 26584.22589302063 10540.413022041321 10823.576930999756 9796.6138210296631
leaf_count=45 17600 94 24 45 124 1674 889 97 170 822 931 330 237 270
internal_value=7.65399e-05 5.71751e-05 0.0103803 -0.000392437 3.89975e-05 0.000703324 0.00161225 0.000247398 -0.00244625 -0.00327963 0.00254704 0.00503438 0.00328422 0.0063034
internal_weight=1.08291e+06 1.08109e+06 1880.25 1238.52 1.07921e+06 331940 223458 117968 54329.2 51144.4 63639.1 37054.8 31160.6 20337
internal_count=23352 23307 163 139 23144 5544 3870 2981 1089 992 1892 961 837 600
is_linear=0
shrinkage=0.03


Tree=367
num_leaves=15
num_cat=0
split_feature=7 10 16 22 8 16 12 15 5 6 5 17 5 7
split_gain=349.628 429.178 303.86 777.105 692.21 600.682 637.101 1103.97 525.086 883.367 499.57 630.172 492.366 563.316
threshold=4.021739130434784 37.500000000000007 0.32326528134942384 0.2752525252525253 1.9507792941936526 0.40130351008547355 636.0150000000001 480.43000000000006 559.44600000000003 960.52648468648351 110.68666666666668 23.976744186046513 91.405000000000015 185.25000000000003
decision_type=2 2 2 2 2 2 2 2 2 2 2 2 2 2
left_child=-1 2 10 4 -4 -5 -7 -8 -6 -10 11 12 -2 -14
right_child=1 -3 3 5 8 6 7 -9 9 -11 -12 -13 13 -15
leaf_value=0.0041863831180652521 -0.0025422940947701484 -0.01373012576159331 0.00046266945666694175 0.0033340371785829698 -0.0022237189979305806 -0.00508809973554429 0.0048418932270543995 -0.0068602416783306256 -0.023094819094160651 -0.00039364283849474237 0.00076897110564650274 0.021468271182056686 -0.0077742565223961873 -0.031976533496612607
leaf_weight=18548.376416683197 7225.2030739784241 2014.9505004882812 429987.12705659866 13239.036438941956 28519.78045463562 67632.694777965546 18090.043159484863 12085.431907653809 3102.1503276824951 3050.9737167358398 470788.60666847229 715.5578932762146 2673.5520305633545 1273.6189665794373
leaf_count=362 559 7 8959 209 647 2074 249 104 66 21 9736 28 155 159
internal_value=0.000105373 3.39107e-05 6.03736e-05 -0.000405061 0.000133796 -0.00265944 -0.00347122 0.000153689 -0.00394256 -0.0118764 0.000615509 -0.00545301 -0.00721252 -0.0157054
internal_weight=1.07895e+06 1.0604e+06 1.05838e+06 575707 464660 111047 97808.2 30175.5 34672.9 6153.12 482677 11887.9 11172.4 3947.17
internal_count=23335 22973 22966 12329 9693 2636 2427 353 734 87 10637 901 873 314
is_linear=0
shrinkage=0.03


Tree=368
num_leaves=15
num_cat=0
split_feature=7 8 5 18 18 18 18 20 18 4 5 16 5 20
split_gain=377.714 294.647 839.594 727.034 2267.64 1327.97 862.135 1238.08 1064.89 926.865 1083.05 664.204 675.453 663.283
threshold=1.5000000000000002 0.06859943977591039 3192.063333333334 3.9506903353057203 4.0139114619611496 3.1286141228801783 6.1846590909090917 0.087241518295437762 5.9560386473429956 207.28000000000003 183.21375000000003 -0.99563747363048105 267.86000000000007 0.014261909539186218
decision_type=2 2 2 2 2 2 2 2 2 2 2 2 2 2
left_child=-1 2 3 5 -5 11 7 8 9 10 -6 12 -2 -11
right_child=1 -3 -4 4 6 -7 -8 -9 -10 13 -12 -13 -14 -15
leaf_value=0.0085600332876430672 0.024658527975371051 0.00034323438330114797 -0.018332238735761987 0.030900941894800932 0.0052495264374249869 -0.013031583037392968 -0.00095700242390434813 -0.020807336789962542 0.019767474296409536 -0.0025131075306645996 0.029742001088558904 -0.0024663990981184311 -0.0042120342634131419 0.010843878459616856
leaf_weight=4672.6486530303955 1696.1244740486145 771108.91639995575 2406.599449634552 2097.6876287460327 5973.9580502510071 11322.356803417206 223747.70213794708 1691.5957765579224 4036.9217729568481 17226.073378562927 2218.1424245834351 29276.34788942337 1259.5311803817749 4131.4232273101807
leaf_count=109 50 13049 32 49 331 566 6841 104 123 577 60 1337 52 61
internal_value=6.7234e-05 3.027e-05 -0.000755575 -0.000615546 -1.6917e-05 -0.00420288 -0.000269668 0.00408775 0.00535324 0.003372 0.0119375 -0.0010954 0.0124099 7.84139e-05
internal_weight=1.08287e+06 1.07819e+06 307084 304678 261124 43554.4 259026 35278.1 33586.5 29549.6 8192.1 32232 2955.66 21357.5
internal_count=23341 23232 10183 10151 8146 2005 8097 1256 1152 1029 391 1439 102 638
is_linear=0
shrinkage=0.03


Tree=369
num_leaves=15
num_cat=0
split_feature=8 2 2 13 8 22 1 3 18 1 1 5 5 6
split_gain=288.779 444.135 803.508 739.297 443.093 1195.2 720.121 727.435 686.821 512.548 469.18 765.399 516.79 794.292
threshold=2.7470707070707072 10.500000000000002 8.5000000000000018 648.36500000000012 0.87155378269836115 0.057189542483660136 173.50000000000003 2.5000000000000004 2.244531864673486 250.50000000000003 77.500000000000014 270.0800000000001 1211.3941666666669 383.61158622780965
decision_type=2 2 2 2 2 2 2 2 2 2 2 2 2 2
left_child=4 2 -2 -3 -1 8 -7 9 -6 -8 11 -10 13 -12
right_child=1 3 -4 -5 5 6 7 -9 10 -11 12 -13 -14 -15
leaf_value=-0.00031171995729538236 -0.0017991148012135513 -0.017931709893261503 0.014928472811895223 0.00079751330684855147 0.013020375700080871 -0.0078012923675766033 0.015969494611219576 0.0025193459957785031 0.014772704672672866 0.0046581929886313168 -0.0023021784696351539 -0.0038917657840533376 0.0064792845387882736 -0.01259719642246458
leaf_weight=771700.36710715294 63497.553451061249 3861.9815030097961 2674.1521039009094 3705.9656143188477 2803.7317972183228 5492.3125276565552 6359.1919679641724 126892.96958398819 3736.8727951049805 8347.564197063446 67131.446092128754 4161.107629776001 5141.8341789245605 7480.4874172210693
leaf_count=17259 1907 90 42 17 58 122 135 1600 72 277 1514 63 36 114
internal_value=-9.53938e-05 -0.00190748 -0.00111881 -0.00878223 3.70394e-05 0.00116996 0.00283855 0.00325229 -0.00154342 0.00956424 -0.00201214 0.0049542 -0.00270308 -0.00333744
internal_weight=1.08299e+06 73739.7 66171.7 7567.95 1.00925e+06 237548 147092 141600 90455.5 14706.8 87651.7 7897.98 79753.8 74611.9
internal_count=23306 2056 1949 107 21250 3991 2134 2012 1857 412 1799 135 1664 1628
is_linear=0
shrinkage=0.03


Tree=370
num_leaves=15
num_cat=0
split_feature=1 1 22 0 5 12 6 17 4 17 6 6 0 1
split_gain=269.181 1447.21 782.352 737.544 1132.31 750.366 877.536 632.769 1049.22 684.692 551.207 889.433 530.258 469.114
threshold=190.50000000000003 186.50000000000003 0.49074074074074076 45.500000000000007 206.47500000000005 377.40000000000003 89.50916363211509 9.5131578947368443 2046.7400000000002 13.483333333333336 152.54007946763366 74.927548385579868 7.5000000000000009 127.50000000000001
decision_type=2 2 2 2 2 2 2 2 2 2 2 2 2 2
left_child=1 2 3 4 5 6 13 8 -5 10 11 -9 -3 -1
right_child=-2 12 -4 7 -6 -7 -8 9 -10 -11 -12 -13 -14 -15
leaf_value=0.0094168893930233494 -0.00036730429206355698 0.0014187123769588959 -0.0032684613009927735 -0.0033395975552698975 0.00068334601330403142 0.018150502557505908 -0.0054798917408421417 0.0049355000437605236 -0.027571117823989279 -0.00092724343254671417 0.013955636131844884 -0.015427708406827115 0.0091271996293870641 0.00093930310129619555
leaf_weight=21247.709466457367 632731.63688087463 12377.271587371826 54044.131788730621 31120.390046596527 148822.13996505737 4326.944694519043 6025.3379974365234 15512.186680793762 1676.598726272583 107293.5826792717 4693.5789823532104 2184.8230876922607 22898.183651924133 8123.1231718063354
leaf_count=702 12341 72 1747 1453 2423 46 160 562 34 3057 74 66 387 199
internal_value=2.90749e-05 0.000598621 9.09563e-05 0.00060833 0.00188479 0.00638339 0.00493551 -0.000872945 -0.00459437 6.87635e-05 0.0048381 0.00240694 0.00642482 0.00707447
internal_weight=1.07308e+06 440346 405071 351026 188545 39723.1 35396.2 162481 32797 129684 22390.6 17697 35275.5 29370.8
internal_count=23323 10982 10523 8776 3530 1107 1061 5246 1487 3759 702 628 459 901
is_linear=0
shrinkage=0.03


Tree=371
num_leaves=15
num_cat=0
split_feature=18 18 3 19 8 1 1 19 12 17 6 18 17 19
split_gain=333.218 429.145 945.745 1077.76 624.479 380.391 788.841 359.194 570.603 852.863 346.261 400.554 496.666 1074.34
threshold=145.15053763440864 64.292913608131002 19.500000000000004 38.500000000000007 0.021409472880061117 390.00000000000006 302.50000000000006 19.500000000000004 218.23000000000002 4.041666666666667 1437.9683169872164 48.516483516483525 5.4900000000000011 19.500000000000004
decision_type=2 2 2 2 2 2 2 2 2 2 2 2 2 2
left_child=1 10 3 4 -3 6 -2 8 9 -6 11 -1 -13 -14
right_child=5 2 -4 -5 7 -7 -8 -9 -10 -11 -12 12 13 -15
leaf_value=0.00015022485979747501 0.0035399899830441802 -0.013287011910642084 0.00147844251143713 -0.019904737075265612 -0.0012870438643131311 0.010025334127779504 -0.0081122886006990726 -0.0090163596388420347 -0.0060007926182852099 0.02091488214728009 -0.0045765190736369605 -0.0023188712548129391 0.019095786262917139 0.0012572647511042408
leaf_weight=956740.61673092842 32003.944986343384 4730.6410381793976 24095.303497314453 4627.7764930725098 3855.1757411956787 5558.8529744148254 6229.852020740509 3588.448582649231 4757.9605331420898 2589.9394083023071 13618.352885246277 6431.6274809837341 4806.3019275665283 8211.4335441589355
leaf_count=22182 302 201 43 41 76 36 42 52 46 24 59 157 77 65
internal_value=0.000144074 3.59075e-05 -0.00272637 -0.00691943 -0.00382401 0.00270684 0.00163811 -0.000783685 0.00186469 0.0076718 0.000170599 0.000236916 0.00449684 0.00786265
internal_weight=1.08185e+06 1.03805e+06 48245.2 24149.9 19522.2 43792.6 38233.8 14791.5 11203.1 6445.12 989808 976190 19449.4 13017.7
internal_count=23403 23023 483 440 399 380 344 198 146 100 22540 22481 299 142
is_linear=0
shrinkage=0.03


Tree=372
num_leaves=15
num_cat=0
split_feature=6 18 18 6 15 5 17 17 1 19 11 8 14 5
split_gain=316.675 778.97 517.976 788.184 1395.75 681.784 663.101 573.863 534.24 647.358 1110.32 465.431 564.014 446.572
threshold=398.44090674655075 10.643650793650794 16.445113788487287 738.22880575325109 873.54500000000019 1155.2500000000002 24.975409836065577 14.519230769230772 169.50000000000003 36.500000000000007 8.5000000000000018 0.10186786579038397 561.2650000000001 1390.0250000000003
decision_type=2 2 2 2 2 2 2 2 2 2 2 2 2 2
left_child=-1 11 -3 4 6 -6 7 -4 -5 -10 13 -2 -13 -11
right_child=1 2 3 8 5 -7 -8 -9 9 10 -12 12 -14 -15
leaf_value=0.00030020442312099927 0.0054546971561068563 0.0027964491488813464 -0.015136012330402369 0.0056316583632399862 -0.0032146513669349917 0.0077139675241064565 -0.026183943899750175 0.00030569346482771284 0.0052608639418438644 -0.012974921386736844 0.00064598927324222141 0.0039905513713211493 -0.011123051383636583 -0.0037075870000817324
leaf_weight=892206.51401877403 2397.1715335845947 36060.466828346252 5740.9358062744141 14744.504545211792 31911.881853103638 6103.1743516921997 2721.0256175994873 3469.8222274780273 14042.239098548889 8661.2588219642639 46795.334701538086 2643.4457235336304 13639.201549530029 10202.632900238037
leaf_count=21936 34 328 88 88 223 44 52 41 77 81 83 63 219 68
internal_value=5.87725e-05 -0.00102287 -0.000418843 -0.0012221 -0.00426918 -0.00145697 -0.0132116 -0.00933085 0.00038988 -0.000581001 -0.0018316 -0.00685132 -0.00866751 -0.00797187
internal_weight=1.09134e+06 199133 180453 144393 49946.8 38015.1 11931.8 9210.76 94446 79701.5 65659.2 18679.8 16282.6 18863.9
internal_count=23425 1489 1173 845 448 267 181 129 397 309 232 316 282 149
is_linear=0
shrinkage=0.03


Tree=373
num_leaves=15
num_cat=0
split_feature=17 18 19 4 5 15 19 18 18 5 18 18 18 5
split_gain=359.987 596.012 687.169 729.577 768.158 590.565 615.443 596.738 1505.91 1234.15 840.396 580.174 536.622 523.404
threshold=3.4529914529914536 1.0217391304347829 6.5000000000000009 95.605000000000004 100.45500000000001 379.79500000000002 8.5000000000000018 11.998666666666669 1.975534939398474 197.0302777777778 2.963937621832359 3.478665318503539 15.920454545454547 475.31155219780231
decision_type=2 2 2 2 2 2 2 2 2 2 2 2 2 2
left_child=5 -2 -3 11 -5 6 7 8 -1 10 -10 -4 -9 -7
right_child=1 2 3 4 -6 13 -8 12 9 -11 -12 -13 -14 -15
leaf_value=-0.03267351490947791 0.015147761407099523 -0.0066185024477940476 0.00076481079066770469 -0.0095474097574428079 3.6840501834342805e-05 0.010355277971273807 -0.024229081499332193 -0.019126764429398032 0.029739787412875193 0.048490199081252842 0.0015116409188048394 0.028605993004165869 -0.00096679608754795957 0.0020049473652696461
leaf_weight=725.35244750976562 2296.6587910652161 14270.483265638351 1269.3539295196533 7563.3566055297852 998775.72718262672 11687.448091506958 939.07425546646118 1565.6607172489166 1188.1093542575836 733.29885578155518 4440.5576221942902 1418.1025810241699 19198.807768821716 16001.86381816864
leaf_count=72 46 828 96 417 20289 147 42 122 47 9 290 59 780 105
internal_value=7.67826e-05 -5.16473e-05 -8.60558e-05 6.46074e-06 -3.53803e-05 0.00240807 -0.000600493 0.000213003 0.00771684 0.0124099 0.00755429 0.0155587 -0.00235316 0.00553449
internal_weight=1.08207e+06 1.02559e+06 1.0233e+06 1.00903e+06 1.00634e+06 56480.2 28790.9 27851.8 7087.32 6361.97 5628.67 2687.46 20764.5 27689.3
internal_count=23349 21735 21689 20861 20706 1614 1362 1320 418 346 337 155 902 252
is_linear=0
shrinkage=0.03


Tree=374
num_leaves=15
num_cat=0
split_feature=6 18 20 18 14 1 19 8 19 19 17 2 1 17
split_gain=276.479 622.11 859.761 1147.2 742.124 700.459 524.75 530.01 445.393 424.511 388.65 721.318 669.368 385.945
threshold=324.6477016158633 10.643650793650794 0.0025703410569742837 7.6885775862068977 970.2600000000001 395.50000000000006 91.500000000000014 1.2408364661654139 69.500000000000014 12.500000000000002 6.3446327683615822 16.500000000000004 215.50000000000003 9.8633540372670829
decision_type=2 2 2 2 2 2 2 2 2 2 2 2 2 2
left_child=-1 2 3 -2 -5 6 8 -8 -4 -3 11 12 -11 -12
right_child=1 9 5 4 -6 -7 7 -9 -10 10 13 -13 -14 -15
leaf_value=0.00028048863543133186 0.010069758224140309 0.0055552965388941796 -0.010751661653069903 0.005910155629447392 -0.015448523375133492 0.0062354294863462634 -0.010160827732502762 -0.024137586502822817 0.0094459186576271222 -0.00036555909849528631 0.0030680812766900618 -8.0752444286423354e-05 -0.017674360643525032 -0.00072874581505811371
leaf_weight=839836.77856087685 6602.7621402740479 10679.303322792053 2006.9447383880615 2272.3270835876465 4052.5814056396484 2502.161358833313 10502.638870239258 3191.0982723236084 1887.3692512512207 3229.8215675354004 28829.550415992737 13932.123422622681 5311.5647459030151 146183.3986530304
leaf_count=21360 92 78 57 47 73 39 134 63 32 24 156 44 73 1167
internal_value=2.33803e-05 -0.000871858 -0.00469625 0.00133787 -0.00778063 -0.00857655 -0.0106885 -0.0134483 -0.000964708 -0.000264865 -0.000580128 -0.0042922 -0.0111454 -0.000103023
internal_weight=1.08102e+06 241184 33017.9 12927.7 6324.91 20090.2 17588.1 13693.7 3894.31 208166 197486 22473.5 8541.39 175013
internal_count=23439 2079 537 212 120 325 286 197 89 1542 1464 141 97 1323
is_linear=0
shrinkage=0.03


Tree=375
num_leaves=15
num_cat=0
split_feature=0 7 5 7 0 0 5 18 5 5 5 5 16 5
split_gain=192.295 384.923 756.795 272.449 354.389 242.616 271.482 201.039 547.242 1045.05 328.941 282.627 252.651 251.765
threshold=400.50000000000006 364.50000000000006 233.47333333333339 465.50000000000006 497.50000000000006 443.50000000000006 411.67300000000006 1.475426580149003 93.90000000000002 134.86750000000004 185.24875 76.364545454545478 0.89237189853735222 100.45500000000001
decision_type=2 2 2 2 2 2 2 2 2 2 2 2 2 2
left_child=1 7 -3 5 -5 6 -2 8 11 -10 -11 12 -1 -9
right_child=3 2 -4 4 -6 -7 -8 13 9 10 -12 -13 -14 -15
leaf_value=-0.0071982215694229284 -0.018619055944771361 -0.012760532522067811 0.025080140723242737 0.015246022839080995 -0.011523288592834306 -0.029601877646616558 0.0080875064517452432 -0.0031467551951066294 -0.020087135663048275 0.020878383909528207 -0.00081811705668074987 0.023722197865822119 0.018591186051282387 0.00015300401931641396
leaf_weight=715.28674554824829 761.99405145645142 690.21869945526123 1441.3798251152039 876.25225257873535 864.61473774909973 614.6308319568634 593.89849948883057 21212.781014204025 1665.5493588447571 1286.3346705436707 1209.9400610923767 1560.0077857971191 621.48117303848267 1045264.1313252449
leaf_count=58 100 85 61 72 109 81 33 1393 102 42 39 7 31 21150
internal_value=0.000122588 0.000146169 0.0128225 -0.00667599 0.00197097 -0.0142582 -0.00697372 0.00012076 0.00515984 -0.00181498 0.0104392 0.0151244 0.00488893 8.73123e-05
internal_weight=1.07938e+06 1.07567e+06 2131.6 3711.39 1740.87 1970.52 1355.89 1.07354e+06 7058.6 4161.82 2496.27 2896.78 1336.77 1.06648e+06
internal_count=23363 22968 146 395 181 214 133 22822 279 183 81 96 89 22543
is_linear=0
shrinkage=0.03


Tree=376
num_leaves=15
num_cat=0
split_feature=18 18 0 6 8 18 8 18 18 18 20 18 20 18
split_gain=256.612 727.109 1038.06 538.26 868.881 547.304 543.545 669.173 1357.7 1574.29 985.014 928.937 867.286 780.988
threshold=9.1336769759450185 8.987734433608404 65.500000000000014 449.56314529069056 0.21284685705040049 7.1050925925925936 0.06859943977591039 6.2954963235294121 3.9506903353057203 3.1286141228801783 0.13803253469163487 4.0139114619611496 0.087241518295437762 5.9560386473429956
decision_type=2 2 2 2 2 2 2 2 2 2 2 2 2 2
left_child=1 3 -3 6 -5 -6 7 8 9 -1 -9 -10 13 -13
right_child=-2 2 -4 4 5 -7 -8 10 11 -11 -12 12 -14 -15
leaf_value=-0.00048839802545564347 0.00041756093662630086 -0.0019791995674924442 -0.023272681927332107 0.0073726462077819688 -0.024416825859050858 -0.0056853480014788472 0.00060266922763331542 -0.0056715098174840994 0.024104840645099358 -0.013413289876760437 0.015688168712691367 0.0016325532847672835 -0.016452078733772017 0.012634123105422737
leaf_weight=33135.725184440613 675965.53568816185 6514.2880654335022 2996.6570408344269 2319.9125785827637 2605.9408531188965 3051.2654876708984 262773.86688661575 43234.589839696884 1913.4130263328552 11380.106277704239 2015.5636944770813 28851.357797145844 1979.2468709945679 7253.4254298210144
leaf_count=1464 11975 136 154 32 55 47 5709 1706 46 576 61 1038 119 215
internal_value=5.84037e-05 -0.000533692 -0.00872299 -0.000338797 -0.00804377 -0.0143695 -0.000181815 -0.00177026 -0.000193603 -0.00379708 -0.00471358 0.00381684 0.00278542 0.00384853
internal_weight=1.08599e+06 410025 9510.95 400514 7977.12 5657.21 392537 129763 84513.3 44515.8 45250.2 39997.4 38084 36104.8
internal_count=23333 11358 290 11068 134 102 10934 5225 3458 2040 1767 1418 1372 1253
is_linear=0
shrinkage=0.03


Tree=377
num_leaves=15
num_cat=0
split_feature=20 8 16 4 4 7 20 19 19 19 22 4 17 20
split_gain=249.014 642.697 686.077 663.42 570.735 1127.15 922.139 771.777 1490.67 874.329 612.138 976.674 703.945 561.465
threshold=0.016498647910523679 12.95523648648649 -0.99955337329175131 1608.0950000000005 403.78000000000003 203.50000000000003 0.017745044292544167 7.5000000000000009 12.500000000000002 6.5000000000000009 0.19803921568627456 338.43500000000006 15.839743589743593 0.050452004220915496
decision_type=2 2 2 2 2 2 2 2 2 2 2 2 2 2
left_child=1 2 -1 -3 6 13 -2 9 -9 -8 -10 12 -12 -6
right_child=4 3 -4 -5 5 -7 7 8 10 -11 11 -13 -14 -15
leaf_value=0.012953252944200007 0.031656241078426753 -0.0056930463817428372 -0.00027436803313544717 -0.033449295169909458 0.0014071407062138852 -0.014582305067893795 0.005294529129170859 -0.013043861724716353 0.0012935013282801343 0.029682966196922182 -0.015490713559000283 0.02693418081116114 0.013185413740976494 -0.0014346700501508686
leaf_weight=3525.813136100769 1077.7212753295898 4241.9065279960632 744521.17877602577 931.78350162506104 204614.95642471313 4484.8105440139771 4158.4599094390869 5169.7350997924805 11605.483931541443 1928.2337064743042 1232.2295150756836 2571.0788955688477 1983.2544555664062 90112.061627388
leaf_count=54 20 192 17555 42 2564 187 177 301 447 48 72 58 70 1543
internal_value=1.60339e-05 -0.000284701 -0.000211677 -0.0108015 0.000704648 0.000310628 0.00466782 0.00363117 0.00106935 0.0130926 0.00527462 0.0132272 0.0021684 0.000538226
internal_weight=1.08216e+06 753221 748047 5173.69 328938 299212 29726.2 28648.5 22561.8 6086.69 17392 5786.56 3215.48 294727
internal_count=23330 17843 17609 234 5487 4294 1193 1173 948 225 647 200 142 4107
is_linear=0
shrinkage=0.03


Tree=378
num_leaves=15
num_cat=0
split_feature=1 20 17 16 19 17 7 8 17 13 19 3 19 16
split_gain=291.901 298.856 614.1 867.69 1017.07 707.707 1739.95 651.704 708.769 570.683 561.658 538.024 506.217 637.91
threshold=1.0000000180025095e-35 0.003012037380986671 11.033333333333335 0.41251697815217153 11.500000000000002 12.510869565217392 27.897368421052636 4.6539558089807569 5.3431372549019613 903.6350000000001 47.500000000000007 25.500000000000004 23.500000000000004 0.99784703157460275
decision_type=2 2 2 2 2 2 2 2 2 2 2 2 2 2
left_child=-1 2 3 7 -5 6 -4 10 -9 12 -2 -7 13 -8
right_child=1 -3 5 4 -6 11 9 8 -10 -11 -12 -13 -14 -15
leaf_value=0.012034038703023438 0.0017921248654485908 0.00035324098137212614 -0.01450459919851845 -0.0018313335147728119 -0.0089986219843153446 -0.00026948082222648167 0.0081933082087585103 0.0044544885676656241 -0.020680607385284173 -0.0042269044028551972 -0.0083254577457910484 -0.01572758501848863 0.014455357349673499 -0.014930724250544609
leaf_weight=1756.2548542022705 57684.70884680748 547640.66151404381 3528.9751172065735 47558.744102954865 28488.644214630127 357067.84252166748 6257.2422461509705 1616.0422105789185 2644.2902050018311 2850.8426322937012 5380.4455575942993 2018.0081253051758 10471.51878786087 1276.1982879638672
leaf_count=43 2042 8177 90 2007 681 9452 233 66 135 30 79 17 184 38
internal_value=-0.000117401 -0.000137486 -0.000647578 -0.0023225 -0.00451798 -2.12669e-05 0.00492222 0.000158013 -0.01117 0.00822014 0.000926571 -0.000357224 0.0101935 0.00424683
internal_weight=1.07624e+06 1.07448e+06 526844 143373 76047.4 383471 24384.8 67325.5 4260.33 20855.8 63065.2 359086 18005 7533.44
internal_count=23274 23231 15054 5010 2688 10044 575 2322 201 485 2121 9469 455 271
is_linear=0
shrinkage=0.03


Tree=379
num_leaves=15
num_cat=0
split_feature=17 5 6 19 8 5 17 19 21 17 19 19 17 5
split_gain=243.619 766.014 1154.43 782.459 760.286 705.635 637.692 491.208 515.331 647.138 427.606 549.72 594.027 392.418
threshold=46.058823529411775 1155.2500000000002 506.76164072374951 94.500000000000014 0.19262657152565413 244.28000000000003 45.854166666666679 60.500000000000007 1.0000000180025095e-35 48.125000000000007 67.500000000000014 83.500000000000014 72.65000000000002 233.47333333333339
decision_type=2 2 2 2 2 2 2 2 2 2 2 2 2 2
left_child=6 2 5 -3 -5 13 -1 8 -7 -10 -9 12 -12 -2
right_child=1 3 -4 4 -6 7 -8 10 9 -11 11 -13 -14 -15
leaf_value=4.7509410847042356e-05 0.0055634882437897142 0.013895812323820233 -0.014336851329894413 -0.0066529701312309526 0.0072282873500741389 -0.021200626538903554 -0.016819706496959311 0.011025887572780835 0.011523878525163301 -0.0078545255660570166 -0.024259858731925148 0.0011025501758984272 0.0005510354578901447 0.02077134437002642
leaf_weight=984540.26277089119 8570.5386567115784 8014.7485790252686 4641.5203156471252 5450.0176305770874 10107.302350997925 1691.7342338562012 2001.4229788780212 3556.0298953056335 2033.9731106758118 6321.9153323173523 1631.7940540313721 51116.447180747986 1829.5945072174072 1845.98304271698
leaf_count=21421 263 85 72 74 73 44 70 75 47 207 52 841 46 41
internal_value=0.000160312 0.00152113 0.000168681 0.00629282 0.00236313 0.00102872 1.29502e-05 -8.32318e-05 -0.00620135 -0.00312122 0.000975968 0.000317364 -0.0112177 0.00829322
internal_weight=1.09335e+06 106812 83239.5 23572.1 15557.3 78598 986542 68181.5 10047.6 8355.89 58133.9 54577.8 3461.39 10416.5
internal_count=23411 1920 1688 232 147 1616 21491 1312 298 254 1014 939 98 304
is_linear=0
shrinkage=0.03


Tree=380
num_leaves=15
num_cat=0
split_feature=18 6 18 22 1 0 22 16 16 1 1 6 6 13
split_gain=354.243 988.949 973.807 799.34 972.005 860.159 609.229 625.866 657.873 656.813 630.199 565.739 526.37 514.251
threshold=13.252272727272729 865.7223658265433 13.151134460179689 0.24068965517241384 125.50000000000001 36.500000000000007 0.27806414662084772 0.43735340280738527 0.99886146257949171 190.50000000000003 197.50000000000003 3170.263322026673 561.09945193207454 6493.2300000000005
decision_type=2 2 2 2 2 2 2 2 2 2 2 2 2 2
left_child=1 2 6 -2 11 -6 12 9 -9 -8 -11 -5 13 -1
right_child=3 -3 -4 4 5 -7 7 8 -10 10 -12 -13 -14 -15
leaf_value=0.0003064756899655785 -0.00030701106179706203 -0.017874420035122816 -0.015588159519884013 -0.0087754869726853185 0.0011834652880822576 0.005888291665092877 0.006693867106218122 -0.0061407951048579471 0.0010007462486845765 -0.019724799516126473 -0.0008923073068430841 0.009839845722321907 0.0077507748858510256 -0.010698685816534622
leaf_weight=436381.26492571831 268436.94257712364 2889.5833168029785 3730.1518888473511 9810.4000382423401 88446.118477344513 57840.983623981476 10425.279951572418 43340.796998500824 15846.831851959229 1600.0966606140137 124447.54098129272 1710.3982391357422 8472.0912189483643 3835.1883239746094
leaf_count=10957 4409 45 92 315 838 1189 273 1460 273 65 3367 4 74 15
internal_value=1.68069e-05 -0.00042341 -0.000345052 0.000689102 0.00238335 0.00304427 -0.000256328 -0.00165316 -0.00422903 -0.000535559 -0.00113447 -0.00599956 0.000352838 0.000210116
internal_weight=1.07721e+06 650969 648079 426245 157808 146287 644349 195661 59187.6 136473 126048 11520.8 448689 440216
internal_count=23376 16621 16576 6755 2346 2027 16484 5438 1733 3705 3432 319 11046 10972
is_linear=0
shrinkage=0.03


Tree=381
num_leaves=15
num_cat=0
split_feature=18 6 6 1 22 13 6 15 1 14 18 1 15 18
split_gain=373.79 328.725 454.06 952.122 748.796 328.523 284.735 792.212 552.154 481.748 672.086 543.34 490.305 375.422
threshold=145.15053763440864 1071.7076944637413 46.157869123450759 101.50000000000001 0.060661764705882359 1187.9450000000004 391.41849175475357 337.60000000000008 195.50000000000003 768.3850000000001 10.720869565217393 190.50000000000003 1973.2300000000002 125.42857142857144
decision_type=2 2 2 2 2 2 2 2 2 2 2 2 2 2
left_child=6 2 3 -2 5 -4 13 8 -8 12 -11 -12 -9 -1
right_child=1 -3 4 -5 -6 -7 7 9 -10 10 11 -13 -14 -15
leaf_value=-0.00011954936520306736 -0.013598708044074448 0.0047564460991966796 -0.023457502297259254 0.014027993448174705 0.0011940438905281199 -0.005827642406465691 -0.0042510575964347062 -0.0011262235537918479 -0.016896088047214465 -0.009121570419268232 0.0052006021993343289 -0.0011098084252476501 0.011248863148402117 0.0091549445564796383
leaf_weight=864257.58747601509 1526.8196506500244 25229.691383361816 1922.0737977027893 4089.7873992919922 8473.2856721878052 1899.0727434158325 29707.383068084717 5420.7313575744629 3455.568464756012 8435.2677249908447 13901.871517181396 104111.20007705688 6123.151668548584 3926.0317354202271
leaf_count=21590 51 76 62 101 71 18 372 119 80 119 62 576 90 53
internal_value=-0.000184286 0.00255134 -0.000556643 0.00649634 -0.00378406 -0.0147716 -0.000297883 -0.00141615 -0.00557805 -0.000415274 -0.000951138 -0.00036569 0.00544592 -7.7399e-05
internal_weight=1.08248e+06 43140.7 17911 5616.61 12294.4 3821.15 1.03934e+06 171155 33163 137992 126448 118013 11543.9 868184
internal_count=23440 379 303 152 151 80 23061 1418 452 966 757 638 209 21643
is_linear=0
shrinkage=0.03


Tree=382
num_leaves=15
num_cat=0
split_feature=8 1 18 18 18 18 10 14 17 1 1 17 14 15
split_gain=288.211 700.61 587.763 566.531 1811.48 1211.56 834.517 658.461 673.104 513.421 622.302 460.222 448.571 472.014
threshold=0.06859943977591039 73.500000000000014 3.3476636479460078 3.8291793313069915 3.1286141228801783 4.5018115942028993 1.5000000000000002 113.49500000000002 22.866071428571434 342.50000000000006 374.00000000000006 6.7638888888888902 106.09500000000001 224.53
decision_type=2 2 2 2 2 2 2 2 2 2 2 2 2 2
left_child=3 2 -2 4 7 11 -6 12 -9 -3 -11 -5 13 -1
right_child=1 9 -4 5 6 -7 -8 8 -10 10 -12 -13 -14 -15
leaf_value=-0.0010928044452498953 0.014574922563317926 0.00046992624720257244 0.0029529058192789104 0.025380197204422066 -0.020339817832386614 -0.00072956021980425127 0.0012727905637294715 -0.017388581017747835 -0.0018016237999407452 -0.0045344919653370697 -0.00013792264394018545 0.0067057954422610443 0.020767457202112538 0.012766751406871767
leaf_weight=8020.4703681468964 4474.1142997741699 611016.23507213593 30620.78565120697 1304.4361169338226 7330.7548575401306 252796.39911437035 2055.208423614502 2873.109543800354 18097.821441650391 43448.264144420624 86901.450891971588 11895.44948720932 1378.4551563262939 3032.1226553916931
leaf_count=567 85 10023 581 44 459 7910 37 147 608 761 1655 415 52 104
internal_value=-6.90974e-06 0.000301395 0.00444201 -0.000782135 -0.00398522 -0.000266629 -0.0156147 -0.000709927 -0.00395164 0.000105272 -0.00160386 0.00858684 0.00475634 0.00272556
internal_weight=1.08525e+06 776461 35094.9 308784 42787.9 265996 9385.96 33402 20970.9 741366 130350 13199.9 12431 11052.6
internal_count=23448 13105 666 10343 1974 8369 496 1478 755 12439 2416 459 723 671
is_linear=0
shrinkage=0.03


Tree=383
num_leaves=15
num_cat=0
split_feature=1 12 5 8 16 18 18 15 6 22 13 6 6 6
split_gain=299.264 584.993 587.852 546.32 531.607 496.711 593.346 475.536 845.469 679.445 852.906 600.224 1134.49 759.544
threshold=220.50000000000003 744.12000000000012 869.11250000000007 0.10186786579038397 0.26742886634536372 20.800419985202598 9.6672885572139311 324.04500000000002 636.04564973870117 0.36055555555555557 171.24000000000004 960.52648468648351 232.70890782192242 297.10155421852113
decision_type=2 2 2 2 2 2 2 2 2 2 2 2 2 2
left_child=1 7 5 -4 -2 6 -3 9 -9 11 -11 12 -1 -14
right_child=4 2 3 -5 -6 -7 -8 8 -10 10 -12 -13 13 -15
leaf_value=0.00062407811224629128 0.00015174902702565679 0.0077879914539119395 -0.0044814368834773183 0.0029186634724312197 -0.0019790514258098404 0.010751080237583432 1.4253800942717337e-05 0.0027305867863751357 -0.010093171586004023 0.0020865570674890618 -0.0058231140849404287 0.0087189586118357528 -0.011228455320473982 -0.0018761642681743146
leaf_weight=291741.63336038589 379068.73720693588 15664.765264511108 14548.227373123169 23381.690685272217 145928.7104549408 10775.531070709229 20239.766202926636 89159.437368392944 4860.8988342285156 17874.69105386734 39047.478643417358 7271.6870956420898 11971.855954170227 22471.29253578186
leaf_count=8491 7983 151 144 99 2026 71 187 1502 49 813 1281 46 242 358
internal_value=7.59667e-05 0.000552561 0.00285384 7.94486e-05 -0.000440583 0.00510717 0.0034083 0.000150496 0.00206559 -0.000310825 -0.00333946 0.000206343 1.60472e-05 -0.00513149
internal_weight=1.09401e+06 569009 84610 37929.9 524997 46680.1 35904.5 484399 94020.3 390379 56922.2 333456 326185 34443.1
internal_count=23443 13434 652 243 10009 409 338 12782 1551 11231 2094 9137 9091 600
is_linear=0
shrinkage=0.03


Tree=384
num_leaves=15
num_cat=0
split_feature=6 6 15 18 19 16 17 19 20 18 20 18 18 18
split_gain=312.589 797.165 705.87 610.606 534.213 610.991 525.256 715.141 878.384 832.018 711.68 765.275 1028.46 935.308
threshold=82.091207535150872 69.224373907702315 1079.0250000000003 3.4198484533222366 224.50000000000003 0.99966494366289549 9.8633540372670829 8.5000000000000018 0.0017618661767402402 43.747252747252752 0.058484693432497979 9.9955357142857171 7.9425882352941182 26.686274509803926
decision_type=2 2 2 2 2 2 2 2 2 2 2 2 2 2
left_child=1 2 4 -2 5 6 7 8 -1 10 -10 12 -12 -13
right_child=3 -3 -4 -5 -6 -7 -8 -9 9 -11 11 13 -14 -15
leaf_value=-0.00080605144393110272 -0.0040116423132472573 0.0051635831412510866 -0.0078778279806263497 0.0001594696583639655 0.016791466491168638 -0.018256022236847157 0.001433238696100229 -0.0047642240820211772 0.029504161903153865 -0.012389095869075115 0.0017361450509988602 -0.028817162413676767 0.036505450250712522 0.012303659068365093
leaf_weight=42414.901850223541 33173.690229415894 37695.720694065094 8647.0634708404541 652296.06373023987 1847.3874111175537 1503.2585697174072 267257.89116168022 32549.488291978836 1904.1539688110352 1259.4394488334656 1713.6499314308167 898.19961071014404 1367.1607785224915 1069.7635316848755
leaf_count=2301 710 762 164 9008 22 28 8770 1270 37 63 76 67 29 23
internal_value=0.000346437 0.00101271 0.000580728 -4.25048e-05 0.000787902 0.000702947 0.000785312 -0.0012964 0.000934141 0.00990194 0.0139636 0.00800923 0.0173015 -0.00656543
internal_weight=1.0856e+06 400128 362432 685470 353785 351938 350435 83176.8 50627.3 8212.37 6952.93 5048.77 3080.81 1967.96
internal_count=23330 13612 12850 9718 12686 12664 12636 3866 2596 295 232 195 105 90
is_linear=0
shrinkage=0.03


Tree=385
num_leaves=15
num_cat=0
split_feature=20 20 16 2 17 0 0 4 4 17 0 17 4 0
split_gain=269.366 370.161 274.931 575.009 330.103 284.541 879.366 487.953 677.997 543.185 515.449 622.582 487.938 373.247
threshold=0.10003883546728169 0.094967726590301574 -0.99934732030273909 3.5000000000000004 121.25000000000001 188.50000000000003 186.50000000000003 114.07500000000002 120.38000000000001 21.981481481481485 245.50000000000003 70.166666666666671 68.77500000000002 247.50000000000003
decision_type=2 2 2 2 2 2 2 2 2 2 2 2 2 2
left_child=1 2 3 -1 5 6 -4 9 -9 12 -10 13 -7 -12
right_child=-2 -3 4 -5 -6 7 -8 8 10 -11 11 -13 -14 -15
leaf_value=-0.0031668617680096034 -0.0020490791819132862 0.0099502833743144621 0.00021747139472532031 0.012599609093630218 -0.0099871063792453321 -0.0050922666748526076 0.018345514442648956 0.020465683210613535 -0.0037414162599568352 0.01837912043949716 0.014142318361499642 0.028008588602864946 -0.027733130696786561 -9.6235457638716001e-05
leaf_weight=3757.7984619140625 51419.204836368561 3454.8023157119751 946027.42880010605 4629.6457023620605 2892.7959356307983 1779.1712927818298 2394.4501266479492 1266.2461271286011 38773.201888084412 450.21295356750488 1757.5699615478516 763.63431358337402 1652.3790156841278 24412.748711109161
leaf_count=86 1343 58 17998 83 59 193 66 56 1629 28 58 18 222 1488
internal_value=6.97893e-05 0.000175194 0.000142232 0.00554508 9.77907e-05 0.000126608 0.000263625 -0.00170697 -0.0011058 -0.0120202 -0.00152761 0.00165973 -0.0160919 0.00087008
internal_weight=1.08543e+06 1.03401e+06 1.03056e+06 8387.44 1.02217e+06 1.01928e+06 948422 70855.2 66973.4 3881.76 65707.2 26934 3431.55 26170.3
internal_count=23385 22042 21984 169 21815 21756 18064 3692 3249 443 3193 1564 415 1546
is_linear=0
shrinkage=0.03


Tree=386
num_leaves=15
num_cat=0
split_feature=17 18 5 22 5 17 17 5 18 17 17 5 17 1
split_gain=264.554 399.694 955.829 512.455 526.889 420.382 341.601 890.636 870.254 697.881 652.222 739.291 664.369 531.147
threshold=63.166666666666679 4.6860439068100366 607.60100000000011 0.24885321100917435 480.4308333333334 109.25000000000001 22.324561403508774 157.34 2.0967602857846765 31.031250000000004 27.804761904761907 836.95000000000016 31.505813953488374 408.50000000000006
decision_type=2 2 2 2 2 2 2 2 2 2 2 2 2 2
left_child=6 3 -3 4 -2 -6 -1 8 -8 -10 11 13 -12 -9
right_child=1 2 -4 -5 5 -7 7 10 9 -11 12 -13 -14 -15
leaf_value=0.00042797401185675719 0.0085351299200446436 0.019397502248844883 0.0025481911843344379 -0.0060819922871486664 -0.010098579504939474 0.0059924277267975352 -0.0040990263812086519 -0.0045483845836690592 0.016226109782700355 -0.003465068392126445 0.0027445637012471448 0.0037090155344344641 -0.00097984243915768361 0.0030005364110260745
leaf_weight=654510.1413602829 7245.0326399803162 3461.4248828887939 23448.228819847107 9287.085841178894 3524.685622215271 2468.7659072875977 4509.759512424469 87779.290315628052 7353.5842592716217 2067.9209971427917 55522.583109855652 13306.099702358246 192495.34424209595 9260.9758043289185
leaf_count=15146 140 47 283 221 73 45 239 1894 262 88 972 77 3598 191
internal_value=0.000118514 0.00226169 0.00472834 -0.000686617 0.00310182 -0.00347264 1.52891e-05 -0.000710211 0.00672643 0.0119059 -0.000999667 -0.00291819 -0.000145923 -0.00382749
internal_weight=1.07624e+06 49435.2 26909.7 22525.6 13238.5 5993.45 1.02681e+06 372296 13931.3 9421.51 358364 110346 248018 97040.3
internal_count=23276 809 330 479 258 118 22467 7321 589 350 6732 2162 4570 2085
is_linear=0
shrinkage=0.03


Tree=387
num_leaves=15
num_cat=0
split_feature=18 1 5 19 19 13 6 18 18 15 15 1 13 18
split_gain=330.332 279.51 562.989 471.753 585.61 511.945 678.094 470.109 489.93 481.444 724.591 467.305 464.764 437.806
threshold=658.72727272727286 251.50000000000003 172.53000000000003 43.500000000000007 46.500000000000007 11278.895000000002 578.43010378887664 192.3978494623656 5.287593984962407 287.98000000000008 245.87500000000003 268.50000000000006 1558.0950000000003 6.2954963235294121
decision_type=2 2 2 2 2 2 2 2 2 2 2 2 2 2
left_child=1 -1 -3 5 12 6 7 8 9 10 -4 -6 -5 -10
right_child=-2 2 3 4 11 -7 -8 -9 13 -11 -12 -13 -14 -15
leaf_value=0.00040153965760460577 -0.0087546719076827401 -0.0045045075377812835 -0.014272408316276887 -0.014576284985046697 -0.0049704252016586009 -0.011110850091878842 0.0089599554800908147 -0.012700035814660261 0.013947379610047271 -0.026478360543994762 0.026020418300647719 -0.00028803918224944332 0.0038969805062371615 0.0015399161822514059
leaf_weight=677138.76913404465 3845.100652217865 30672.142436027527 1202.1527376174927 4730.336067199707 20698.124108314514 2658.8164672851562 11439.720772266388 2145.6933603286743 2660.2406830787659 1054.9186596870422 578.36023902893066 258877.32812356949 1642.2035217285156 57087.078908920288
leaf_count=15584 72 1551 108 153 345 9 68 38 100 66 20 3413 12 1710
internal_value=-9.52672e-08 3.14516e-05 -0.000602252 -0.000273902 -0.000840357 0.00178063 0.00223343 0.00104223 0.0015173 -0.0106238 -0.00104053 -0.000635026 -0.00981843 0.00209684
internal_weight=1.07643e+06 1.07259e+06 395447 364775 285948 78827 76168.2 64728.4 62582.8 2835.43 1780.51 279575 6372.54 59747.3
internal_count=23249 23177 7593 6042 3923 2119 2110 2042 2004 194 128 3758 165 1810
is_linear=0
shrinkage=0.03


Tree=388
num_leaves=15
num_cat=0
split_feature=10 1 22 12 19 13 14 18 10 14 13 18 19 1
split_gain=275.077 293.337 877.274 1342.25 810.957 991.531 1050.93 908.969 862.519 726.774 781.828 701.852 685.712 651.774
threshold=39.500000000000007 174.50000000000003 0.24885321100917435 609.90500000000009 43.500000000000007 591.75000000000011 2029.0200000000002 30.871929824561409 1.5000000000000002 1786.8650000000002 480.50000000000006 5.0750160720025717 32.500000000000007 381.50000000000006
decision_type=2 2 2 2 2 2 2 2 2 2 2 2 2 2
left_child=1 2 -1 -4 5 6 9 8 -7 10 11 12 -3 -14
right_child=-2 4 3 -5 -6 7 -8 -9 -10 -11 -12 -13 13 -15
leaf_value=-6.2627564181259865e-05 -0.0095946204838295059 -0.0010480034963919606 -0.0071959390343982891 0.0035591434725665561 -0.00029579686934628314 -0.0014784778073051342 -0.027861229200376036 0.0028560035753896519 0.014865432737680416 0.023397281099127299 -0.011321371488242735 0.0018086319596902556 -0.018969728176641137 0.012952444318741934
leaf_weight=293942.47974348068 2666.1828918457031 13560.684826135635 38316.120510101318 14339.717374801636 512820.86588096619 3747.2047462463379 1132.3696956634521 40612.113393783569 12873.219676971436 1260.9945449829102 4697.9655275344849 137317.21614193916 3973.8171696662903 658.12451314926147
leaf_count=7793 7 826 1427 204 7230 70 20 265 143 10 110 5010 262 46
internal_value=-6.34391e-06 1.75203e-05 -0.000701539 -0.00426678 0.000357697 0.00188203 0.000686461 0.0052773 0.0111832 0.00089009 0.000710038 0.00107492 -0.00445904 -0.0143979
internal_weight=1.08192e+06 1.07925e+06 346598 52655.8 732655 219834 162601 57232.5 16620.4 161469 160208 155510 18192.6 4631.94
internal_count=23423 23416 9424 1631 13992 6762 6284 478 213 6264 6254 6144 1134 308
is_linear=0
shrinkage=0.03


Tree=389
num_leaves=15
num_cat=0
split_feature=6 6 3 4 18 19 18 19 7 20 19 4 18 18
split_gain=337.575 974.913 1376.25 1062.58 801.779 1221.41 1880.89 1185.34 784.182 804.639 644.881 634.337 667.707 1383.53
threshold=50.219460591662404 34.744432024670942 2.5000000000000004 577.87500000000011 17.441052631578952 25.500000000000004 18.631174089068832 34.500000000000007 222.25000000000003 0.026218463112502855 40.500000000000007 477.31000000000012 14.891812865497078 11.445048309178746
decision_type=2 2 2 2 2 2 2 2 2 2 2 2 2 2
left_child=1 4 -3 -4 -1 6 -6 -7 11 -10 -9 12 13 -2
right_child=8 2 3 -5 5 7 -8 10 9 -11 -12 -13 -14 -15
leaf_value=0.00081577987720862397 -0.004353850220002153 0.013076363241609469 -0.01328762501132464 0.0037469486328167924 -0.023525427371912246 -0.029586180616799046 0.0007923783774171244 0.0077172239771926155 -0.0055493504484464898 -0.031192890706070914 -0.013734226853923817 -0.00018579691589864583 0.0051314717334325476 -0.028000865930848478
leaf_weight=227908.9924697876 21238.013718605042 13109.565023899078 3892.9465847015381 20874.458766937256 3103.8191657066345 2848.1976189613342 34215.988731145859 2011.3189010620117 6700.5389471054077 1301.2348709106445 3316.7238006591797 731936.84011268616 5079.2839164733887 2469.4107708930969
leaf_count=8850 900 352 177 395 179 103 1354 36 266 68 70 10299 165 141
internal_value=-0.000118556 0.000714907 0.00522426 0.00106089 8.98541e-05 -0.00354538 -0.00124161 -0.0140321 -0.000456063 -0.00978683 -0.0056378 -0.000357661 -0.00472435 -0.00683849
internal_weight=1.08001e+06 311282 37877 24767.4 273405 45496 37319.8 8176.24 768725 8001.77 5328.04 760724 28786.7 23707.4
internal_count=23355 11516 924 572 10592 1742 1533 209 11839 334 106 11505 1206 1041
is_linear=0
shrinkage=0.03


Tree=390
num_leaves=15
num_cat=0
split_feature=16 22 13 2 15 19 14 7 7 16 13 13 16 20
split_gain=246.077 680.451 487.801 419.301 478.668 412.991 674.865 540.448 469.458 578.609 525.297 446.649 444.37 433.32
threshold=-0.16897649401757575 0.58712121212121227 948.82500000000016 9.5000000000000018 4810.380000000001 8.5000000000000018 302.99000000000007 59.055555555555564 15.031250000000002 0.45158510529066298 490.77500000000003 392.61500000000007 0.98928418296258591 0.013548644999590123
decision_type=2 2 2 2 2 2 2 2 2 2 2 2 2 2
left_child=2 -2 3 -1 -5 7 -7 -3 -8 -10 11 -11 -9 -12
right_child=1 5 -4 4 -6 6 8 12 9 10 13 -13 -14 -15
leaf_value=0.00084664681886851743 2.3583921918004007e-06 -0.0026669035897942503 0.0046485407282546923 -0.0019674568007253608 -0.015902978419118738 -0.012314710797306016 0.0029039327235773535 0.0023308362763198309 0.0013527516115786539 -0.0062774647139937755 -0.014083057715717827 0.010355618918247036 0.031244308802391759 -0.0024287423233088821
leaf_weight=172377.46789574623 801647.03554105759 3478.8257083892822 27461.569747924805 16957.139112472534 2533.7437000274658 8015.4740750789642 9831.6528558731079 938.83938813209534 9778.9560117721558 4024.846773147583 10013.727522850037 2247.5568675994873 962.87212419509888 4035.735728263855
leaf_count=5892 15092 185 161 275 36 510 227 70 192 174 273 74 23 87
internal_value=1.40022e-05 -0.000215969 0.000910395 0.000374936 -0.00379347 -0.00349668 -0.00438117 0.00437235 -0.00278334 -0.00464163 -0.00752465 -0.00030345 0.0171431 -0.0107435
internal_weight=1.07431e+06 854976 219330 191868 19490.9 53328.5 47947.9 5380.54 39932.5 30100.8 20321.9 6272.4 1901.71 14049.5
internal_count=23271 16907 6364 6203 311 1815 1537 278 1027 800 608 248 93 360
is_linear=0
shrinkage=0.03


Tree=391
num_leaves=15
num_cat=0
split_feature=0 19 19 5 19 19 19 4 4 18 7 0 0 4
split_gain=290.566 765.748 1055.18 654.146 721.699 503.166 866.067 581.9 600.014 490.231 396.528 392.793 413.038 294.932
threshold=258.50000000000006 18.500000000000004 13.500000000000002 115.34000000000002 5.5000000000000009 7.5000000000000009 6.5000000000000009 306.62000000000006 209.73000000000005 22.00961538461539 280.50000000000006 291.50000000000006 281.50000000000006 1003.4400000000002
decision_type=2 2 2 2 2 2 2 2 2 2 2 2 2 2
left_child=-1 2 3 4 -2 6 -5 8 -7 11 -4 12 -3 -13
right_child=1 9 10 5 -6 7 -8 -9 -10 -11 -12 13 -14 -15
leaf_value=-0.00012020370880616929 -0.00064945116893655246 0.0058130084996741074 -0.010214084886477424 0.0048076318852206474 -0.039738872336850653 -0.0078488365655593213 0.038411314320062596 -0.021348179288873424 0.02164133057035713 -0.014544567115387309 -0.035610688747048314 0.009202334898818821 -0.015291147283393579 0.021758679087592964
leaf_weight=1051175.9568109512 1241.6023709774017 5204.8891906738281 1316.5474438667297 2590.455198764801 626.93728828430176 1350.3861045837402 924.63500881195068 998.60917711257935 1117.7806525230408 873.05925226211548 965.02177286148071 7193.7179865837097 973.68752336502075 2208.272123336792
leaf_count=21576 143 215 85 145 111 127 30 80 56 42 134 455 59 66
internal_value=-4.0418e-05 0.00299778 -0.00307572 0.0016266 -0.0140468 0.00584937 0.0138143 -0.00225948 0.00557324 0.00710565 -0.021172 0.00833592 0.00244858 0.0121914
internal_weight=1.07876e+06 27585.6 11132 8850.41 1868.54 6981.87 3515.09 3466.78 2468.17 16453.6 2281.57 15580.6 6178.58 9401.99
internal_count=23324 1748 911 692 254 438 175 263 183 837 219 795 274 521
is_linear=0
shrinkage=0.03


Tree=392
num_leaves=15
num_cat=0
split_feature=0 0 17 5 5 5 17 5 7 20 18 18 21 1
split_gain=303.607 770.923 517.669 841.038 435.637 626.732 370.832 607.183 357.205 355.699 448.635 532.047 797.211 480.131
threshold=188.50000000000003 186.50000000000003 77.416666666666671 1155.2500000000002 112.17000000000002 119.82666666666668 19.414285714285715 68.03166666666668 7.0340909090909101 0.21799143390732703 9.9955357142857171 8.4800793650793675 1.0000000180025095e-35 549.50000000000011
decision_type=2 2 2 2 2 2 2 2 2 2 2 2 2 2
left_child=1 -1 3 4 6 -6 7 -2 -7 10 11 12 -10 -12
right_child=2 -3 -4 -5 5 8 -8 -9 9 -11 13 -13 -14 -15
leaf_value=-0.0001698869468679111 -0.0010920776736474634 0.015777229207187726 0.011821223589501616 -0.019021424121039739 0.017487851366466873 0.0091854704356754396 0.014325518697404576 -0.02074571358844389 0.018213006523836915 0.0094031935287039285 -0.00053415457998197077 -0.012159545620917877 -0.0041033100934578662 0.019542698974103816
leaf_weight=987308.95798683167 2625.837219953537 2715.8438177108765 2354.577109336853 2628.2270398139954 1561.4040398597717 2641.214891910553 522.79894638061523 3053.2867977619171 1502.0689277648926 2353.4232811927795 30915.605944156647 6962.2860527038574 27045.88707113266 1090.5251507759094
leaf_count=19140 241 76 53 91 75 79 34 353 46 89 1288 372 1476 30
internal_value=-0.000273772 -0.000125823 -0.00199136 -0.00238642 -0.00183718 -0.0011964 -0.00946188 -0.0116943 -0.00160344 -0.00201379 -0.00241442 -0.00473511 -0.00291719 0.000161689
internal_weight=1.07528e+06 990025 85257.1 82902.6 80274.3 74072.4 6201.92 5679.12 72511 69869.8 67516.4 35510.2 28548 32006.1
internal_count=23443 19216 4227 4174 4083 3455 628 594 3380 3301 3212 1894 1522 1318
is_linear=0
shrinkage=0.03


Tree=393
num_leaves=15
num_cat=0
split_feature=6 6 5 6 6 3 16 3 4 20 4 4 6 11
split_gain=267.886 762.414 684.732 631.895 763.121 1011.4 550.292 544.633 549.088 774.656 489.445 468.52 451.754 684.294
threshold=82.091207535150872 66.987760915707597 319.01000000000005 54.72294947616821 34.744432024670942 2.5000000000000004 0.99966494366289549 11.500000000000002 934.10500000000013 0.011545786126285157 577.87500000000011 1184.5950000000003 324.6477016158633 31.500000000000004
decision_type=2 2 2 2 2 2 2 2 2 2 2 2 2 2
left_child=1 3 -2 4 6 -6 -1 8 -5 11 -7 -10 13 -4
right_child=2 -3 12 7 5 10 -8 -9 9 -11 -12 -13 -14 -15
leaf_value=7.4659334917076607e-05 -0.0019129600327316624 0.0044049578457243639 0.0013022196140279566 -0.0064918313761179042 0.0099708334349582154 -0.0076743383768791158 -0.017684815125989573 -0.018060252591854918 0.0046805937365726651 0.010091061881225095 0.0025110852864606054 -0.0095928200970517557 -0.00069070316260547604 -0.011309069396483325
leaf_weight=271510.04673838615 182405.79255437851 43138.004208564758 253654.88528203964 16341.855704784393 16913.203150510788 5036.284273147583 1559.4091491699219 2218.5700073242188 3351.0609245300293 5721.4047222137451 26484.405428409576 5352.6852016448975 244412.3177523613 3912.4614906311035
leaf_count=10558 4120 891 3576 581 484 216 27 32 69 86 526 119 2036 17
internal_value=2.09166e-05 0.000640186 -0.000338886 0.000181825 0.000587609 0.00405725 -2.80469e-05 -0.00377122 -0.00272979 0.0015352 0.000879853 -0.00409923 0.000233143 0.00110979
internal_weight=1.08201e+06 397627 684385 354489 321503 48433.9 273069 32985.6 30767 14425.2 31520.7 8703.75 501980 257567
internal_count=23338 13589 9749 12698 11811 1226 10585 887 855 274 742 188 5629 3593
is_linear=0
shrinkage=0.03


Tree=394
num_leaves=15
num_cat=0
split_feature=20 4 18 18 20 7 7 20 4 4 4 20 14 7
split_gain=312.563 511.447 496.632 552.489 638.521 529.414 496.461 415.613 676.909 594.167 925.657 849.596 945.088 762.851
threshold=0.10003883546728169 114.07500000000002 2.9112373737373738 6.350675675675677 0.13803253469163487 54.083333333333336 46.708333333333336 0.016107801178801364 200.91000000000003 294.04000000000002 403.78000000000003 0.042061469796163008 299.40500000000003 203.50000000000003
decision_type=2 2 2 2 2 2 2 2 2 2 2 2 2 2
left_child=7 -2 -3 4 5 -4 -6 -1 -9 -10 11 -11 -13 -12
right_child=1 2 3 -5 6 -7 -8 8 9 10 13 12 -14 -15
leaf_value=-0.00028053279185590908 0.012313399214108362 0.013313957767416304 -0.014854798645737525 -0.0022374862292111552 -0.0059524019699816137 0.010376511492954035 -0.030059817010911583 0.015849474805500013 -0.010376955724707945 0.0001570224893427148 0.00094259085527534023 0.0286829707602861 0.0039934181173389271 -0.012874470914805595
leaf_weight=747455.93324708939 2039.2901701927185 1612.5809707641602 1414.4873208999634 40413.27342748642 1253.5529255867004 1545.3502354621887 2018.0960221290588 2741.3044238090515 4106.6735253334045 4422.7187104225159 263077.47659349442 3122.9096360206604 2522.8665580749512 3626.1558885574341
leaf_count=17791 87 36 42 974 41 49 128 103 193 161 3498 78 77 140
internal_value=-2.21796e-05 -0.00233099 -0.00295469 -0.00352258 -0.0118231 -0.00170014 -0.0209152 9.04888e-05 0.00106823 0.000922855 0.00109126 0.0100114 0.0177033 0.00075378
internal_weight=1.08137e+06 50296.6 48257.3 46644.8 6231.49 2959.84 3271.65 1.03108e+06 283620 280879 276772 10068.5 5645.78 266704
internal_count=23398 1357 1270 1234 260 91 169 22041 4250 4147 3954 316 155 3638
is_linear=0
shrinkage=0.03


Tree=395
num_leaves=15
num_cat=0
split_feature=7 17 5 5 7 18 5 18 5 12 15 18 10 15
split_gain=234.534 386.681 496.862 304.7 193.95 385.558 1386.23 376.147 568.7 663.591 541.698 266.269 1199.16 678.819
threshold=465.50000000000006 34.956521739130444 284.28411764705885 211.77250000000001 1.5000000000000002 365.76315789473693 2250.4095454545454 145.15053763440864 772.70138888888903 2098.8300000000004 465.43500000000012 64.292913608131002 1.0000000180025095e-35 1757.4050000000002
decision_type=2 2 2 2 2 2 2 2 2 2 2 2 2 2
left_child=4 2 3 -2 -1 7 -7 11 10 -10 -9 -6 13 -13
right_child=1 -3 -4 -5 5 6 -8 8 9 -11 -12 12 -14 -15
leaf_value=0.0058836543823964881 -0.0029083671762493587 0.02835819822894645 -0.031128661487678014 0.031083341427338054 6.0075566051140615e-05 0.002131137727567635 -0.024487372013600881 -0.015133954449963303 0.010424324230194858 0.00079920857487093095 0.001998875373013223 -0.010095538340620137 -0.00066359620059680113 -0.036708042643124654
leaf_weight=5049.9053416252136 559.7123658657074 676.81626081466675 312.76161813735962 388.18921804428101 978431.12375020981 5387.4888119697571 2593.6585965156555 2606.1131367683411 12007.124320030212 13901.522415161133 4508.1801176071167 3740.8002302646637 45705.662777900696 1112.0345611572266
leaf_count=126 75 28 42 24 22173 100 42 87 61 29 44 163 281 36
internal_value=4.8728e-05 0.0104236 0.000502431 0.0113667 2.98366e-05 2.09966e-06 -0.00655875 5.15278e-05 0.00320216 0.00526448 -0.00430207 -4.96443e-05 -0.00217218 -0.0163195
internal_weight=1.07698e+06 1937.48 1260.66 947.902 1.07504e+06 1.06999e+06 7981.15 1.06201e+06 33022.9 25908.6 7114.29 1.02899e+06 50558.5 4852.83
internal_count=23311 169 141 99 23142 23016 142 22874 221 90 131 22653 480 199
is_linear=0
shrinkage=0.03


Tree=396
num_leaves=15
num_cat=0
split_feature=19 7 5 6 6 19 19 15 5 5 13 5 5 0
split_gain=360.384 643.841 717.794 613.152 1064.64 991.807 654.464 714.704 759.425 1053.55 954.693 746.766 609.079 580.386
threshold=112.50000000000001 54.083333333333336 3192.063333333334 545.66152193607434 170.50369584323388 18.500000000000004 102.50000000000001 1570.8650000000002 453.17000000000002 480.4308333333334 859.99500000000012 597.18295454545466 96.575000000000003 61.500000000000007
decision_type=2 2 2 2 2 2 2 2 2 2 2 2 2 2
left_child=1 12 3 4 6 -6 7 8 -3 -10 11 -11 -1 -12
right_child=-2 2 -4 -5 5 -7 -8 -9 9 10 13 -13 -14 -15
leaf_value=-0.0073023366269006915 -0.00068781833882163674 -0.00053974521127838238 -0.020820658747844126 0.0054520703658384132 0.0060525759578239679 -0.0048957919248073028 0.010063641704105642 -0.023728513400342037 0.013597264528061643 -0.0019198739652625202 -0.020237877345852948 0.0061766531398638322 0.0015698685780766682 -0.0013654198760636484
leaf_weight=7071.974907875061 287395.88024044037 236408.64197564125 1508.7863512039185 16391.462946414948 8367.5715932846069 66553.642246246338 6063.6997404098511 1106.3476581573486 7718.1453113555908 16128.218310832977 2571.0343437194824 28085.051164627075 387159.48853969574 3386.5449085235596
leaf_count=434 3078 9583 36 201 135 1474 122 32 169 458 56 590 6772 60
internal_value=0.000221605 0.000553076 -0.000304101 -0.000224235 -0.000471711 -0.00367174 0.000323755 0.000123159 0.00021443 0.00329347 0.00170358 0.00322365 0.00141035 -0.00955042
internal_weight=1.07592e+06 788521 394289 392780 376389 74921.2 301468 295404 294298 57889 50170.8 44213.3 394231 5957.58
internal_count=23200 20122 12916 12880 12679 1609 11070 10948 10916 1333 1164 1048 7206 116
is_linear=0
shrinkage=0.03


Tree=397
num_leaves=15
num_cat=0
split_feature=7 18 14 18 18 20 0 7 7 18 20 21 20 19
split_gain=555.42 1598.76 871.925 878.129 572.885 520.496 421.337 377.028 901.01 753.094 1532.08 516.084 455.894 447.1
threshold=205.50000000000003 125.42857142857144 1330.8550000000002 64.292913608131002 55.125000000000007 0.21799143390732703 6.5000000000000009 177.25000000000003 152.16666666666671 23.299232736572893 0.0017618661767402402 1.0000000180025095e-35 0.085777305174320764 3.5000000000000004
decision_type=2 2 2 2 2 2 2 2 2 2 2 2 2 2
left_child=7 2 3 4 5 6 -2 8 -1 11 -11 -9 13 -10
right_child=1 -3 -4 -5 -6 -7 -8 9 12 10 -12 -13 -14 -15
leaf_value=0.00019006050075651311 0.012341352849298258 0.023518534073856082 -0.035805364410470789 -0.034444597432592199 0.022585124310570786 0.010446288880106654 -0.0045679211301986652 -0.011618851735701164 0.0085917584592933062 0.00055344245655673645 0.032453181388900451 0.002720431026497017 -0.02350028871903696 -0.0056867086600725101
leaf_weight=983587.28016877174 1346.6610145568848 1954.7295551300049 743.80530738830566 792.92661952972412 755.30556154251099 2308.5547790527344 46195.841141700745 2526.024543762207 2133.7671966552734 3375.6007051467896 2244.5370769500732 20024.326095104218 1171.4321184158325 23877.349799156189
leaf_count=18416 40 44 21 58 22 94 2679 81 82 108 28 810 63 915
internal_value=-1.77886e-05 -0.00298082 -0.00398285 -0.0035086 -0.00301046 -0.00340717 -0.00408397 0.000136551 4.11097e-05 0.00355858 0.0133633 0.00110531 -0.00534478 -0.0045097
internal_weight=1.09304e+06 54097.8 52143.1 51399.3 50606.4 49851.1 47542.5 1.03894e+06 1.01077e+06 28170.5 5620.14 22550.4 27182.5 26011.1
internal_count=23461 2958 2914 2893 2835 2813 2719 20503 19476 1027 136 891 1060 997
is_linear=0
shrinkage=0.03


Tree=398
num_leaves=15
num_cat=0
split_feature=1 1 5 4 4 1 1 20 2 17 19 17 18 18
split_gain=336.573 722.857 593.628 477.077 480.888 302.157 833.447 369.093 954.01 526.758 908.16 652.073 817.018 755.095
threshold=16.500000000000004 18.500000000000004 2250.4095454545454 864.25500000000022 785.55000000000007 374.00000000000006 351.50000000000006 0.00059103121928520382 25.500000000000004 10.516666666666667 32.500000000000007 13.035714285714286 51.291208791208796 46.641025641025642
decision_type=2 2 2 2 2 2 2 2 2 2 2 2 2 2
left_child=2 -2 3 4 -1 6 7 8 9 10 -3 13 -13 -11
right_child=1 5 -4 -5 -6 -7 -8 -9 -10 11 -12 12 -14 -15
leaf_value=0.0022520070703407101 -0.013886518462713385 -0.001648714975455127 0.018917651214058969 -0.0093640581214770747 0.02048463981091813 0.0013571926099398121 -0.004225870397161084 0.0004250156631212582 -0.023781308321674795 0.0043223922900838098 -0.011302407518462896 -0.00081690896444992778 0.012918655942143442 -0.015737568505958775
leaf_weight=22365.435479640961 3454.6566643714905 98075.940182447433 1960.0632095336914 2989.5137615203857 1363.0721321105957 103606.30918002129 47388.755289077759 478019.40889930725 1598.8221025466919 39049.351902961731 9613.1183662414551 263789.34214019775 3935.9400968551636 1745.769914150238
leaf_count=742 113 3736 11 49 18 2164 906 7083 15 1099 169 7253 36 41
internal_value=-0.000138265 -0.000225846 0.00306713 0.00189104 0.00331574 -0.000180499 -0.00034943 -0.000144279 -0.000795604 -0.000706169 -0.00251241 -7.55773e-05 -0.000614027 0.00345666
internal_weight=1.07896e+06 1.05028e+06 28678.1 26718 23728.5 1.04682e+06 943216 895828 417808 416209 107689 308520 267725 40795.1
internal_count=23435 22615 820 809 760 22502 20338 19432 12349 12334 3905 8429 7289 1140
is_linear=0
shrinkage=0.03


Tree=399
num_leaves=15
num_cat=0
split_feature=6 18 18 5 11 17 5 19 20 10 7 15 17 18
split_gain=291.019 1052.87 596.422 632.61 640.317 487.637 910.273 465.217 723.691 509.909 411.311 818.243 569.051 409.804
threshold=398.44090674655075 10.643650793650794 16.445113788487287 589.67500000000007 7.5000000000000009 32.898989898989903 475.31155219780231 345.50000000000006 0.013201712805430659 21.500000000000004 77.083333333333357 3198.1150000000002 39.690476190476197 14.891812865497078
decision_type=2 2 2 2 2 2 2 2 2 2 2 2 2 2
left_child=7 5 10 4 -4 6 -2 9 -9 -1 11 13 -12 -3
right_child=1 2 3 -5 -6 -7 -8 8 -10 -11 12 -13 -14 -15
leaf_value=0.00047002650232409293 -0.0021667328368548538 -0.0082817170210345917 -0.01635983252177944 -0.00048877873032596424 -0.0024360491602599703 -0.0044206105636130462 -0.025959707707186301 -0.012926084044204209 0.00018355703767419519 -0.015698718713154446 0.01546817975114464 0.0057924663857845679 0.00039756518143511217 0.0035018239185691013
leaf_weight=871385.65390944481 2692.0237417221069 8280.8237037658691 4632.1591825485229 127688.1065454483 8257.1023406982422 12170.283468723297 3119.4554481506348 6011.5786933898926 10194.972347259521 1738.9844055175781 4986.2953605651855 16049.080500602722 4104.9479122161865 3892.5524482727051
leaf_count=21743 52 104 83 744 29 189 73 72 77 6 65 75 53 35
internal_value=0.000113375 -0.000933384 -0.000233708 -0.00112871 -0.00745759 -0.00784724 -0.0149834 0.000343936 -0.00468921 0.000437465 0.00313695 0.00134675 0.00867919 -0.00451425
internal_weight=1.0852e+06 195873 177891 140577 12889.3 17981.8 5811.48 889331 16206.6 873125 37313.7 28222.5 9091.24 12173.4
internal_count=23400 1502 1188 856 112 314 125 21898 149 21749 332 214 118 139
is_linear=0
shrinkage=0.03


Tree=400
num_leaves=15
num_cat=0
split_feature=20 5 18 20 15 7 13 8 15 7 7 5 15 18
split_gain=308.352 611.419 496.711 493.458 460.733 455.124 498.08 503.975 692.751 647.752 443.313 441.914 696.218 640.267
threshold=0.043872814793522737 1078.4125000000001 145.15053763440864 0.042061469796163008 700.11500000000012 21.710084033613452 1558.0950000000003 3.4564195298372522 1973.2300000000002 48.809090909090919 9.029411764705884 664.12000000000012 1539.2300000000002 285.73181818181826
decision_type=2 2 2 2 2 2 2 2 2 2 2 2 2 2
left_child=2 5 3 -1 -5 10 7 8 -7 -9 -2 13 -13 -4
right_child=1 -3 11 4 -6 6 -8 9 -10 -11 -12 12 -14 -15
leaf_value=-3.4440502735807827e-05 -0.0033703656067454808 -0.0090249462699851461 -0.017620492193007823 0.014311206499636974 0.00036105734540083919 -0.0013727834534718612 -0.0091122934993963008 -0.017796719485280284 0.0096897728672841257 0.0083038506089693886 0.0048364498614685038 0.011168649304619908 0.0013370549297004289 0.0033224065909774098
leaf_weight=906443.03319621086 8301.2426705360413 8752.0946826934814 1943.9949102401733 4169.8865003585815 4337.797607421875 81005.041781425476 7719.9162654876709 3276.5580494403839 5416.4917907714844 1142.3040137290955 20563.322354793549 11125.390707969666 15509.574080467224 3953.9477863311768
leaf_count=20114 113 88 64 65 38 2192 81 127 52 38 232 88 52 107
internal_value=-2.91628e-05 -0.0013639 0.000162697 3.31341e-05 0.007216 -0.000836374 -0.00180661 -0.00118388 -0.000677353 -0.0110425 0.00247553 0.00380425 0.005449 -0.00361671
internal_weight=1.08366e+06 136177 947484 914951 8507.68 127425 98560.3 90840.4 86421.5 4418.86 28864.6 32532.9 26635 5897.94
internal_count=23451 2923 20528 20217 103 2835 2490 2409 2244 165 345 311 140 171
is_linear=0
shrinkage=0.03


Tree=401
num_leaves=15
num_cat=0
split_feature=8 1 0 19 5 20 5 12 19 8 14 5 17 17
split_gain=301.508 659.015 769.046 920.789 786.593 491.39 452.883 516.916 480.002 542.868 502.796 1125.82 791.479 840.124
threshold=0.06859943977591039 73.500000000000014 16.500000000000004 60.500000000000007 390.44416666666672 0.56153667736181456 319.01000000000005 642.53500000000008 4.5000000000000009 0.62007751937984501 496.27500000000003 411.67300000000006 15.261363636363638 36.67948717948719
decision_type=2 2 2 2 2 2 2 2 2 2 2 2 2 2
left_child=-1 2 -2 4 -4 6 7 -3 9 -8 11 -10 -13 -14
right_child=1 5 3 -5 -6 -7 8 -9 10 -11 -12 12 13 -15
leaf_value=-0.00072345784659312812 0.0080232746709066761 -0.0011846688863958084 -0.00089839985705426765 0.010633001782110151 -0.020087536224199017 0.013369380645971846 0.0011293201245408699 0.0047924796659477176 0.0083745295600616311 -0.019511515817822171 0.00046910774403287315 0.0095739692624151294 -0.008495349082305214 0.0052353507463393425
leaf_weight=307435.67958903313 21046.537302970886 242908.38039541245 6943.2746076583862 4174.7501287460327 2639.8472671508789 2519.9259371757507 2342.9081859588623 13739.938697814941 23470.532236099243 2222.3946313858032 424018.64826107025 4996.0034108161926 11962.174277305603 6011.8447322845459
leaf_count=10275 355 6467 195 59 58 39 34 123 569 56 4468 97 339 128
internal_value=7.05906e-05 0.000388052 0.00442046 -0.00109471 -0.00621523 0.000196781 0.000151049 -0.000864327 0.000699655 -0.00895994 0.000793768 0.00375655 -0.000965239 -0.00390207
internal_weight=1.07643e+06 768997 34804.4 13757.9 9583.12 734193 731673 256648 475025 4565.3 470459 46440.6 22970 17974
internal_count=23262 12987 667 312 253 12320 12281 6590 5691 90 5601 1133 564 467
is_linear=0
shrinkage=0.03


Tree=402
num_leaves=15
num_cat=0
split_feature=17 18 16 16 18 16 7 14 14 7 1 7 5 17
split_gain=188.096 463.407 437.709 464.155 460.567 358.014 385.192 322.951 963.166 452.149 268.87 229.337 217.164 922.296
threshold=1.5277777777777779 1.0217391304347829 0.98224833054276517 0.89237189853735222 29.388736263736266 -0.98110350934826374 80.125000000000014 883.5150000000001 567.47000000000014 83.166666666666671 75.500000000000014 207.25000000000003 96.575000000000003 21.981481481481485
decision_type=2 2 2 2 2 2 2 2 2 2 2 2 2 2
left_child=2 -2 3 4 11 -6 -7 8 9 10 -4 -1 13 -3
right_child=1 12 7 -5 5 6 -8 -9 -10 -11 -12 -13 -14 -15
leaf_value=-0.0084578983183950067 0.013612014211697934 -0.004789755048372305 -0.013772013784383204 0.017224597908178523 -0.011191682381992536 -0.0016773221322383617 0.012094633228738673 -0.025903589020502788 0.018274131413084076 -0.028469020596341741 0.0098203667507752047 -0.033278526093547346 0.0002108971267213068 0.028913692352045186
leaf_weight=968.15672397613525 2288.7864208221436 15871.778747558594 1186.9844751358032 1258.1281127929688 1872.7368738651276 5010.9814405441284 2853.6701374053955 952.31225776672363 1030.9853773117065 1280.8916573524475 661.96023178100586 509.2925705909729 1052521.8588573933 746.1664776802063
leaf_count=65 52 1099 81 69 89 53 79 24 19 102 26 61 21538 27
internal_value=0.000135604 0.000186141 -0.00294007 9.4288e-05 -0.0018547 0.000526217 0.0033378 -0.0103136 -0.00663859 -0.0149089 -0.00531075 -0.017344 0.000157145 -0.00324349
internal_weight=1.08901e+06 1.07143e+06 17586.1 12473 11214.8 9737.39 7864.65 5113.13 4160.82 3129.84 1848.94 1477.45 1.06914e+06 16617.9
internal_count=23384 22716 668 416 347 221 132 252 228 209 107 126 22664 1126
is_linear=0
shrinkage=0.03


Tree=403
num_leaves=15
num_cat=0
split_feature=0 22 16 17 19 13 14 16 6 18 22 16 17 4
split_gain=264.863 533.003 524.196 352.051 446.144 363.204 419.016 333.636 304.454 924.811 533.031 550.942 609.293 602.814
threshold=3.5000000000000004 0.1181455633100698 -0.3007653743635566 8.0200000000000014 154.50000000000003 1767.3500000000001 401.16000000000008 0.99982985934427715 398.44090674655075 10.643650793650794 0.54195804195804198 -0.35657154195641522 19.26136363636364 3513.0500000000006
decision_type=2 2 2 2 2 2 2 2 2 2 2 2 2 2
left_child=1 -1 -3 -4 5 6 -5 8 -2 -10 11 -11 13 -13
right_child=7 2 3 4 -6 -7 -8 -9 9 10 -12 12 -14 -15
leaf_value=0.0040759732211849585 7.8381296005398246e-05 0.0069455503285885357 -0.0051690680432409384 0.011625777383855588 -0.0021772378209008294 0.0059804270674785904 -0.001540531674848537 -0.0060539243369418664 -0.0080140511730742454 0.0055929906140772074 -0.0090689853959011781 -0.011311627042014319 0.0016380622594453769 -0.0017957893298325871
leaf_weight=40884.813431739807 796533.62096595764 8856.685619354248 13440.888986110687 2432.4493074417114 38126.051109313965 15309.498115539551 19239.169668197632 8671.8633975982666 16896.919509410858 13589.665056228638 6237.9902639389038 6806.4701156616211 48431.110222816467 49090.52575969696
leaf_count=478 20649 67 119 81 230 94 356 68 305 146 115 113 356 234
internal_value=-2.41306e-05 0.00120213 -4.7277e-06 -0.000701314 9.93807e-05 0.00244639 -5.33723e-05 -0.000203363 -0.000149122 -0.00143368 -0.000536978 -8.41628e-05 -0.000824593 -0.00295815
internal_weight=1.08455e+06 138290 97404.7 88548.1 75107.2 36981.1 21671.6 946258 937586 141053 124156 117918 104328 55897
internal_count=23411 1425 947 880 761 531 437 21986 21918 1269 964 849 703 347
is_linear=0
shrinkage=0.03


Tree=404
num_leaves=15
num_cat=0
split_feature=8 5 1 3 5 8 1 15 20 16 15 18 5 16
split_gain=329.4 1519.36 541.14 644.101 618.738 747.513 403.603 376.754 332.031 377.838 385.151 335.34 233.573 838.942
threshold=6.5993630573248412 1036.6200000000001 447.50000000000006 2.5000000000000004 353.88050000000004 15.32291666666667 142.50000000000003 887.79000000000008 0.0074351953575247974 -0.99692766179048542 285.57000000000011 9.6132697947214094 68.03166666666668 0.99203250554910827
decision_type=2 2 2 2 2 2 2 2 2 2 2 2 2 2
left_child=12 2 3 6 5 7 -2 -5 9 11 -11 -8 13 -1
right_child=1 -3 -4 4 -6 -7 8 -9 -10 10 -12 -13 -14 -15
leaf_value=0.0018781571173679631 -0.016090711004401712 -0.035665304999324812 -0.021242250308212474 -0.0010038075374301739 0.01712689265729745 0.017495460625779724 -0.0053235326727814744 -0.024420859575277745 0.0063872354582204588 -0.007414159575312624 0.016417585781215042 -0.028709871443855263 0.00015571917000301881 0.030583079842473413
leaf_weight=9529.2524445056915 2264.397705078125 1235.9167804718018 1151.5325458049774 1545.1944289207458 2985.7915821075439 1281.7321825027466 1295.5746288299561 1012.9084501266479 2843.1229729652405 1644.7472634315491 943.75326442718506 956.40810775756836 1060832.0558462143 994.25635147094727
leaf_count=685 93 52 85 69 46 35 58 40 87 91 29 48 22018 19
internal_value=0.000130122 -0.00376655 -0.00152987 -0.000152903 0.00693269 -0.00104182 -0.0050187 -0.0103936 -0.00172242 -0.00649241 0.00133402 -0.0154209 0.000199882 0.00464305
internal_weight=1.09052e+06 19161.1 17925.2 16773.6 6825.63 3839.84 9948 2558.1 7683.61 4840.48 2588.5 2251.98 1.07136e+06 10523.5
internal_count=23455 733 681 596 190 144 406 109 313 226 120 106 22722 704
is_linear=0
shrinkage=0.03


Tree=405
num_leaves=15
num_cat=0
split_feature=16 18 19 18 5 17 0 5 5 18 17 5 19 17
split_gain=329.246 611.065 835.634 1141.23 643.57 501.639 487.117 384.162 301.604 535.359 1094.24 528.504 458.566 447.768
threshold=0.9994410909746736 83.714285714285737 87.500000000000014 17.644957983193283 485.24000000000007 19.878493788819878 34.500000000000007 357.9308333333334 380.4016666666667 4.0139114619611496 56.742424242424249 378.18479166666674 106.50000000000001 6.0232558139534893
decision_type=2 2 2 2 2 2 2 2 2 2 2 2 2 2
left_child=8 2 4 7 -2 -6 -7 -4 11 10 -10 -1 13 -11
right_child=1 -3 3 -5 5 6 -8 -9 9 12 -12 -13 -14 -15
leaf_value=-0.00036821443822786617 -0.00025146944134245199 0.005474703852014688 -0.010995081451517114 0.011483112725015121 -0.018387342205745914 -0.0009021052153571677 -0.015497077279782808 -0.0014236884924734704 -0.020676369473247923 -0.0011635088505488112 -0.00075700199611102731 -0.010664914631937089 -0.00044121130366456664 0.0020519854174984942
leaf_weight=535892.36861252785 6500.0749435424805 8058.8193635940552 4506.916332244873 5934.5844764709473 5841.4381008148193 4977.253023147583 3492.3658466339111 22744.49613571167 3145.4380249977112 46746.752860069275 11503.667895317078 4504.2759165763855 174545.18873977661 234118.09242343903
leaf_count=16116 74 70 55 26 85 57 60 254 90 477 234 97 1388 4244
internal_value=-0.000101324 -0.00222199 -0.00337229 -0.000415774 -0.00808191 -0.0116332 -0.00694253 -0.00301354 2.89561e-05 0.00058467 -0.00505642 -0.00045443 0.00076634 0.00151676
internal_weight=1.07251e+06 62055.9 53997.1 33186 20811.1 14311.1 8469.62 27251.4 1.01046e+06 470059 14649.1 540397 455410 280865
internal_count=23327 681 611 335 276 202 117 309 22646 6433 324 16213 6109 4721
is_linear=0
shrinkage=0.03


Tree=406
num_leaves=15
num_cat=0
split_feature=17 7 14 18 0 16 18 6 20 17 18 16 6 16
split_gain=342.179 823.915 733.03 724.693 701.347 570.495 529.153 484.024 705.057 430.797 488.532 1046.95 838.264 755.69
threshold=45.062500000000007 125.12500000000001 1399.365 12.562843654227512 54.500000000000007 -0.99729272418387582 9.8811236724905811 462.68696967391548 0.0065290336913562631 44.708333333333336 1.975534939398474 0.9933388752116753 19.901520356495386 -0.99315232629639016
decision_type=2 2 2 2 2 2 2 2 2 2 2 2 2 2
left_child=9 3 5 7 -5 6 -3 -2 -9 10 11 13 -13 -1
right_child=1 2 -4 4 -6 -7 -8 8 -10 -11 -12 12 -14 -15
leaf_value=-0.027734374944225239 0.0021185898582729464 -0.01926944642701835 -0.021565891096525944 0.00385965502967856 0.016746167895989771 0.0012124516976165553 0.0026100296167816178 0.0035301202716486596 -0.015308621963105411 -0.010773086820790475 -0.0001441040268864525 -0.039312635130078655 -0.0060255531678869503 0.0015194013838802577
leaf_weight=860.98238229751587 71230.189818382263 2791.5460782051086 1975.1507740020752 11323.644395828247 5714.8932285308838 11558.916068553925 1532.8995904922485 3497.6421785354614 3624.8359994888306 3473.3935403823853 951864.15193867683 1335.9133529663086 1384.8890743255615 8102.2935128211975
leaf_count=71 1235 115 39 85 50 384 34 44 50 89 20601 81 51 412
internal_value=-7.44143e-05 0.00148564 -0.00442499 0.00259288 0.00819648 -0.00226901 -0.0115374 0.00137255 -0.00607348 -0.000257142 -0.000219012 -0.00631081 -0.0225371 -0.00134611
internal_weight=1.08027e+06 113250 17858.5 95391.2 17038.5 15883.4 4324.45 78352.7 7122.48 967022 963548 11684.1 2720.8 8963.28
internal_count=23341 2036 572 1464 135 533 149 1329 94 21305 21216 615 132 483
is_linear=0
shrinkage=0.03


Tree=407
num_leaves=15
num_cat=0
split_feature=20 5 18 18 5 7 18 5 19 20 20 5 7 18
split_gain=265.77 417.27 705.809 505.569 904.354 724.993 606.438 777.805 1123.45 754.344 716.383 682.994 560.906 556.141
threshold=0.046578726550876241 1390.0250000000003 658.72727272727286 19.273768216516313 1211.3941666666669 245.50000000000003 20.800419985202598 506.96217948717953 80.500000000000014 0.016658032564892501 0.015602940400173642 559.44600000000003 262.50000000000006 18.631174089068832
decision_type=2 2 2 2 2 2 2 2 2 2 2 2 2 2
left_child=1 2 3 13 5 6 7 -5 -9 10 -8 -11 -7 -1
right_child=-2 -3 -4 4 -6 12 9 8 -10 11 -12 -13 -14 -15
leaf_value=0.00014709186682930006 -0.0013500882610030099 0.0025398105552665905 0.017751175898316693 -0.0016166370857881533 -0.0097817083561350989 0.023841899647929595 -0.0014198049421214267 -0.028354613185232268 -0.0018179431915949277 -0.0023769818041092764 -0.016870107906649574 0.0073143391924762142 0.0018735792388740952 0.0064487062217916877
leaf_weight=700931.20759892464 126539.26684474945 59753.589495182037 1980.1218500137329 9119.2179927825928 11221.629266262054 1797.4219670295715 109380.98383140564 2992.9417991638184 2748.6245193481445 10419.1399269104 2749.5878448486328 17544.600227355957 2473.253674030304 12815.289914131165
leaf_count=17045 2733 368 32 189 83 43 2074 64 21 166 41 86 164 167
internal_value=-5.89876e-05 0.000113751 -4.98884e-05 -9.01539e-05 -0.00155801 -0.000977283 -0.00131396 -0.00707213 -0.0157013 -0.000702223 -0.00180161 0.00370429 0.0111875 0.000260415
internal_weight=1.07247e+06 945928 886174 884194 170447 159226 154955 14860.8 5741.57 140094 112131 27963.7 4270.68 713746
internal_count=23276 20543 20175 20143 2931 2848 2641 274 85 2367 2115 252 207 17212
is_linear=0
shrinkage=0.03


Tree=408
num_leaves=15
num_cat=0
split_feature=18 8 18 22 18 18 8 16 2 19 5 0 15 19
split_gain=477.738 366.411 532.365 531.843 500.716 554.923 530.463 648.035 474 490.051 1143.12 500.472 584.824 469.947
threshold=658.72727272727286 3.772312223858616 3.3476636479460078 0.39827586206896559 8.6311047889995276 9.1336769759450185 48.672727272727279 0.99904599720279685 10.500000000000002 93.500000000000014 1036.6200000000001 288.50000000000006 412.35500000000008 32.500000000000007
decision_type=2 2 2 2 2 2 2 2 2 2 2 2 2 2
left_child=1 -1 3 -3 6 -6 7 13 9 10 11 -7 -13 -4
right_child=-2 2 4 -5 5 8 -8 -9 -10 -11 -12 12 -14 -15
leaf_value=0.00013968867142117813 -0.011192223902748164 -0.023132253733744935 0.0092526877659688794 0.0027061663724727487 -0.021249746098931065 -0.0031457545397213758 0.020580307491027527 0.01995559462659114 -0.01663573342543229 0.0103230073680143 -0.028501416943428511 -0.0060333426335140976 0.02434801961101932 -0.0049854326370350954
leaf_weight=1026012.4789791107 3408.7219862937927 2104.3091645240784 2751.9323143959045 1076.3821005821228 1575.2525582313538 17373.440878391266 1357.1110978126526 1413.6287937164307 2092.0435400009155 2644.9716930389404 1487.9732518196106 969.88359093666077 1341.4461393356323 8418.8862719535828
leaf_count=21890 65 128 114 48 75 516 34 19 40 32 49 75 34 259
internal_value=-1.18604e-05 2.3945e-05 -0.00263715 -0.014426 -0.00172549 -0.00407352 0.00290273 0.000966741 -0.00301366 -0.00180421 -0.00332749 -0.00139759 0.011657 -0.0014676
internal_weight=1.07403e+06 1.07062e+06 44607.3 3180.69 41426.6 27485 13941.6 12584.4 25909.8 23817.7 21172.7 19684.8 2311.33 11170.8
internal_count=23378 23313 1423 176 1247 821 426 392 746 706 674 625 109 373
is_linear=0
shrinkage=0.03


Tree=409
num_leaves=15
num_cat=0
split_feature=7 7 4 3 13 7 7 1 18 4 7 10 4 12
split_gain=300.247 488.867 435.715 1245.96 429.905 751.886 402.327 380.822 360 399.319 344.699 314.977 306.371 931.547
threshold=15.980769230769232 16.021739130434785 1629.2750000000003 2.5000000000000004 2185.7250000000004 9.029411764705884 14.972972972972974 18.500000000000004 16.879772961816311 135.10000000000005 6.0384615384615392 12.500000000000002 2619.2950000000005 239.20000000000002
decision_type=2 2 2 2 2 2 2 2 2 2 2 2 2 2
left_child=2 12 3 6 5 -4 8 -3 9 -1 -10 -9 13 -2
right_child=1 7 4 -5 -6 -7 -8 11 10 -11 -12 -13 -14 -15
leaf_value=0.012512078501716732 -0.030655907841920033 -0.011072157903894866 -0.015408719163159312 0.014293100161142833 0.0013557350826295677 -0.00046712711755676599 0.011632005271395142 0.00019296473928653155 -0.018410995406823685 0.00059550785757825494 -0.0010559245087427439 -0.012465994524237025 0.00048724087221900688 0.00017557621476845087
leaf_weight=2797.6265330314636 1621.6715476512909 2700.4791431427002 3889.8987011909485 8568.6340107917786 84028.614933013916 13491.811960220337 3217.5621128082275 921941.24222421646 1601.7814512252808 24886.806217193604 2829.8262138366699 1752.3923110961914 2042.7872772216797 1905.4425554275513
leaf_count=124 82 93 66 148 261 141 83 21280 68 743 92 9 11 45
internal_value=0.000280082 8.2304e-05 0.00154835 0.00404434 0.000467211 -0.00382481 0.00155226 0.000135673 0.000535808 0.00180789 -0.00738336 0.000168679 -0.00876291 -0.0140928
internal_weight=1.07728e+06 931964 145313 43902.2 101410 17381.7 35333.6 926394 32116 27684.4 4431.61 923694 5569.9 3527.11
internal_count=23246 21520 1726 1258 468 207 1110 21382 1027 867 160 21289 138 127
is_linear=0
shrinkage=0.03


Tree=410
num_leaves=15
num_cat=0
split_feature=2 16 4 4 16 6 4 6 16 5 5 4 18 17
split_gain=287.256 281.866 516.354 648.111 292.26 594.777 626.847 464.724 517.256 446.802 702.311 600.151 493.408 481.398
threshold=140.00000000000003 -0.99918340678092432 5027.4100000000008 2748.5950000000007 -0.98939835600056403 106.82716038626172 1184.5950000000003 139.65165752180505 -0.99891057433627528 112.17000000000002 119.82666666666668 135.10000000000005 14.503968253968255 8.6733333333333338
decision_type=2 2 2 2 2 2 2 2 2 2 2 2 2 2
left_child=1 2 3 -1 5 9 7 -7 -9 -3 -11 12 -12 -13
right_child=-2 4 -4 -5 -6 6 -8 8 -10 10 11 13 -14 -15
leaf_value=0.0050024593819182556 -0.010277877012070389 -0.012029760437984713 0.016765251515270755 -0.014799767753647939 2.0964611437196895e-05 -0.024006929059673002 0.0014279207366080357 -0.027900949761806064 -0.004505917632874442 0.018900350365116315 -0.03216418191494707 0.0057196661849812499 0.0030936137205589903 -0.0014930831117233366
leaf_weight=8127.0616588592529 2463.4374542236328 2955.809538602829 2432.3898706436157 1799.9362678527832 992484.47912693024 2276.359607219696 4449.9052562713623 992.6169261932373 5391.9780769348145 1677.7237911224365 949.94336032867432 10180.572575092316 560.31972742080688 45348.592493534088
leaf_count=181 7 256 39 48 19711 125 128 41 216 73 90 407 33 2070
internal_value=-8.65661e-05 -6.31222e-05 0.00443767 0.00138944 -0.000115325 -0.0019236 -0.00772111 -0.0124142 -0.00821893 -0.000689026 -0.000114234 -0.000679947 -0.0192138 -0.000169133
internal_weight=1.08209e+06 1.07963e+06 12359.4 9927 1.06727e+06 74783.8 13110.9 8660.95 6384.6 61673 58717.2 57039.4 1510.26 55529.2
internal_count=23425 23418 268 229 23150 3439 510 382 257 2929 2673 2600 123 2477
is_linear=0
shrinkage=0.03


Tree=411
num_leaves=15
num_cat=0
split_feature=5 0 5 0 19 19 13 19 19 5 19 5 1 6
split_gain=262.163 462.11 668.966 981.167 831.914 1344.25 569.906 502.116 624.316 474.88 500.412 661.96 459.033 518.366
threshold=896.42000000000019 130.50000000000003 1629.3950000000002 211.50000000000003 55.500000000000007 83.500000000000014 699.79000000000008 87.500000000000014 55.500000000000007 1304.0180000000003 123.50000000000001 1629.3950000000002 129.50000000000003 398.44090674655075
decision_type=2 2 2 2 2 2 2 2 2 2 2 2 2 2
left_child=-1 6 4 -4 -3 -6 7 8 -2 12 11 -11 13 -8
right_child=1 2 3 -5 5 -7 9 -9 -10 10 -12 -13 -14 -15
leaf_value=2.8421247134308743e-05 0.0059920375661246267 0.0055254598073970693 -0.034276807744729361 -0.002342128530887251 -0.034247440252230997 0.0045682232494968179 -0.0054106154778214002 0.011227495281486076 -0.011303782782795304 0.0084594297325069432 -0.0024598572939864929 -0.00031894782686503324 -0.0023005966813602892 -0.020853770759676326
leaf_weight=929709.46154975891 5329.2242040634155 4812.296422958374 1693.3452854156494 1756.9696140289307 1531.7908792495728 1655.5204496383667 7538.436972618103 6186.6067142486572 2874.7423114776611 11619.395595550537 34891.778694152832 23020.820219993591 39647.595195770264 2632.8177394866943
leaf_count=22053 67 103 48 51 60 27 132 53 48 83 107 136 291 34
internal_value=-0.000156737 -0.00134221 -0.00712123 -0.0181222 -0.00234301 -0.0141834 -0.000846466 0.00478925 -8.13216e-05 -0.00152667 7.52795e-05 0.00262877 -0.00376165 -0.00944114
internal_weight=1.0749e+06 145191 11449.9 3450.31 7999.61 3187.31 133741 14390.6 8203.97 119351 69532 34640.2 49818.8 10171.3
internal_count=23293 1240 289 99 190 87 951 168 115 783 326 219 457 166
is_linear=0
shrinkage=0.03


Tree=412
num_leaves=15
num_cat=0
split_feature=20 5 19 5 19 16 19 16 20 15 6 6 6 5
split_gain=301.328 446.599 365.498 800.589 522.008 420.367 529.002 548.621 688.82 524.25 415.243 1273.52 498.48 572.263
threshold=0.046578726550876241 68.03166666666668 6.5000000000000009 351.99500000000006 9.5000000000000018 -0.99767738923406402 15.500000000000002 -0.60069356261779971 0.49541944897149726 1189.1250000000002 605.2030309704254 561.09945193207454 409.47869293437111 329.56400000000002
decision_type=2 2 2 2 2 2 2 2 2 2 2 2 2 2
left_child=-1 -2 3 -3 -4 9 -7 -8 10 -6 11 12 13 -9
right_child=1 2 4 -5 5 6 7 8 -10 -11 -12 -13 -14 -15
leaf_value=0.00036529404366107156 0.011327873885343214 -0.0016474398662182982 0.0093690507033076052 -0.029550539644485046 -0.018086882141756969 -0.0081644970444796332 0.0083816774312258768 -0.0037027356792592174 0.012651915252060612 0.0013555475022567728 -0.006600970034117669 0.021771618567193309 -0.0098897981123869192 0.0018024937363367724
leaf_weight=951296.29702067375 2484.0984182357788 3128.1023163795471 4076.8904619216919 1295.807258605957 2953.8798246383667 8810.6418490409851 5866.2788166999817 30912.508598089218 3161.5612525939941 2146.4815549850464 12579.276868343353 2180.0629692077637 5709.3039588928223 37693.219870567322
leaf_count=20506 108 117 126 48 127 361 178 779 41 51 76 17 71 606
internal_value=0.000184624 -0.00121255 -0.00147288 -0.00991675 -0.00114945 -0.00153389 -0.00113151 -0.000498333 -0.0010648 -0.00993122 -0.00155439 -0.000722992 -0.00138856 -0.00067842
internal_weight=1.07429e+06 122998 120514 4423.91 116090 112013 106913 98102.2 92235.9 5100.36 89074.4 76495.1 74315 68605.7
internal_count=23212 2706 2598 165 2433 2307 2129 1768 1590 178 1549 1473 1456 1385
is_linear=0
shrinkage=0.03


Tree=413
num_leaves=15
num_cat=0
split_feature=21 17 5 19 19 19 19 16 19 17 5 14 19 5
split_gain=433.935 395.251 603.958 827.275 907.908 511.728 873.276 863.184 574.537 1043.15 557.131 552.033 488.679 460.162
threshold=1.0000000180025095e-35 6.0232558139534893 246.23000000000002 33.500000000000007 27.500000000000004 16.500000000000004 35.500000000000007 0.99833075989538334 42.500000000000007 24.345238095238098 388.54500000000007 397.47000000000008 26.500000000000004 550.98000000000013
decision_type=2 2 2 2 2 2 2 2 2 2 2 2 2 2
left_child=1 13 3 4 -3 -4 7 10 9 -8 11 -7 -12 -1
right_child=-2 2 5 -5 -6 6 8 -9 -10 -11 12 -13 -14 -15
leaf_value=-0.014295349662680906 -0.00017941152049924525 0.0069337274255364531 0.01226488592328182 -0.0066129728744068568 0.028428527212293254 -0.018224605669038364 -0.00048703885308420893 -0.025824634044575079 0.0012647111201528167 0.023339354926461948 0.012340992148131261 0.0049462396863204387 -0.0074641306515266627 0.0038053221569263676
leaf_weight=2875.365519285202 961840.88214087486 6220.1286849975586 3731.3715887069702 2449.3964996337891 2462.4445042610168 2936.7056126594543 3607.4426078796387 1819.4453964233398 81006.203467845917 3032.4010009765625 2655.0070738792419 1336.4642467498779 1912.9257526397705 2231.3751449584961
leaf_count=150 21625 209 70 61 29 132 67 50 785 43 61 31 45 29
internal_value=3.14618e-05 0.00174605 0.00211481 0.00874371 0.0130811 0.00139005 0.000974867 -0.00712452 0.00196141 0.0104318 -0.00322655 -0.0109885 0.00405076 -0.00640232
internal_weight=1.08012e+06 118277 113170 11132 8682.57 102038 98306.6 10660.5 87646 6639.84 8841.1 4273.17 4567.93 5106.74
internal_count=23387 1762 1583 299 238 1284 1214 319 895 110 269 163 106 179
is_linear=0
shrinkage=0.03


Tree=414
num_leaves=15
num_cat=0
split_feature=18 7 5 19 7 19 13 5 4 19 5 17 13 18
split_gain=315.777 733.736 841.129 1050.56 828.758 738.693 736.43 892.044 1004.2 1088.03 728.074 685.144 671.711 896.057
threshold=10.151923076923078 175.16666666666671 357.9308333333334 4.5000000000000009 101.10000000000001 25.500000000000004 495.21500000000009 1078.4125000000001 2282.5700000000002 94.500000000000014 364.79500000000007 22.410427807486634 564.4100000000002 16.445113788487287
decision_type=2 2 2 2 2 2 2 2 2 2 2 2 2 2
left_child=-1 2 11 4 -4 -3 7 10 -9 -10 -5 -2 13 -8
right_child=1 5 3 6 -6 -7 12 8 9 -11 -12 -13 -14 -15
leaf_value=-0.00064832455740839346 -0.0013283678520134509 0.0071242963414954825 -0.017866124021706106 0.017415275286385107 0.0063424511585495665 -0.0017544918321582752 0.00019678171079401193 0.0069075867046416032 -0.025334190823137474 0.0026553790748884277 0.004012828273785022 -0.012496690933471329 0.00060638521239447178 -0.022465319624651439
leaf_weight=473478.47703027725 162751.30545330048 26988.708199501038 4604.8956422805786 3839.7418622970581 1744.0863456726074 12252.257966995239 3803.5830698013306 3503.831485748291 3030.2704262733459 2111.8667736053467 67303.884160041809 5078.9829778671265 301131.31407546997 2653.9693279266357
leaf_count=13026 4334 1185 118 73 37 357 77 52 85 25 1303 131 2467 59
internal_value=-6.89539e-05 0.000387644 0.000110434 0.00086847 -0.0112169 0.00435258 0.00106711 0.00363495 -0.00545514 -0.0138732 0.00474087 -0.0016678 0.000400816 -0.00915765
internal_weight=1.07428e+06 600799 561558 393727 6348.98 39241 387378 79789.6 8645.97 5142.14 71143.6 167830 307589 6457.55
internal_count=23329 10303 8761 4296 155 1542 4141 1538 162 110 1376 4465 2603 136
is_linear=0
shrinkage=0.03


Tree=415
num_leaves=15
num_cat=0
split_feature=8 5 7 4 7 4 7 7 0 7 5 7 5 5
split_gain=246.39 481.275 579.293 421.157 773.561 899.735 965.138 648.302 613.569 484.329 472.859 459.884 387.501 446.031
threshold=0.6027123569655507 319.01000000000005 5.503731343283583 294.04000000000002 89.083333333333357 287.00000000000006 38.732142857142868 51.071428571428577 132.50000000000003 100.10000000000001 285.86375000000004 7.0340909090909101 300.8300000000001 172.53000000000003
decision_type=2 2 2 2 2 2 2 2 2 2 2 2 2 2
left_child=-1 3 -3 4 5 6 -2 -8 11 -6 -10 -5 13 -13
right_child=1 2 -4 8 9 -7 7 -9 10 -11 -12 12 -14 -15
leaf_value=-0.00037259834351191821 0.004828515906720128 -0.0091276731326624897 0.001571918584459233 0.0095447136364827708 0.03204294263641233 0.022173488506767584 -0.036796577976513214 -0.0080528886740812069 -0.0072799693415795293 0.0089012174077148232 0.0020069229982246661 -0.0037380650442823387 -0.0053261190540867687 0.0011150140627937588
leaf_weight=668988.77593755722 3931.1497645378113 4619.8299198150635 247534.36649274826 4144.5372686386108 1026.7512035369873 1252.220121383667 1019.0083544254303 2255.4500708580017 21769.112946271896 3790.4530663490295 6369.3601150512695 21832.065414428711 13732.02640914917 77444.187288284302
leaf_count=15837 180 63 3195 73 25 33 92 119 963 153 201 617 282 1553
internal_value=-1.75082e-05 0.000560859 0.00137518 -0.000734092 0.00437686 -0.00109322 -0.00518679 -0.017167 -0.00120161 0.0139458 -0.00517788 -0.000245845 -0.000606536 4.72245e-05
internal_weight=1.07971e+06 410721 252154 158566 13275 8457.83 7205.61 3274.46 145291 4817.2 28138.5 117153 113008 99276.3
internal_count=23386 7549 3258 4291 602 424 391 211 3689 178 1164 2525 2452 2170
is_linear=0
shrinkage=0.03


Tree=416
num_leaves=15
num_cat=0
split_feature=6 18 19 20 4 15 19 18 6 4 21 6 1 19
split_gain=336.103 315.377 289.184 254.884 438.677 1137.97 616.568 879.209 765.052 878.279 674.172 673.804 519.764 497.731
threshold=3170.263322026673 658.72727272727286 651.00000000000011 0.10003883546728169 279.85500000000008 209.40500000000003 79.500000000000014 13.576122931442082 166.35974322710334 458.25500000000005 1.0000000180025095e-35 122.96331040046 248.50000000000003 35.500000000000007
decision_type=2 2 2 2 2 2 2 2 2 2 2 2 2 2
left_child=1 2 3 -1 5 -5 7 8 9 -6 -9 -11 -8 -10
right_child=-2 -3 -4 4 6 -7 12 10 13 11 -12 -13 -14 -15
leaf_value=-0.00022350639220067826 0.0033447025385852772 0.0092833969575666139 0.0036515897537300578 -0.00108493755360103 -0.020784949519212156 0.029422327469259029 0.013779984394395161 0.013085295242220327 -0.040067418591802427 -0.0080815607605646579 -0.0037516358767336294 0.012904092657819981 -0.0025821198246426158 -0.015804330119287856
leaf_weight=982668.39023447037 24135.107749462128 3103.8515157699585 16693.055114746094 6772.9023880958557 2810.141782283783 1293.6357898712158 2930.8479175567627 2433.4369010925293 1111.1921238899231 3771.7510461807251 16764.378733634949 2142.229700088501 4271.6050271987915 2487.731050491333
leaf_count=21877 55 55 38 358 156 32 41 29 51 119 315 42 85 76
internal_value=-0.000154035 -0.000234576 -0.000262992 -0.000326538 -0.00248936 0.0038682 -0.00381502 -0.00562407 -0.0118709 -0.00704084 -0.00160606 -0.000462026 0.00409573 -0.0234758
internal_weight=1.07339e+06 1.04926e+06 1.04615e+06 1.02946e+06 46789.9 8066.54 38723.3 31520.9 12323 8724.12 19197.8 5913.98 7202.45 3598.92
internal_count=23329 23274 23219 23181 1304 390 914 788 444 317 344 161 126 127
is_linear=0
shrinkage=0.03


Tree=417
num_leaves=15
num_cat=0
split_feature=8 8 11 18 16 8 4 4 17 17 7 7 18 18
split_gain=283.15 376.647 278.748 273.331 316.312 268.648 548.651 674.077 447.914 514.16 783.845 749.723 690.84 601.703
threshold=0.78248081841432238 0.76308183754183168 54.500000000000007 1.3494186046511631 0.7896846667387224 1.812916666666667 275.17500000000001 258.5750000000001 5.9824561403508776 8.3484848484848495 15.980769230769232 20.038461538461544 43.747252747252752 11.154387865655472
decision_type=2 2 2 2 2 2 2 2 2 2 2 2 2 2
left_child=1 3 5 4 -1 6 7 -2 -7 10 -10 -12 -11 -13
right_child=2 -3 -4 -5 -6 8 -8 -9 9 12 11 13 -14 -15
leaf_value=-0.025622328241145999 0.0033072999999843784 -0.0071747660917190759 -0.0092377135601761379 -0.00017796114209862827 -0.0033417183337989863 0.0041573761516953507 0.0012622841219413843 0.026858391922253526 0.005808625600682924 -0.00075005756732586114 -0.033328210266608947 0.0032785411564493416 0.012789640960134787 -0.015370321346887586
leaf_weight=767.89572238922119 3163.7627367973328 7045.522304058075 2470.71875 727167.33256101608 2135.2756857872009 17961.540624380112 205591.24334812164 1657.2127676010132 3003.6576261520386 97663.40758562088 1248.1669487953186 2552.040198802948 3493.578004360199 3950.0707154273987
leaf_count=75 135 118 6 16532 97 459 3117 38 64 2359 49 95 30 124
internal_value=4.97713e-05 -0.000281488 0.000762138 -0.000214769 -0.00936998 0.000835283 0.00149747 0.0114805 -0.000237627 -0.000943635 -0.0071739 -0.0122073 -0.000280012 -0.00806314
internal_weight=1.07987e+06 737116 342755 730071 2903.17 340285 210412 4820.98 129872 111911 10753.9 7750.28 101157 6502.11
internal_count=23298 16822 6476 16704 172 6470 3290 173 3180 2721 332 268 2389 219
is_linear=0
shrinkage=0.03


Tree=418
num_leaves=15
num_cat=0
split_feature=17 17 14 8 18 17 18 4 18 4 7 16 18 4
split_gain=258.843 604.984 566.634 626.415 792.599 586.509 584.748 568.298 656.97 520.999 519.237 507.5 568.397 588.842
threshold=35.535714285714292 34.956521739130444 2972.5700000000002 0.45925690850502882 18.264245014245017 36.045454545454554 9.9402852049910901 16231.560000000003 12.786866359447007 5027.4100000000008 13.933333333333335 -0.99754790679357142 9.7759856630824391 709.69500000000005
decision_type=2 2 2 2 2 2 2 2 2 2 2 2 2 2
left_child=1 -1 3 5 10 6 -2 8 9 -4 -5 12 13 -7
right_child=2 -3 7 4 -6 11 -8 -9 -10 -11 -12 -13 -14 -15
leaf_value=-0.00017936369427421709 0.00084225086620305157 -0.0095327539274027949 0.0039387328962108802 0.014275788350868426 0.018565933149215463 -0.007604986159262684 0.023029032664798037 0.0040064726097611154 -0.012592489035707515 -0.0062534367646332181 0.0025425487584402775 0.00020482902877541316 0.0013294044995657357 -0.036213071686192762
leaf_weight=881090.22301840782 2340.2918539047241 6247.9814658164978 7965.0529479980469 3587.3877248764038 3172.2805871963501 1677.535982131958 1950.7218704223633 8825.1299285888672 7051.2089996337891 10366.844383239746 57929.678718090057 87093.878268718719 2332.4548025131226 1049.461519241333
leaf_count=19640 70 163 74 62 20 67 23 21 72 85 1013 2032 61 45
internal_value=-2.77906e-05 -0.000245437 0.000960788 0.00170527 0.0039887 0.000173166 0.0109885 -0.00254494 -0.00482408 -0.00182556 0.00323119 -0.000332715 -0.00955041 -0.0187981
internal_weight=1.08268e+06 887338 195342 161134 64689.3 96444.3 4291.01 34208.2 25383.1 18331.9 61517.1 92153.3 5059.45 2727
internal_count=23448 19803 3645 3393 1095 2298 93 252 231 159 1075 2205 173 112
is_linear=0
shrinkage=0.03


Tree=419
num_leaves=15
num_cat=0
split_feature=6 5 17 17 4 16 5 13 17 16 19 19 17 19
split_gain=257.722 510.026 809.671 490.927 426.518 415.72 779.268 665.211 1244.8 384.862 335.591 328.82 372.716 752.975
threshold=391.41849175475357 572.20000000000016 16.519230769230774 9.0312500000000018 1242.4950000000001 -0.3007653743635566 693.38433333333353 203.01500000000004 29.038461538461544 0.99982985934427715 92.500000000000014 11.500000000000002 15.839743589743593 59.500000000000007
decision_type=2 2 2 2 2 2 2 2 2 2 2 2 2 2
left_child=9 2 3 -2 -4 6 -3 8 -8 -1 -6 -7 -13 -14
right_child=1 5 4 -5 10 11 7 -9 -10 -11 -12 12 13 -15
leaf_value=0.0002330975612365049 -0.0065573578211043882 0.014607113568721443 0.001382669591633394 0.0055341063687940001 -0.019941581108865885 0.0055398339830932163 -0.023671244895382137 0.0038361925325396183 0.0065231172049223058 -0.012981099687981673 -0.0087312131864102586 -0.003336359837236159 0.010929220582698381 -0.00080518869697352845
leaf_weight=878741.38373303413 4865.8720855712891 4428.9911556243896 2802.9904689788818 7902.8831367492676 3195.1861619949341 6632.2494201660156 2485.72327709198 15103.743656158447 2398.0220222473145 1968.1456127166748 9836.6027669906616 50746.496851921082 5211.1020164489746 83145.55782699585
leaf_count=21791 54 42 66 49 77 37 67 82 40 23 120 255 59 566
internal_value=-1.69408e-05 -0.000992659 -0.00469771 0.000923285 -0.00922578 -0.000369339 0.00325186 0.000723581 -0.00887904 0.000203273 -0.0115062 -0.000976396 -0.00128783 -0.0001108
internal_weight=1.07946e+06 198755 28603.5 12768.8 15834.8 170152 24416.5 19987.5 4883.75 880710 13031.8 145735 139103 88356.7
internal_count=23328 1514 366 103 263 1148 231 189 107 21814 197 917 880 625
is_linear=0
shrinkage=0.03


Tree=420
num_leaves=15
num_cat=0
split_feature=19 5 5 5 13 5 15 5 18 18 19 5 18 18
split_gain=339.501 634.041 797.789 623.488 698.415 891.294 628.745 803.657 754.977 967.303 1010.06 555.823 1424.52 666.98
threshold=6.5000000000000009 869.11250000000007 772.70138888888903 367.16777777777787 558.32500000000016 597.18295454545466 379.79500000000002 307.11000000000007 5.4578900709219864 1.975534939398474 3.5000000000000004 102.62500000000001 2.4447222222222229 3.9506903353057203
decision_type=2 2 2 2 2 2 2 2 2 2 2 2 2 2
left_child=1 2 3 6 5 -5 7 8 9 10 -1 12 -11 -14
right_child=-2 -3 -4 4 -6 -7 -8 -9 -10 11 -12 -13 13 -15
leaf_value=-0.03637575857681135 0.00026363126448560015 -0.01688049225963676 0.020431966998091487 -0.024418642248272459 -0.00040990959669323808 0.0041848864254969784 0.011828015293886086 0.013690593335476392 -0.0055671021609252601 0.031279215720859073 0.016606050880338879 0.024379002038224639 -0.04067654654651788 0.00074993325357032526
leaf_weight=811.15297389030457 1031224.7734642029 2523.977285861969 1426.7815246582031 3635.7541060447693 4449.1126308441162 1332.5668296813965 3412.4238929748535 2772.9634385108948 23323.061238527298 957.19279503822327 515.32541131973267 2088.8435730934143 554.93444395065308 891.38501477241516
leaf_count=79 21156 56 18 151 54 24 59 81 1470 35 25 69 75 63
internal_value=0.000148025 -0.00229927 -0.00149522 -0.00220323 -0.00905332 -0.0167608 -0.000373065 -0.00168423 -0.00315559 0.00649621 -0.0158519 0.013136 0.00324445 -0.0154829
internal_weight=1.07992e+06 48695.5 46171.5 44744.7 9417.43 4968.32 35327.3 31914.9 29141.9 5818.83 1326.48 4492.36 2403.51 1446.32
internal_count=23415 2259 2203 2185 229 175 1956 1897 1816 346 104 242 173 138
is_linear=0
shrinkage=0.03


Tree=421
num_leaves=15
num_cat=0
split_feature=4 4 4 17 17 20 18 20 4 18 18 18 18 4
split_gain=355.463 711.51 963.343 863.503 583.694 1112.03 764.347 728.862 689.121 567.538 839.986 1189.25 1083.58 1011.21
threshold=304.17500000000001 258.5750000000001 252.87000000000003 51.046875000000007 12.510869565217392 0.048531654031466191 12.562843654227512 0.0028884670302777617 265.01000000000005 6.2954963235294121 3.9506903353057203 4.0139114619611496 2.7257053291536053 244.37500000000003
decision_type=2 2 2 2 2 2 2 2 2 2 2 2 2 2
left_child=1 2 9 4 -3 6 7 8 -6 10 12 -12 -1 -14
right_child=-2 3 -4 -5 5 -7 -8 -9 -10 -11 11 -13 13 -15
leaf_value=0.0038263112247785601 -0.00012935241498936818 0.00054954300050295694 -0.026118537466473333 -0.019506801928517791 0.019340882560801381 -0.01054839695698768 0.023258407588557566 0.026585215466077391 0.0024818295414800601 -0.0017984500536356548 0.032356447014483036 0.0056093335090509136 -0.01127814362554987 0.024282345456102056
leaf_weight=20125.011168003082 943399.38965773582 10605.753682136536 1212.6155195236206 1192.6447758674622 2740.0235061645508 2280.4991555213928 3957.7661733627319 1738.7443871498108 10458.909188270569 45647.374912977219 1640.6227073669434 15276.420057296753 8850.4217371940613 764.56610870361328
leaf_count=1000 16887 404 85 54 78 103 92 43 385 2706 42 775 592 22
internal_value=7.08899e-05 0.00156412 0.00022772 0.0053518 0.00629633 0.00917132 0.0115599 0.00843345 0.00600564 0.000579417 0.0029056 0.00823843 -0.000131374 -0.0084059
internal_weight=1.06989e+06 126491 93517 32974.3 31781.7 21175.9 18895.4 14937.7 13198.9 92304.4 46657 16917 29740 9614.99
internal_count=23268 6381 5222 1159 1105 701 598 506 463 5137 2431 817 1614 614
is_linear=0
shrinkage=0.03


Tree=422
num_leaves=15
num_cat=0
split_feature=7 19 4 5 17 0 4 8 8 7 7 4 4 4
split_gain=244.27 581.322 499.242 563.471 589.234 293.855 351.629 315.424 227.349 485.655 794.803 799.463 522.708 773.65
threshold=364.50000000000006 69.500000000000014 701.79000000000008 461.67500000000007 1.9411764705882355 348.50000000000006 458.25500000000005 5.8620507399577173 0.62803291075476464 90.125000000000014 126.62500000000001 2282.5700000000002 1460.7650000000003 265.01000000000005
decision_type=2 2 2 2 2 2 2 2 2 2 2 2 2 2
left_child=5 2 3 4 -2 8 -7 -8 -1 -10 12 -12 13 -11
right_child=1 -3 -4 -5 -6 6 7 -9 9 10 11 -13 -14 -15
leaf_value=-0.00021207218216785616 0.035390241522328586 0.033212103320453504 -0.026969129569545894 0.03471603172873941 -0.002435266515377323 -0.026326089283636851 0.013441713652726854 -0.015416167048216417 0.0003323681044996285 0.017901711297557497 -0.00013184294266728344 -0.025990862628560197 0.012041706417578091 0.0011287785194564191
leaf_weight=669592.11026501656 397.82151079177856 627.23457717895508 436.71377611160278 518.59774208068848 3266.5395979881287 806.68190932273865 645.17037391662598 679.40890741348267 359363.31859064102 2881.5104203224182 11571.486450195312 1166.3492374420166 9894.3747978210449 16858.0626039505
leaf_count=15398 23 13 31 18 373 113 28 59 6118 83 446 25 136 517
internal_value=0.000135821 0.00658072 0.00283727 0.00606268 0.00184108 0.000104198 -0.0109724 -0.00136933 0.000126438 0.000690631 0.00372754 -0.00253668 0.00642004 0.00359287
internal_weight=1.07871e+06 5246.91 4619.67 4182.96 3664.36 1.07346e+06 2131.26 1324.58 1.07133e+06 401735 42371.8 12737.8 29633.9 19739.6
internal_count=23381 458 445 414 396 22923 200 87 22723 7325 1207 471 736 600
is_linear=0
shrinkage=0.03


Tree=423
num_leaves=15
num_cat=0
split_feature=7 7 4 7 19 3 18 17 20 17 19 3 17 19
split_gain=321.492 656.749 763.036 616.362 955.379 546.422 793.31 600.133 921.924 465.024 382.718 822.719 355.432 369.127
threshold=55.083333333333336 48.071428571428577 1081.4350000000002 56.900000000000006 36.500000000000007 4.5000000000000009 17.644957983193283 39.041666666666679 0.0069225778158589013 30.91608391608392 57.500000000000007 2.5000000000000004 1.0686274509803924 97.500000000000014
decision_type=2 2 2 2 2 2 2 2 2 2 2 2 2 2
left_child=1 12 9 4 -2 6 7 8 -4 10 11 -3 -1 -14
right_child=3 2 5 -5 -6 -7 -8 -9 -10 -11 -12 -13 13 -15
leaf_value=-0.010288619430916121 0.00407079775392785 0.0040067592392332837 -0.015457896934106949 -0.00026006841649029344 -0.012908933463806904 0.0029400684550868021 0.016532943240772084 0.012277993030054767 0.0085427035196494541 -0.012710845429544058 0.011271602508778952 -0.010369422537560406 0.0010023953827136593 -0.00055250265479701822
leaf_weight=2840.8368363380432 4611.2913312911987 9410.7374973297119 2633.7153053283691 434971.43891334534 8382.2143840789795 30320.674591064453 8056.8047695159912 4369.6326322555542 3131.5357227325439 2842.7750787734985 2452.0627126693726 5758.0349493026733 309837.55702900887 246880.00186681747
leaf_count=124 112 296 54 13660 176 402 73 52 41 91 49 182 5858 2206
internal_value=0.000161536 0.000599208 0.00336081 -0.000452556 -0.00688597 0.00540948 0.00951757 0.00391907 -0.00243692 -0.00149643 0.00032515 -0.00145688 0.000258682 0.000312871
internal_weight=1.0765e+06 628534 68976 447965 12993.5 48512.4 18191.7 10134.9 5765.25 20463.6 17620.8 15168.8 559558 556718
internal_count=23376 9428 1240 13948 288 622 220 147 95 618 527 478 8188 8064
is_linear=0
shrinkage=0.03


Tree=424
num_leaves=15
num_cat=0
split_feature=7 7 15 16 14 6 6 13 7 15 15 17 13 14
split_gain=217.255 408.019 711.055 618.213 449.256 429.471 400.012 529.805 386.274 688.232 1206.06 737.36 657.591 735.34
threshold=104.10000000000001 99.100000000000009 98.870000000000019 0.99862399207002583 452.22500000000008 125.60171903594566 545.66152193607434 1001.8650000000001 183.25000000000003 339.87500000000006 334.49500000000006 2.3416666666666672 264.00500000000005 427.17500000000007
decision_type=2 2 2 2 2 2 2 2 2 2 2 2 2 2
left_child=1 -1 3 4 -3 -4 7 8 -2 10 12 -11 -10 -14
right_child=6 2 5 -5 -6 -7 -8 -9 9 11 -12 -13 13 -15
leaf_value=6.2862164362404813e-05 -0.0020682671491362935 -0.0044481644381957229 0.015649224847337002 0.0098023197541957773 -0.028129371986324644 0.0031266728136523322 0.004607683493122211 -0.010213730997893517 0.00054121764020893847 0.01816686611838448 0.0257290935389364 -0.0043717233865442932 0.019673923457188828 -0.0035102971430961993
leaf_weight=863643.39899301529 114102.79330253601 3371.9866757392883 5337.8648948669434 2253.3963584899902 900.8345193862915 4587.7037706375122 11068.821966171265 5739.8061408996582 39920.783187389374 1359.5098667144775 1971.5284123420715 24764.966069221497 3539.9377737045288 1874.0613689422607
leaf_count=14989 4079 150 117 37 35 92 148 103 2555 24 48 902 93 59
internal_value=-5.25409e-05 0.00015207 0.0048293 -0.00285754 -0.00954864 0.00987909 -0.000933721 -0.00125152 -0.000976158 0.000720952 0.00287887 -0.00318582 0.00187424 0.0116653
internal_weight=1.08444e+06 880095 16451.8 6526.22 4272.82 9925.57 204342 193273 187534 73430.8 47306.3 26124.5 45334.8 5414
internal_count=23431 15420 431 222 185 209 8011 7863 7760 3681 2755 926 2707 152
is_linear=0
shrinkage=0.03


Tree=425
num_leaves=15
num_cat=0
split_feature=7 6 5 7 7 16 18 0 16 6 20 20 16 20
split_gain=326.797 575.074 1010.29 630.074 528.391 508.856 468.432 718.775 628.66 619.28 539.823 739.32 462.37 551.945
threshold=63.100000000000009 506.76164072374951 572.20000000000016 12.022222222222224 32.050000000000004 0.36276022393767721 55.125000000000007 145.50000000000003 0.51269332390466105 960.52648468648351 0.0098787879365990535 0.03981894226184076 -0.40303097343040978 0.017082599640539202
decision_type=2 2 2 2 2 2 2 2 2 2 2 2 2 2
left_child=1 -1 3 -3 -5 -2 8 -8 10 -10 -7 -12 13 -4
right_child=5 2 12 4 -6 6 7 -9 9 -11 11 -13 -14 -15
leaf_value=0.00090918589419053809 0.00042206273220499733 -0.0022042284942756841 -0.0017976955116024303 -0.0088380775380211586 -0.029804417145157022 -0.0031384774057511451 -0.012770322970714607 0.010318489763846906 -0.0010518420019662374 0.013534455382895732 -0.021728033710424546 0.0013361596768912761 -0.001225852392171973 0.011888255598913364
leaf_weight=569856.37447977066 209188.01916480064 3477.5463466644287 5081.3266868591309 2195.0131187438965 2160.1815457344055 11992.537887096405 6850.9997773170471 1457.9409561157227 150445.5185790062 2646.1030616760254 3879.7370624542236 1838.2137784957886 107748.23390722275 5517.0199661254883
leaf_count=10156 7076 12 54 34 50 294 197 39 4921 20 102 41 470 27
internal_value=0.000114424 0.000503416 -0.00132899 -0.0117494 -0.0193261 -0.000582844 -0.00175641 -0.00870396 -0.00141746 -0.000797991 -0.00676529 -0.0143345 -0.000637452 0.00533556
internal_weight=1.08433e+06 696036 126179 7832.74 4355.19 388299 179111 8308.94 170802 153092 17710.5 5717.95 118347 10598.3
internal_count=23493 10803 647 96 84 12690 5614 236 5378 4941 437 143 551 81
is_linear=0
shrinkage=0.03


Tree=426
num_leaves=15
num_cat=0
split_feature=1 1 5 20 18 20 20 5 20 5 9 20 5 18
split_gain=308.188 577.785 577.818 318.442 313.876 300.06 272.033 561.084 733.613 633.645 568.731 505.88 1648.89 713.55
threshold=374.00000000000006 351.50000000000006 331.3768750000001 0.001120932548625717 145.15053763440864 0.11847305548768815 0.01630705548373516 324.21250000000003 0.39988377552601978 282.49125000000004 4.5000000000000009 0.39988377552601978 173.92015151515153 3.0016501650165019
decision_type=2 2 2 2 2 2 2 2 2 2 2 2 2 2
left_child=1 6 -3 -4 5 -2 -1 9 -9 10 11 13 -13 -8
right_child=4 2 3 -5 -6 -7 7 8 -10 -11 -12 12 -14 -15
leaf_value=-0.00043945515446746215 0.0013350273320648783 -0.0081293256159783774 0.0045423336440845001 -0.0027032692535631261 0.0083624603551150541 -0.0088861184649973463 0.0091671300168060139 0.0020515781543459996 -0.010665776936975855 -0.0052053605906416042 0.012219025628302582 -0.012880208574209684 0.026012814468689582 -0.0017913327383585818
leaf_weight=649023.23647022247 94584.322217702866 15982.39131975174 6904.7356758117676 25785.175049781799 5576.9041142463684 2637.7894501686096 5816.3952393531799 166759.10724782944 4165.2353792190552 25116.837189674377 3410.8742561340332 1649.8589406013489 2366.1327571868896 63865.724456787109
leaf_count=15719 2008 535 126 259 38 105 147 2023 76 573 18 95 29 1688
internal_value=-0.000107958 -0.000273361 -0.0034583 -0.00117102 0.00145387 0.00105594 -0.000105188 0.000689027 0.00174046 -0.00106899 0.000279353 -0.0002764 0.01005 -0.000874257
internal_weight=1.07364e+06 970846 48672.3 32689.9 102799 97222.1 922173 273150 170924 102226 77109 73698.1 4015.99 69682.1
internal_count=23439 21288 920 385 2151 2113 20368 4649 2099 2550 1977 1959 124 1835
is_linear=0
shrinkage=0.03


Tree=427
num_leaves=15
num_cat=0
split_feature=17 18 6 18 17 19 17 4 6 18 19 19 4 19
split_gain=255.599 587.343 1007.67 573.052 569.802 526.472 542.303 637.623 520.956 429.855 403.061 727.684 479.248 387.635
threshold=46.058823529411775 14.248809523809525 738.22880575325109 2.1935373831150593 45.854166666666679 50.500000000000007 48.125000000000007 423.37500000000006 79.053834039117319 4.0139114619611496 86.500000000000014 67.500000000000014 610.7650000000001 303.50000000000006
decision_type=2 2 2 2 2 2 2 2 2 2 2 2 2 2
left_child=4 2 3 8 -1 6 -5 -8 -2 10 11 -7 -12 -11
right_child=1 -3 -4 5 -6 9 7 -9 -10 13 12 -13 -14 -15
leaf_value=-0.00025952406260789686 0.011024933421799631 0.007356320633243746 -0.019554994865336219 0.00055450884490206357 -0.01628120963162177 -0.0021200949799873988 -0.006914094346660832 -0.038301307270041912 -0.0051315274240184144 0.0032180657562294298 0.010732531042021957 -0.030527855271060483 -0.0025173608407235821 -0.0057310749852330896
leaf_weight=963678.59173250198 8222.6830253601074 12516.624297142029 2194.4605655670166 2431.4330110549927 1981.9467859268188 2425.6752409934998 1477.9342784881592 953.708580493927 2283.7126965522766 44475.748011112213 2774.7804384231567 1202.0789051055908 20305.230975627899 4810.5864448547363
leaf_count=21326 229 111 39 72 68 90 63 41 56 710 78 54 379 52
internal_value=-0.000139186 0.00125853 0.000441346 0.000925812 -0.000292744 6.86297e-05 -0.00948006 -0.0194364 0.00751002 0.00068201 -0.00238192 -0.011649 -0.000916488 0.00234262
internal_weight=1.07174e+06 106075 93558 91363.6 965661 80857.2 4863.08 2431.64 10506.4 75994.1 26707.8 3627.75 23080 49286.3
internal_count=23368 1974 1863 1824 21394 1539 176 104 285 1363 601 144 457 762
is_linear=0
shrinkage=0.03


Tree=428
num_leaves=15
num_cat=0
split_feature=19 19 5 3 5 6 16 6 6 19 19 19 16 6
split_gain=214.256 454.375 910.381 514.291 787.529 1058.62 710.187 598.493 487.406 527.17 530.128 745.617 495.172 936.314
threshold=113.50000000000001 67.500000000000014 3192.063333333334 3.5000000000000004 390.44416666666672 261.49380403072968 0.99956006597715563 636.04564973870117 545.66152193607434 84.500000000000014 103.50000000000001 107.50000000000001 -0.16897649401757575 317.2854880727258
decision_type=2 2 2 2 2 2 2 2 2 2 2 2 2 2
left_child=1 2 -1 4 5 -3 7 8 9 12 -11 -12 13 -6
right_child=-2 3 -4 -5 6 -7 -8 -9 -10 10 11 -13 -14 -15
leaf_value=-0.0001454487831928495 -0.00074736096760654477 0.006315603338740412 -0.01765863183366775 0.00034953973114184797 -0.024833197459068635 0.030667391471914596 0.0095945441033988658 -0.012157182277215088 0.01248054932206299 -0.0093491371107437254 0.013142346036569911 -0.0089681929640335733 0.0048122841246348346 0.0083708128252028367
leaf_weight=580497.68360757828 290418.71553659439 19285.209318637848 2663.7313280105591 139971.30559539795 1510.5727977752686 1735.2864046096802 7984.8246459960938 3416.5157628059387 2999.640362739563 8388.7364292144775 2869.0603694915771 2596.2014017105103 17926.16433429718 1511.7017421722412
leaf_count=17112 3076 538 53 1798 54 23 59 60 43 182 39 54 311 28
internal_value=-5.02169e-05 0.000204994 -0.000226047 0.00140078 0.00349542 0.00835313 0.00141757 -0.000170349 0.000918865 -8.42383e-05 -0.00462073 0.00264462 0.00291746 -0.00827914
internal_weight=1.08378e+06 793357 583161 210195 70223.9 21020.5 49203.4 41218.6 37802.1 34802.4 13854 5465.26 20948.4 3022.27
internal_count=23430 20354 17165 3189 1391 561 830 771 711 668 275 93 393 82
is_linear=0
shrinkage=0.03


Tree=429
num_leaves=15
num_cat=0
split_feature=4 18 4 4 0 18 18 18 4 17 6 17 16 4
split_gain=369.705 1171.49 983.397 837.558 791.551 689.684 762.233 660.856 446.087 498.609 496.884 435.877 403.404 402.384
threshold=306.62000000000006 64.292913608131002 258.5750000000001 252.87000000000003 97.500000000000014 48.516483516483525 24.015151515151519 32.089682539682549 262.05500000000006 11.976190476190478 71.99054139260241 41.031250000000007 0.98928418296258591 334.63500000000005
decision_type=2 2 2 2 2 2 2 2 2 2 2 2 2 2
left_child=1 2 3 5 11 6 -1 -8 -6 10 -10 -4 -3 -2
right_child=13 12 4 -5 8 -7 7 -9 9 -11 -12 -13 -14 -15
leaf_value=0.001005854770269411 -0.0044206631579195499 -0.039487793592814721 0.003199266875013396 -0.022295766930682678 0.024877739031264362 0.021043222813940537 -0.027315648537373515 -0.0022012037967934469 -0.0078923333660186213 0.012191455483845315 0.017575471204514855 -0.014718092536113735 -0.010898819386211791 1.9343332957438914e-05
leaf_weight=86963.720421075821 18718.589770317078 691.08617734909058 16009.187793731689 1420.7483291625977 1834.6876878738403 1463.881007194519 1585.4660334587097 2294.6144118309021 2472.8946413993835 11623.839888095856 933.10152053833008 1303.0529232025146 1245.7269773483276 934684.20435571671
leaf_count=4753 833 88 521 97 50 60 132 140 121 406 30 50 77 16066
internal_value=0.000136621 0.00163831 0.00199044 0.000401572 0.00634508 0.000755671 0.000424192 -0.0125508 0.010967 0.00923809 -0.000853342 0.00183524 -0.0213992 -6.79202e-05
internal_weight=1.08324e+06 129842 127905 93728.4 34176.8 92307.7 90843.8 3880.08 16864.5 15029.8 3406 17312.2 1936.81 953403
internal_count=23424 6525 6360 5182 1178 5085 5025 272 607 557 151 571 165 16899
is_linear=0
shrinkage=0.03


Tree=430
num_leaves=15
num_cat=0
split_feature=0 19 5 19 19 0 19 19 19 0 16 19 5 22
split_gain=200.387 490.571 750.565 1241.17 668.122 785.551 622.589 642.875 524.745 389.602 443.117 374.92 422.99 383.683
threshold=253.50000000000003 18.500000000000004 718.75166666666678 70.500000000000014 7.5000000000000009 255.50000000000003 6.5000000000000009 5.5000000000000009 13.500000000000002 247.50000000000003 -0.99716625577147822 19.500000000000004 259.69810344827596 0.24885321100917435
decision_type=2 2 2 2 2 2 2 2 2 2 2 2 2 2
left_child=9 4 11 -4 6 -6 7 -2 -7 -1 -11 -3 13 -13
right_child=1 2 3 -5 5 8 -8 -9 -10 10 -12 12 -14 -15
leaf_value=-0.00013748912523210108 0.004934389733076504 0.024583011948859333 -0.035540728370169833 0.011701029979074894 0.02606321347953524 -0.0049827652584028817 0.026336225568261186 -0.031047745955225286 -0.023072585005591867 -0.022829150551547724 5.5834047647686985e-05 -0.0084215602995698653 0.0099172254310984764 0.0087872603814464541
leaf_weight=1043913.3151254654 3600.1833691596985 1082.2433967590332 977.10629796981812 990.07592344284058 525.89362335205078 4036.694568157196 1035.9573023319244 489.82214713096619 2239.5606601238251 1437.3631858825684 1594.5458173751831 2679.0671000480652 9924.0928039550781 2033.1440825462341
leaf_count=21366 275 46 59 25 14 345 50 72 223 66 94 218 440 122
internal_value=-9.99262e-05 0.00233285 0.00550141 -0.0118857 -0.0023665 -0.00851927 0.00579959 0.000495028 -0.0114906 -0.000168783 -0.010872 0.00768975 0.00640878 -0.000990836
internal_weight=1.07656e+06 29613.8 17685.7 1967.18 11928.1 6802.15 5125.96 4090.01 6276.26 1.04695e+06 3031.91 15718.5 14636.3 4712.21
internal_count=23415 1889 910 84 979 582 397 347 568 21526 160 826 780 340
is_linear=0
shrinkage=0.03


Tree=431
num_leaves=15
num_cat=0
split_feature=5 13 5 17 20 18 17 18 5 5 5 18 17 14
split_gain=198.409 984.524 961.961 513.114 514.573 499.454 727.002 495.245 502.755 696.184 974.825 547.771 463.106 526.928
threshold=144.75500000000002 859.99500000000012 166.23000000000005 2.8137931034482762 0.0060676403599019225 1.7279220779220783 44.708333333333336 4.3601346801346805 129.4966666666667 91.405000000000015 83.57350000000001 1.475426580149003 17.866071428571434 111.53000000000002
decision_type=2 2 2 2 2 2 2 2 2 2 2 2 2 2
left_child=1 7 3 -2 -5 6 -4 8 9 10 -1 -11 -13 -14
right_child=2 -3 5 4 -6 -7 -8 -9 -10 11 -12 12 13 -15
leaf_value=0.0017067926493065054 -0.021722701575643044 0.019060187535715947 -0.031931517501345541 -0.0068172443302645718 0.0014168465337482806 0.00021261133172385775 -0.0026188678283564867 -0.00085978975916746307 0.010417386820425057 -0.019526632839675342 0.024381655316223806 -0.0082665735759081798 0.013398973090354848 -0.004725248367376424
leaf_weight=6072.2242307662964 1560.5228266716003 2767.6578254699707 1028.150071144104 21428.290636539459 10013.588660240173 966367.21741867065 2799.6420578956604 50401.931312799454 8079.9703879356384 1582.9804196357727 2355.2030773162842 4128.4623663425446 3045.182480096817 2714.2392959594727
leaf_count=389 96 18 56 935 278 17921 90 2648 290 100 26 223 152 129
internal_value=0.00011371 0.00154035 -1.7183e-06 -0.00503705 -0.00419562 0.000169665 -0.0106173 0.00091701 0.00411619 0.00154961 0.00808643 -0.00325859 -0.000620035 0.00487079
internal_weight=1.08435e+06 81147.9 1.0032e+06 33002.4 31441.9 970195 3827.79 78380.2 27978.3 19898.3 8427.43 11470.9 9887.88 5759.42
internal_count=23351 3975 19376 1309 1213 18067 146 3957 1309 1019 415 604 504 281
is_linear=0
shrinkage=0.03


Tree=432
num_leaves=15
num_cat=0
split_feature=17 5 5 8 16 5 5 4 5 17 8 4 4 17
split_gain=254.56 398.039 671.547 334.493 720.128 362.76 580.921 717.152 432.859 396.817 320.222 340.462 855.891 794.386
threshold=4.041666666666667 2250.4095454545454 1304.0180000000003 0.6636868495175694 0.9994410909746736 96.575000000000003 340.50833333333338 6338.4900000000007 251.57700000000003 2.8137931034482762 0.54067843353557654 470.02000000000004 465.41000000000003 2.8137931034482762
decision_type=2 2 2 2 2 2 2 2 2 2 2 2 2 2
left_child=1 2 3 4 10 -5 8 9 -7 -8 11 12 13 -1
right_child=-2 -3 -4 5 -6 6 7 -9 -10 -11 -12 -13 -14 -15
leaf_value=-0.0027320818437926147 -0.00020168431518548699 -0.014370713174218147 0.020507183444341052 -0.013025757281779574 0.023202154527549375 0.00048136782031632486 -0.022672944051543291 0.0021202976569746818 0.013901965216360709 -0.0046159166376992071 0.0095918529737659044 -0.0017283108438523218 0.033878227736234438 0.0090776133827238058
leaf_weight=11124.763563394547 1012856.0683522224 1345.2041425704956 1698.5831565856934 2207.7394731044769 1511.2176971435547 6587.9251580238342 2362.377513885498 5138.972583770752 3201.2958602905273 2050.9063386917114 4766.6652112007141 17548.471959114075 804.63693046569824 9475.9887135028839
leaf_count=726 21326 19 8 155 7 185 60 17 47 36 57 245 8 492
internal_value=-8.08915e-05 0.00167085 0.00199007 0.00151309 0.00297815 -0.00156199 -0.00024135 -0.00549882 0.0048896 -0.0143403 0.00226881 0.00136825 0.0039061 0.00270371
internal_weight=1.08268e+06 69824.7 68479.5 66781 45231.7 21549.2 19341.5 9552.26 9789.22 4413.28 43720.5 38953.9 21405.4 20600.8
internal_count=23388 2062 2043 2035 1535 500 345 113 232 96 1528 1471 1226 1218
is_linear=0
shrinkage=0.03


Tree=433
num_leaves=15
num_cat=0
split_feature=8 7 16 7 19 14 1 15 15 1 13 17 19 15
split_gain=353.688 361.976 619.496 511.555 494.028 457.473 545.16 410.961 705.944 506.912 674.781 505.367 699.223 554.668
threshold=0.59529346622369894 35.055555555555564 0.99956006597715563 34.732142857142868 88.500000000000014 840.21500000000003 28.500000000000004 359.72500000000008 334.49500000000006 190.50000000000003 1162.7600000000002 3.0306122448979598 78.500000000000014 4004.3100000000004
decision_type=2 2 2 2 2 2 2 2 2 2 2 2 2 2
left_child=1 3 7 5 -4 6 -1 8 -3 -10 -11 -9 -13 -14
right_child=-2 2 4 -5 -6 -7 -8 11 9 10 -12 12 13 -15
leaf_value=0.0010968516582858488 0.00072542658742219893 -0.00028277559172182592 -0.016271524029953702 0.01050498588220798 -0.0029181983372545831 -0.00036722142157652557 0.0083564130962057726 0.0062100913949886174 0.024111111359524397 0.00059659264580054093 0.021724717162912605 -0.0044406893591693647 -0.0010126993301919436 0.0092820396978416982
leaf_weight=36836.658957004547 418813.03962779045 259982.78733801842 4040.6730937957764 4588.349956035614 6490.184886932373 162333.05689811707 12442.195847511292 6621.2749767303467 1464.4377946853638 6481.6687145233154 1702.2617034912109 70910.411691665649 80217.762405395508 4984.0525665283203
leaf_count=1253 7669 9480 72 91 73 1186 341 93 26 214 14 1656 1212 27
internal_value=4.37279e-05 -0.000389457 -0.00088065 0.000616763 -0.00806298 0.000401386 0.00293243 -0.00070535 1.32152e-05 0.007973 0.0050335 -0.00189579 -0.00224034 -0.000408451
internal_weight=1.07791e+06 659096 442896 216200 10530.9 211612 49278.9 432365 269631 9648.37 8183.93 162734 156112 85201.8
internal_count=23407 15738 12867 2871 145 2780 1594 12722 9734 254 228 2988 2895 1239
is_linear=0
shrinkage=0.03


Tree=434
num_leaves=15
num_cat=0
split_feature=17 5 18 5 18 16 5 5 5 5 5 0 5 5
split_gain=319.972 651.547 777.24 432.962 1006.25 1634.47 669.982 1039.64 725.834 1458.21 1547.97 659.013 611.251 736.13
threshold=4.041666666666667 2250.4095454545454 658.72727272727286 88.511250000000004 2.9112373737373738 0.89237189853735222 143.50350000000003 192.08000000000001 494.69750000000005 449.74454545454552 351.99500000000006 8.5000000000000018 28.74963346814965 68.03166666666668
decision_type=2 2 2 2 2 2 2 2 2 2 2 2 2 2
left_child=1 2 3 4 5 -1 -5 11 9 10 -9 -8 -6 -14
right_child=-2 -3 -4 6 12 -7 7 8 -10 -11 -12 -13 13 -15
leaf_value=-0.021870642323021598 -8.8112684733929794e-05 -0.017767932841592945 0.01850627558860643 0.0097540114031399242 -0.036386660210010892 0.031947922016555302 0.011975305114515576 0.0077014996858849423 -0.0013808361038355698 0.025352970475432435 -0.015139207144901553 -0.017541197870192173 3.0173610515036221e-05 -0.020947355855461761
leaf_weight=752.27299284934998 1019676.5740761757 1443.3780837059021 2593.6697483062744 10284.636104106903 654.56053447723389 1474.4987387657166 815.45397186279297 13798.047316074371 19006.928071022034 3183.2553806304932 3290.8048777580261 3759.5052514076233 4873.7109365463257 2158.4357783794403
leaf_count=75 21441 22 36 408 77 53 15 330 183 16 90 204 367 199
internal_value=4.48628e-05 0.00203569 0.00246979 0.00181485 -0.00394361 0.0137335 0.00287036 0.0012523 0.00283049 0.00677647 0.0032905 -0.0122509 -0.00908687 -0.00644978
internal_weight=1.08777e+06 68089.2 66645.8 64052.1 9913.48 2226.77 54138.6 43854 39279 20272.1 17088.9 4574.96 7686.71 7032.15
internal_count=23516 2075 2053 2017 771 128 1246 838 619 436 420 219 643 566
is_linear=0
shrinkage=0.03


Tree=435
num_leaves=15
num_cat=0
split_feature=4 5 5 20 1 5 5 22 4 19 20 4 6 4
split_gain=337.974 330.95 1469.75 1138.19 1282.47 994.206 1319.67 939.929 864.018 815.393 697.869 839.509 697.004 622.113
threshold=17.675000000000004 285.86375000000004 288.20066666666673 0.39988377552601978 97.500000000000014 173.92015151515153 68.03166666666668 0.28269230769230774 294.04000000000002 5.5000000000000009 0.39988377552601978 304.17500000000001 220.86181305526677 77.020000000000024
decision_type=2 2 2 2 2 2 2 2 2 2 2 2 2 2
left_child=-1 3 -3 4 7 6 -5 9 -4 -2 11 -10 13 -6
right_child=1 2 8 5 12 -7 -8 -9 10 -11 -12 -13 -14 -15
leaf_value=0.013658082239917189 -0.0065164314894089765 0.016629294536698199 -0.017668135847357953 0.019557785019438841 -0.013923116271915413 0.025218045281935261 -0.02799547911629412 -0.0042464021560322026 0.010697991418740881 0.0058181053617040734 -0.011750474606409777 0.00044444045484744545 -0.012223772553326942 -0.0013524560944706808
leaf_weight=1655.20174908638 5330.1807074546814 5048.0849103927612 2349.5800681114197 1137.1918716430664 3572.89075756073 2829.8458967208862 941.8621129989624 13414.144865989685 7239.1234097480774 49269.993346691132 4157.1832761764526 719151.03327608109 5578.7492246627808 257719.95317053795
leaf_count=99 320 91 117 30 390 37 66 622 215 1587 99 11177 154 8410
internal_value=0.000193519 0.000172587 0.000529314 -0.000602118 -0.000812707 0.0137093 -0.00204648 0.00286419 0.000417969 0.00461204 0.00047662 0.000546918 -0.00174994 -0.0015254
internal_weight=1.0794e+06 1.07774e+06 737945 339795 334886 4908.9 2079.05 68014.3 732897 54600.2 730547 726390 266872 261293
internal_count=23414 23315 11699 11616 11483 133 96 2529 11608 1907 11491 11392 8954 8800
is_linear=0
shrinkage=0.03


Tree=436
num_leaves=15
num_cat=0
split_feature=21 13 13 18 4 14 20 6 19 4 18 4 18 4
split_gain=369.363 602.813 998.517 1214.45 717.36 844.711 655.9 530.627 605.483 743.987 495.202 693.251 792.608 494.421
threshold=1.0000000180025095e-35 266.90500000000003 151.42500000000004 13.576122931442082 417.98000000000008 1310.9700000000003 0.045409406506514184 38.461305635487733 64.500000000000014 913.06000000000006 11.519151751514732 214.47000000000003 9.3510869565217405 775.48000000000013
decision_type=2 2 2 2 2 2 2 2 2 2 2 2 2 2
left_child=1 2 4 -4 10 6 -6 8 9 13 11 -1 -13 -3
right_child=-2 7 3 -5 5 -7 -8 -9 -10 -11 -12 12 -14 -15
leaf_value=0.011653292853890242 -0.00023780311818498532 -0.0086722544649967936 0.0050470519147087665 0.033948924328675641 0.0095212180058783132 -0.01105082985466216 -0.0077307787025846899 0.0011672533283453377 0.0064871099608575311 -0.024212063542478689 -0.019366185826310941 -0.031801378815258824 0.0058171760058814779 0.010969084975379828
leaf_weight=2019.8003113269806 957288.78652334213 5294.025710105896 3248.0489797592163 2180.8702754974365 16364.454403877258 2507.9464530944824 2241.3216490745544 73782.38977432251 2797.1594886779785 2274.4188709259033 1849.9608917236328 996.37047481536865 989.68858909606934 1454.864839553833
leaf_count=86 21550 163 90 17 324 42 73 624 30 51 122 63 39 23
internal_value=-4.25808e-05 0.00154094 0.00502496 0.0167393 0.00265622 0.0052325 0.00743691 0.00022146 -0.0056741 -0.00945 -0.006619 -0.000665213 -0.0131843 -0.00441825
internal_weight=1.07529e+06 118001 32398.5 5428.92 26969.5 21113.7 18605.8 85602.9 11820.5 9023.31 5855.82 4005.86 1986.06 6748.89
internal_count=23297 1747 856 107 749 439 397 891 267 237 310 188 102 186
is_linear=0
shrinkage=0.03


Tree=437
num_leaves=15
num_cat=0
split_feature=19 5 19 5 17 4 6 4 20 17 5 7 15 19
split_gain=232.503 574.433 438.31 816.769 535.151 527.452 1220.5 925.411 881.786 772.588 600.67 928.876 527.161 504.974
threshold=112.50000000000001 144.75500000000002 67.500000000000014 3192.063333333334 65.583333333333357 1485.6600000000003 39.59090867863484 2130.0650000000001 0.011249074658024589 18.809090909090912 388.54500000000007 20.851648351648354 236.99500000000003 43.500000000000007
decision_type=2 2 2 2 2 2 2 2 2 2 2 2 2 2
left_child=2 -2 3 4 13 6 8 -7 12 -8 11 -9 -4 -1
right_child=1 -3 5 -5 -6 7 9 10 -10 -11 -12 -13 -14 -15
leaf_value=0.00063750471630875515 0.0094246377660794096 -0.00065617973903155948 -0.0044633934821843319 -0.019227759411019344 0.016191858817795272 -0.0030694967856064034 -0.0038807135158510958 -0.011851992027434912 0.013921394586967603 0.0080364668825872992 0.0036465222193556557 0.0013027899128993576 -0.022050033249633498 -0.0013723208434786396
leaf_weight=422709.16287827492 5158.3685369491577 289514.85756778717 8617.7031779289246 1943.3756990432739 1846.6020278930664 40953.436332702637 5598.7973604202271 6046.9923725128174 2027.0432558059692 38405.899698734283 76384.32218503952 23697.634641647339 1850.7553300857544 153296.96235990524
leaf_count=13600 84 3038 244 47 29 744 134 63 38 841 650 317 79 3337
internal_value=0.000239237 -0.000479083 0.000509443 8.8932e-05 0.000154559 0.00170692 0.00417015 0.000760255 -0.0040994 0.00651915 0.00223839 -0.0013777 -0.00760871 0.000102585
internal_weight=1.07805e+06 294673 783379 579796 577853 203583 56500.2 147082 12495.5 44004.7 106129 29744.6 10468.5 576006
internal_count=23245 3122 20123 17013 16966 3110 1336 1774 361 975 1030 380 323 16937
is_linear=0
shrinkage=0.03


Tree=438
num_leaves=15
num_cat=0
split_feature=22 15 17 16 19 17 15 4 3 19 17 7 16 4
split_gain=351.745 1086.81 827.173 662.917 505.077 1156.15 714.242 1076.48 564.441 493.134 474.583 460.709 466.437 514.314
threshold=0.16575091575091577 36.475000000000009 82.125000000000014 0.83636239933578505 20.500000000000004 17.866071428571434 347.33500000000004 306.62000000000006 7.5000000000000009 13.500000000000002 12.877500000000003 4.021739130434784 -0.99906536334271601 17.675000000000004
decision_type=2 2 2 2 2 2 2 2 2 2 2 2 2 2
left_child=11 2 -2 4 5 6 7 9 -8 10 -3 -1 -13 -14
right_child=1 3 -4 -5 -6 -7 8 -9 -10 -11 -12 12 13 -15
leaf_value=0.0051953143828971319 -0.0024861699586235528 0.0044120192399212561 -0.026610503754930254 0.010400640417528665 0.0005726627697010512 0.023280946435535195 0.0081011301939488359 -0.009687817166602046 -0.0025080020172824724 -0.010774994026102951 0.02400619100457585 -0.011728084439908991 0.017805316490238695 -0.00065667254968902256
leaf_weight=12258.442440032959 68654.780362606049 8353.3878240585327 1283.7565622329712 6758.4740219116211 379010.81521749496 2577.176616191864 21433.281588554382 8478.8584246635437 5705.7064952850342 1618.2889332771301 1266.381236076355 3397.9093675613403 1341.4092156887054 553039.70623493195
leaf_count=229 2173 453 41 54 5995 74 360 327 34 105 42 120 78 13265
internal_value=-4.21971e-05 0.000534213 -0.00293646 0.00109207 0.000944756 0.00379627 0.00271509 -0.0016296 0.00587046 0.00445655 0.00703592 -0.000552986 -0.0006795 -0.00061136
internal_weight=1.07518e+06 505141 69938.5 435202 428444 49433.1 46855.9 19716.9 27139 11238.1 9619.77 570037 557779 554381
internal_count=23350 9658 2214 7444 7390 1395 1321 927 394 600 495 13692 13463 13343
is_linear=0
shrinkage=0.03


Tree=439
num_leaves=15
num_cat=0
split_feature=16 18 18 5 5 7 7 16 21 13 13 18 18 5
split_gain=298.437 294.262 428.572 676.901 510.669 382.064 402.557 359.331 281.472 771.486 1018.63 799.124 674.723 796.46
threshold=-0.99918340678092432 145.15053763440864 192.3978494623656 2250.4095454545454 796.00716666666688 23.881944444444446 72.071428571428584 0.37778630095893045 1.0000000180025095e-35 253.29000000000005 151.42500000000004 11.361818181818183 8.4040507364975472 960.5200000000001
decision_type=2 2 2 2 2 2 2 2 2 2 2 2 2 2
left_child=-1 8 -3 4 5 -4 -7 -8 9 10 12 -12 -2 -14
right_child=1 2 3 -5 -6 6 7 -9 -10 -11 11 -13 13 -15
leaf_value=0.0044649877034645576 0.011992715465301469 0.0061312829807777499 0.0041180046012600675 -0.0091924569991039973 0.0062227765614734547 -0.022757143284806342 0.0047973960191009203 -0.015191034465345882 -0.00039807904709777926 -0.000305737066972812 0.0062532719636755755 0.029924268079494488 -0.0038939557282907785 0.0093013166771245513
leaf_weight=12905.919417381287 5543.7100164890289 16345.384818077087 3473.0665998458862 5691.4873132705688 12686.911301612854 1338.9084038734436 1973.2724447250366 1344.4413285255432 910642.50550889969 82689.982459068298 2742.1494331359863 2415.7901411056519 13451.005265235901 5908.8061494827271
leaf_count=281 152 84 15 51 70 40 48 51 21033 900 77 23 456 81
internal_value=-6.60764e-05 -0.000121003 0.00231391 -4.28036e-05 0.00246523 -0.00339954 -0.00900001 -0.00334503 -0.000223006 0.0011908 0.00530479 0.0174127 0.00278509 0.000138815
internal_weight=1.07915e+06 1.06625e+06 42853.5 26508.1 20816.6 8129.69 4656.62 3317.71 1.02339e+06 112751 30061.5 5157.94 24903.5 19359.8
internal_count=23362 23081 359 275 224 154 139 99 22722 1689 789 100 689 537
is_linear=0
shrinkage=0.03


Tree=440
num_leaves=15
num_cat=0
split_feature=5 5 19 6 6 19 17 19 7 5 7 6 19 14
split_gain=257.043 970.038 736.298 732.122 712.419 703.265 1209.92 648.179 639.208 467.638 320.118 764.542 683.161 523.536
threshold=465.46500000000009 494.69750000000005 19.500000000000004 391.41849175475357 42.391447150458959 4.5000000000000009 1.0686274509803924 53.500000000000007 32.050000000000004 485.24000000000007 7.0340909090909101 218.44651908589162 38.500000000000007 6411.5600000000022
decision_type=2 2 2 2 2 2 2 2 2 2 2 2 2 2
left_child=3 2 -2 10 9 6 -3 -6 -5 -4 11 12 -1 -14
right_child=1 5 4 8 7 -7 -8 -9 -10 -11 -12 -13 13 -15
leaf_value=-0.00020273300201263401 0.019420521725659366 0.00040703445075357441 0.0011460770119960698 -0.00056880045889537217 0.0137388523820757 0.00018392760928820126 -0.027165372055961201 0.0031588054017748588 -0.017892355844819987 -0.01998995549779771 -0.00046172400028342086 -0.013062163911342514 0.016805437287333868 0.002167245289141488
leaf_weight=10091.571716308594 2881.0012731552124 3752.5640726089478 2035.3984155654907 3658.1292929649353 6350.0413551330566 360264.00565290451 2296.0077042579651 28774.08470249176 4010.5522842407227 1730.7030649185181 641698.74518418312 2291.813928604126 5611.5490751266479 3618.4931945800781
leaf_count=395 32 67 57 52 80 4062 75 308 98 65 17883 45 90 14
internal_value=-8.63413e-05 0.000507363 0.00483762 -0.00044743 0.00374789 1.3339e-05 -0.0101143 0.00507829 -0.00965162 -0.00862122 -0.000340731 0.00324863 0.00519482 0.0110839
internal_weight=1.07906e+06 408084 41771.2 670981 38890.2 366313 6048.57 35124.1 7668.68 3766.1 663312 21613.4 19321.6 9230.04
internal_count=23323 4746 542 18577 510 4204 142 388 150 122 18427 544 499 104
is_linear=0
shrinkage=0.03


Tree=441
num_leaves=15
num_cat=0
split_feature=17 5 18 7 18 17 18 20 5 18 7 5 19 18
split_gain=246.508 451.279 587.083 498.572 653.088 612.078 585.021 525.068 460.046 957.24 678.602 675.488 510.797 442.374
threshold=4.041666666666667 2250.4095454545454 658.72727272727286 205.50000000000003 145.15053763440864 2.8137931034482762 285.73181818181826 0.44823873831313293 88.511250000000004 2.9112373737373738 31.029411764705888 117.41000000000001 3.5000000000000004 1.0217391304347829
decision_type=2 2 2 2 2 2 2 2 2 2 2 2 2 2
left_child=1 2 3 6 5 7 8 -5 9 10 -1 -10 -11 -2
right_child=13 -3 -4 4 -6 -7 -8 -9 11 12 -12 -13 -14 -15
leaf_value=0.03761953468121676 0.013033607315719158 -0.015274696369173035 0.017193181576711125 -0.013856560157223054 0.02921346261772409 0.013335377565612807 -0.0094044710353565365 0.016855897281810011 0.013094669915797882 -0.0043306399530241299 -0.0006361792023161203 0.0013067325016366059 -0.022700361012752787 -0.00028000486259913349
leaf_weight=655.35289812088013 2231.1918320655823 1373.6129083633423 2186.1219711303711 1941.6300311088562 1171.5327062606812 3323.6182420253754 4871.1295204162598 654.21401786804199 4899.9116940498352 3646.8023910522461 1090.5265092849731 39566.345235347748 2166.645852804184 1005787.4523141384
leaf_count=14 45 21 31 189 22 179 99 18 191 284 78 746 185 21251
internal_value=-0.000132699 0.00162151 0.00197674 0.00145167 0.00894112 0.00484412 0.000515448 -0.0060466 0.0014475 -0.00538534 0.0139873 0.00261099 -0.0112313 -0.000250278
internal_weight=1.07557e+06 67547.4 66173.8 63987.7 7090.99 5919.46 56896.7 2595.84 52025.6 7559.33 1745.88 44466.3 5813.45 1.00802e+06
internal_count=23353 2057 2036 2005 408 386 1597 207 1498 561 92 937 469 21296
is_linear=0
shrinkage=0.03


Tree=442
num_leaves=15
num_cat=0
split_feature=5 5 20 19 18 20 5 18 19 20 5 4 7 18
split_gain=246.218 499.21 783.43 726.078 548.708 323.548 684.717 367.172 1109.06 540.292 854.853 1921.1 691.887 673.635
threshold=34.790000000000006 50.418125000000011 0.096953197786024084 4.5000000000000009 32.089682539682549 0.12145902899892923 1155.2500000000002 6.536474501108648 24.500000000000004 0.2003687955696882 173.92015151515153 383.59500000000008 74.071428571428584 14.104853479853482
decision_type=2 2 2 2 2 2 2 2 2 2 2 2 2 2
left_child=-1 2 3 4 -2 -3 7 8 -7 12 -11 -12 -9 -14
right_child=1 5 -4 -5 -6 6 -8 9 -10 10 11 -13 13 -15
leaf_value=-0.0079121630337018415 -0.027278148087153974 0.00015256035329691558 0.029974969362987117 0.026680239287416134 0.014560410207887311 -0.027491937321523961 -0.01612538787776898 0.00033967961910728807 0.00015722436508243661 -0.015292094403759414 0.029396038987064547 0.00075924353607073429 -0.022057199366937928 0.0071165366933069558
leaf_weight=3450.9985041618347 831.04600143432617 1046987.8195595741 1270.1764974594116 576.00876474380493 406.62981271743774 1830.5454163551331 3118.8563041687012 8086.5927081108093 4433.6295671463013 1808.7128629684448 2631.5166611671448 10297.782939434052 2939.7896451950073 927.3261194229126
leaf_count=278 96 22018 28 28 27 129 40 171 131 102 54 203 153 24
internal_value=6.52283e-05 9.07199e-05 0.0121048 -0.000600647 -0.0135194 5.62887e-05 -0.00273631 -0.0014602 -0.00798432 7.57571e-05 0.00391739 0.00662413 -0.00465932 -0.0150608
internal_weight=1.0896e+06 1.08615e+06 3083.86 1813.68 1237.68 1.08306e+06 36074.8 32955.9 6264.17 26691.7 14738 12929.3 11953.7 3867.12
internal_count=23482 23204 179 151 123 23025 1007 967 260 707 359 257 348 177
is_linear=0
shrinkage=0.03


Tree=443
num_leaves=15
num_cat=0
split_feature=18 7 6 4 4 17 7 6 6 12 15 17 18 0
split_gain=266.221 355.907 546.01 493.165 610.478 505.771 490.078 728.171 732.831 475.443 459.862 458.148 529.451 441.638
threshold=145.15053763440864 205.50000000000003 215.10376734147385 978.08500000000015 832.17500000000018 58.07500000000001 179.25000000000003 85.611872610830176 109.14244056563216 366.51500000000004 599.22000000000014 2.025641025641026 125.42857142857144 62.500000000000007
decision_type=2 2 2 2 2 2 2 2 2 2 2 2 2 2
left_child=1 6 3 4 5 9 11 13 -9 -3 -5 12 -1 -8
right_child=-2 2 -4 10 -6 -7 7 8 -10 -11 -12 -13 -14 -15
leaf_value=0.0026338558724545743 0.0023638046219485857 -0.0029036070715016348 -0.013074373751826211 0.018523923482562443 -0.019791839824287782 0.012995356546192537 -0.014282593932196113 0.029475830946866562 0.0068736298593728377 0.022987279540854846 -0.00021246303474071321 -1.5739100639655104e-05 0.017087309751611067 0.0025972263319766088
leaf_weight=14026.112562894821 46857.971406936646 39582.379657745361 3932.1058864593506 2002.3338360786438 1740.1385097503662 1973.2405333518982 1498.0407452583313 1724.6971597671509 5039.8921146392822 628.98111152648926 2825.9583969116211 940185.52942085266 2706.6254558563232 17206.686403274536
leaf_count=602 387 2523 124 47 72 64 66 35 118 15 70 18500 20 730
internal_value=0.000152544 5.23963e-05 -0.00234928 -0.00147926 -0.0024805 -0.00175736 0.000181243 0.00428675 0.0127062 -0.0024874 0.00760204 7.18836e-05 0.0049894 0.00123153
internal_weight=1.08193e+06 1.03507e+06 52685.1 48753 43924.7 42184.6 982388 25469.3 6764.59 40211.4 4828.29 956918 16732.7 18704.7
internal_count=23373 22986 2915 2791 2674 2602 20071 949 153 2538 117 19122 622 796
is_linear=0
shrinkage=0.03


Tree=444
num_leaves=15
num_cat=0
split_feature=19 8 22 22 16 5 7 19 5 5 5 19 8 19
split_gain=238.1 559.919 487.904 431.024 628.96 751.992 578.992 452.239 674.744 467.483 476.201 430.751 519.507 594.842
threshold=107.50000000000001 3.772312223858616 0.16204051012753193 0.13944444444444448 -0.64517695819411258 320.87583333333339 112.58333333333336 220.50000000000003 303.23750000000007 1078.4125000000001 921.78714285714295 67.500000000000014 0.87155378269836115 74.500000000000014
decision_type=2 2 2 2 2 2 2 2 2 2 2 2 2 2
left_child=11 3 -3 7 5 -5 -6 8 -2 10 -10 -1 -13 -14
right_child=1 2 -4 4 6 -7 -8 -9 9 -11 -12 12 13 -15
leaf_value=-5.6442032105234987e-05 -0.0064829639402680661 -0.023840917136211455 -0.0040393522520754772 -0.0074589443428921456 -0.0013889803857809429 0.012517038014008724 -0.012551180407771843 0.0038882949250627205 0.0013244461124222427 -0.0057510881546890893 0.012359713615186152 0.00046982196160864193 0.0094691839798102372 0.0023144892128112333
leaf_weight=580524.92345023155 12929.342675209045 1641.0855784416199 3470.2876009941101 2361.2039451599121 187326.48203849792 5902.6109733581543 4258.2527027130127 34675.402429580688 45467.831674575806 7721.1211280822754 3795.4279594421387 124530.93060064316 13193.97758769989 50260.107209682465
leaf_count=17076 245 56 81 76 1830 85 122 189 535 79 27 1903 207 811
internal_value=6.47837e-05 -0.00063768 -0.0104651 -0.000472005 -0.00128857 0.00680511 -0.00163836 0.00108824 -0.000301231 0.00110314 0.00217932 0.000347739 0.00159578 0.00380468
internal_weight=1.07806e+06 309549 5111.37 304438 199849 8263.81 191585 104589 69913.7 56984.4 49263.3 768510 187985 63454.1
internal_count=23322 3325 137 3188 2113 161 1952 1075 886 641 562 19997 2921 1018
is_linear=0
shrinkage=0.03


Tree=445
num_leaves=15
num_cat=0
split_feature=17 18 5 5 4 0 18 18 17 5 4 16 5 5
split_gain=295.476 591.936 760.538 312.33 320.707 332.69 304.663 419.863 300.654 903.927 237.337 455.723 442.746 251.894
threshold=63.166666666666679 4.6860439068100366 651.7075000000001 1390.0250000000003 2619.2950000000005 36.500000000000007 2.1935373831150593 2.3803847475094471 61.125000000000007 343.11187500000005 17.675000000000004 0.89237189853735222 34.790000000000006 50.418125000000011
decision_type=2 2 2 2 2 2 2 2 2 2 2 2 2 2
left_child=8 6 -3 4 5 -4 -2 -8 10 -10 11 -1 -12 -14
right_child=1 2 3 -5 -6 -7 7 -9 9 -11 12 -13 13 -15
leaf_value=-0.0053392225278485472 0.0066156941131165015 0.017256738260771173 0.012167421058673217 0.0066428049634468106 -0.0061186656795375431 -0.0029660460752667078 -0.015746901777527623 -0.0012731681027138605 0.008983257930854166 -0.021932384493161757 -0.01427606557847649 0.02703365327093844 0.0091762957897990292 -6.7230299557499904e-05
leaf_weight=737.34812569618225 3598.7384057044983 4100.2472686767578 2573.3642616271973 11070.854243278503 4923.3748664855957 2623.8718891143799 2018.1780300140381 15728.493091583252 1459.0126457214355 1994.2936844825745 1950.8117089271545 800.88899803161621 2640.2348358631134 1016147.3493835926
leaf_count=56 89 54 31 111 59 50 60 318 41 56 172 36 172 21916
internal_value=2.35472e-05 0.00235842 0.00546159 0.00316528 -0.000644355 0.00454507 -0.00132012 -0.00293502 -8.26571e-05 -0.00889409 -5.27182e-05 0.0116465 -7.05765e-05 -4.30956e-05
internal_weight=1.07237e+06 46637.1 25291.7 21191.5 10120.6 5197.24 21345.4 17746.7 1.02573e+06 3453.31 1.02228e+06 1538.24 1.02074e+06 1.01879e+06
internal_count=23221 772 305 251 140 81 467 378 22449 97 22352 92 22260 22088
is_linear=0
shrinkage=0.03


Tree=446
num_leaves=15
num_cat=0
split_feature=19 9 16 19 15 17 15 6 5 3 3 13 16 16
split_gain=247.452 319.352 200.77 456.522 721.004 229.763 225.07 223.644 656.318 1141.1 566.546 471.606 695.519 820.796
threshold=1052.5000000000002 15.500000000000002 -0.99918340678092432 76.500000000000014 1665.7050000000002 126.50000000000001 1790.9450000000004 391.41849175475357 597.18295454545466 8.5000000000000018 3.5000000000000004 859.99500000000012 0.99960940627443606 0.38877716599993589
decision_type=2 2 2 2 2 2 2 2 2 2 2 2 2 2
left_child=1 2 3 4 -1 7 -5 -4 9 10 -9 12 13 -10
right_child=-2 -3 5 6 -6 -7 -8 8 11 -11 -12 -13 -14 -15
leaf_value=0.0077819442577992471 0.0046347755789029107 -0.011819803026776026 0.00011968094493502738 0.0018425586069284001 -0.012580705269028065 -0.010031315889815522 0.013504779934613966 -0.0040998550153275642 0.0053161621162273274 0.0012149599095656928 -0.014826801071801359 -0.00084979843765865804 0.016844624037884025 -0.0097354770586076979
leaf_weight=3207.8705110549927 10084.505004882812 2062.0527496337891 869715.49996256828 2344.6380472183228 3018.6476192474365 2074.1072731018066 4097.0626554489136 8115.2204303741455 13383.431463241577 15099.80118560791 9796.2969264984131 136895.33180999756 3186.8907489776611 4289.3706111907959
leaf_count=68 20 5 21727 60 90 38 64 187 169 64 155 770 21 76
internal_value=-3.8076e-05 -8.19039e-05 -5.91737e-05 0.00369223 -0.00209864 -0.000103968 0.00927883 -8.43632e-05 -0.00101453 -0.00485986 -0.00997671 -0.000209352 0.00399048 0.0016561
internal_weight=1.08737e+06 1.07729e+06 1.07522e+06 12668.2 6226.52 1.06256e+06 6441.7 1.06048e+06 190766 33011.3 17911.5 157755 20859.7 17672.8
internal_count=23514 23494 23489 282 158 23207 124 23169 1442 406 342 1036 266 245
is_linear=0
shrinkage=0.03


Tree=447
num_leaves=15
num_cat=0
split_feature=17 5 18 6 1 18 17 17 14 13 15 17 18 6
split_gain=296.686 258.34 728.638 669.479 794.001 1819.04 1107.44 856.682 794.241 593.183 729.864 870.379 855.825 816.361
threshold=121.25000000000001 388.54500000000007 2.9112373737373738 225.72262669036974 90.500000000000014 16.09232954545455 20.839743589743595 22.029411764705888 1088.7650000000003 656.02500000000009 873.54500000000019 47.055555555555564 7.768418201516794 636.04564973870117
decision_type=2 2 2 2 2 2 2 2 2 2 2 2 2 2
left_child=1 -1 -3 4 5 8 -6 -8 -4 10 -5 12 -12 -14
right_child=-2 2 3 9 6 -7 7 -9 -10 -11 11 -13 13 -15
leaf_value=-0.00033699509537493314 -0.0098514719011145151 -0.012034066352039099 -0.00075654688438233752 -0.0073169052961591964 0.0064261888024717984 -0.012584051829814463 -0.0096317123407505933 0.0018849473035231416 0.0095254365177611794 0.00046287198578716263 -0.01878177414398232 0.01032666999813146 0.0016904709747781112 -0.011300448922584999
leaf_weight=567007.75751709938 2681.7208309173584 4057.8218307495117 27102.676113128662 21309.547534942627 57187.815429210663 10099.050051689148 6230.8874044418335 83020.169727802277 8987.8804779052734 250635.72807407379 2588.4675960540771 5782.5128078460693 22575.615296363831 5372.6836490631104
leaf_count=16611 58 106 679 455 892 246 152 1654 109 1801 58 73 356 99
internal_value=7.74766e-05 0.000102499 0.000596 0.000698795 0.00208615 -0.00134289 0.00316777 0.00107896 0.0018079 -0.000168216 -0.00291211 -0.00032509 -0.00234757 -0.000813153
internal_weight=1.07464e+06 1.07196e+06 504951 500893 192628 46189.6 146439 89251.1 36090.6 308265 57628.8 36319.3 30536.8 27948.3
internal_count=23349 23291 6680 6574 3732 1034 2698 1806 788 2842 1041 586 513 455
is_linear=0
shrinkage=0.03


Tree=448
num_leaves=15
num_cat=0
split_feature=20 5 10 3 20 7 7 15 8 7 18 19 18 19
split_gain=212.686 501.307 772.493 521.598 273.091 341.354 880.329 703.983 663.81 604.584 415.441 1360.98 1167.61 675.355
threshold=0.046578726550876241 921.78714285714295 3.5000000000000004 2.5000000000000004 0.0589313283388588 50.94444444444445 22.026315789473689 1895.5050000000001 3.3812751677852355 9.029411764705884 5.6733440304868887 24.500000000000004 6.350675675675677 47.500000000000007
decision_type=2 2 2 2 2 2 2 2 2 2 2 2 2 2
left_child=-1 4 3 -3 -2 6 9 10 -8 -6 11 -7 -12 -13
right_child=1 2 -4 -5 5 7 8 -9 -10 -11 12 13 -14 -15
leaf_value=9.4743185844488477e-05 -0.0032012178300007466 -0.0047170751573509476 -0.00048167266332819586 -0.024678677666207901 -0.0060951734189120801 -0.011785136414065756 -0.0036432721999651819 0.023445804221878551 -0.020133605209994954 0.0064084500836274726 -0.024685798898180084 0.027900724381101034 0.0012285759888188733 0.0071065521941497834
leaf_weight=955708.69027638435 27860.687759876251 2048.6944890022278 6533.4646759033203 2789.1594824790955 4595.2098336219788 2368.0790541172028 23520.115514755249 1333.7933235168457 2405.5434486865997 14158.001481056213 1629.751814365387 2253.7061405181885 30367.547168731689 3734.1695127487183
leaf_count=20633 525 44 18 50 88 138 429 11 110 176 81 49 922 91
internal_value=-5.77918e-05 -0.0012183 -0.00721963 -0.0162797 -0.000619707 0.000213608 -0.00160786 0.00216563 -0.00518769 0.00334138 0.00145099 0.00739897 -0.000105944 0.0149999
internal_weight=1.08131e+06 125598 11371.3 4837.85 114227 86365.9 44678.9 41687 25925.7 18753.2 40353.3 8355.95 31997.3 5987.88
internal_count=23365 2732 112 94 2620 2095 803 1292 539 264 1281 278 1003 140
is_linear=0
shrinkage=0.03


Tree=449
num_leaves=15
num_cat=0
split_feature=8 8 5 5 8 21 19 1 1 5 7 0 3 19
split_gain=305.245 366.407 346.442 425.481 390.57 366.24 398.715 296.48 600.426 258.614 258.114 333.544 547.245 312.522
threshold=2.0890239070136052 2.130032206119163 236.13175000000004 246.23000000000002 48.672727272727279 1.0000000180025095e-35 6.5000000000000009 390.00000000000006 342.50000000000006 335.06597222222229 82.100000000000009 258.50000000000006 2.5000000000000004 62.500000000000007
decision_type=2 2 2 2 2 2 2 2 2 2 2 2 2 2
left_child=7 -2 4 -4 5 -3 -7 8 -1 -10 11 13 -13 -5
right_child=1 2 3 10 -6 6 -8 -9 9 -11 -12 12 -14 -15
leaf_value=0.00024806811125222244 -0.013879694067744811 0.0083208337047599827 0.01281583192295564 -0.0028219825315315941 0.012709408168430199 0.0049557037677677744 -0.0067179261001820614 0.0019095443843768682 -0.0058290940422721605 -0.0015165565275277091 -0.0101217799941588 -0.0078575180911618636 0.01580251696431851 0.0013474682470714489
leaf_weight=830570.64951014519 2085.6329030990601 1831.272914648056 2199.5288352966309 31811.010109901428 1201.9785208702087 2933.8714482784271 24618.620386362076 83961.760570049286 18727.541828155518 37709.278721809387 2414.7624311447144 1282.6328163146973 2713.4665608406067 32887.269037246704
leaf_count=18050 53 52 50 700 50 103 1001 1591 585 409 90 64 86 520
internal_value=3.9011e-05 -0.00148959 -0.00123824 -0.00011897 -0.00391911 -0.0046075 -0.00547219 0.000205883 4.45795e-05 -0.00294915 -0.000522556 -0.000182274 0.00820702 -0.000702816
internal_weight=1.07695e+06 105980 103894 73308.7 30585.7 29383.8 27552.5 970969 887007 56436.8 71109.1 68694.4 3996.1 64698.3
internal_count=23404 2769 2716 1510 1206 1156 1104 20635 19044 994 1460 1370 150 1220
is_linear=0
shrinkage=0.03


Tree=450
num_leaves=15
num_cat=0
split_feature=2 8 15 2 6 6 0 8 18 18 18 18 20 8
split_gain=256.543 225.023 487.523 701.568 535.013 606.314 400.576 339.811 662.311 338.396 1110.45 624.491 473.984 481.246
threshold=140.00000000000003 0.87155378269836115 287.98000000000008 10.500000000000002 865.7223658265433 578.43010378887664 291.50000000000006 18.575000000000003 9.0040983606557408 59.937304075235112 39.643333333333338 30.871929824561409 0.28019059431740684 1.4220486111111115
decision_type=2 2 2 2 2 2 2 2 2 2 2 2 2 2
left_child=1 -1 3 4 5 9 7 -4 -9 10 11 12 13 -3
right_child=-2 2 6 -5 -6 -7 -8 8 -10 -11 -12 -13 -14 -15
leaf_value=-0.00019936946025540114 -0.010752521622843687 0.0014478191162462825 0.0015639519142652352 -0.019031345297476646 0.0077133672314932825 -0.017831634895744124 0.012451949983689981 0.0065310975430589663 -0.022791496628536394 -0.013561231589860921 0.016549924612162231 -0.019352137441772846 0.013789606540734913 -0.0031424920816056322
leaf_weight=767371.96875596046 1952.1561126708984 35713.384241580963 205104.9376001358 1873.1357054710388 6501.1127867698669 1905.8569140434265 2987.249767780304 1296.5267066955566 1452.7989206314087 1820.1928668022156 3267.9794836044312 1654.7475881576538 1924.2861175537109 48380.811198949814
leaf_count=17338 6 823 3247 26 41 39 98 39 53 53 57 42 50 1496
internal_value=5.77072e-05 7.74231e-05 0.000754087 -0.000937038 -0.000598326 -0.00117063 0.00158058 0.00142315 -0.00901625 -0.000824542 -0.000566691 -0.00120833 -0.000854882 -0.00119318
internal_weight=1.08321e+06 1.08125e+06 313883 103042 101168 94667.3 210842 207854 2749.33 92761.4 90941.2 87673.2 86018.5 84094.2
internal_count=23408 23402 6064 2627 2601 2560 3437 3339 92 2521 2468 2411 2369 2319
is_linear=0
shrinkage=0.03


Tree=451
num_leaves=15
num_cat=0
split_feature=1 18 1 20 18 18 17 1 1 1 14 17 18 5
split_gain=248.685 416.439 395.354 350.319 574.644 1375.9 830.771 791.188 691.31 942.047 796.244 688.78 555.9 543.823
threshold=313.00000000000006 2.3016393442622953 327.50000000000006 0.01630705548373516 48.516483516483525 19.602521008403368 5.9824561403508776 111.50000000000001 25.500000000000004 90.500000000000014 1399.365 13.483333333333336 2.244531864673486 347.54441176470596
decision_type=2 2 2 2 2 2 2 2 2 2 2 2 2 2
left_child=3 -2 -3 4 5 -1 -7 -8 -6 10 -10 -11 -5 -9
right_child=1 2 -4 12 8 6 7 13 9 11 -12 -13 -14 -15
leaf_value=0.00017035786409933695 0.0086011897797281401 -0.006891445822144484 -0.00075003264726425302 -0.013540370785181815 0.017421027827557861 0.0018913371242625851 -0.013589795618491402 -0.010600526191504841 -0.0027069677994934092 0.0010972356210543906 -0.029455238085191997 0.0087687682121132728 0.0013660191165890615 -0.0026297561252155259
leaf_weight=476355.66028404236 4091.950558423996 9880.0211455821991 200612.82360243797 2252.3346338272095 2692.6937670707703 15388.798176765442 10059.376530170441 9747.3270387649536 3259.7378873825073 41990.782241821289 1428.9005966186523 14043.338493347168 248551.28887033463 36573.745557785034
leaf_count=12504 193 275 3832 85 48 471 274 304 117 548 25 56 4189 437
internal_value=5.95305e-05 -0.00085431 -0.00103892 0.000286944 -0.000100292 -0.000413122 -0.00428483 -0.00597066 0.0026029 0.00194028 -0.0109492 0.00302233 0.00123108 -0.00431089
internal_weight=1.07693e+06 214585 210493 862344 611540 548125 71769.2 56380.4 63415.5 60722.8 4688.64 56034.1 250804 46321.1
internal_count=23358 4300 4107 19058 14784 13990 1486 1015 794 746 142 604 4274 741
is_linear=0
shrinkage=0.03


Tree=452
num_leaves=15
num_cat=0
split_feature=8 20 17 20 20 20 13 3 0 20 20 17 17 17
split_gain=211.645 468.177 1340.28 666.866 587.781 596.903 595.023 418.364 633.292 546.793 416.58 416.512 410.533 554.344
threshold=0.06859943977591039 0.28019059431740684 1.0686274509803924 0.21799143390732703 0.15856846176662934 0.0081691601693934714 8184.5500000000011 9.5000000000000018 4.5000000000000009 0.00086638196539627057 0.034243810233910883 1.5277777777777779 3.4529914529914536 7.9827586206896557
decision_type=2 2 2 2 2 2 2 2 2 2 2 2 2 2
left_child=1 3 -3 4 5 6 11 8 -2 -9 -11 -1 -13 -14
right_child=7 2 -4 -5 -6 -7 -8 9 -10 10 -12 12 13 -15
leaf_value=-0.0083367552354128519 0.0059279604490987516 0.014916262851261753 -0.021566401580371441 0.018025545785111459 -0.018262268620968081 0.0018478339523831824 -0.014879432632057195 -0.0057368336170850846 0.00052164176739947056 0.00040132907298454546 -0.0031603695835140115 0.0054846524243208081 -0.005900996870022864 -0.00061826714704558028
leaf_weight=6882.5967628955841 20186.64731502533 1286.0850477218628 2958.343043088913 1721.792405128479 1664.5518546104431 73982.113295555115 2828.9374809265137 18973.935175418854 558170.67057704926 135570.40367126465 37772.677715301514 8810.9623610973358 19732.272992372513 188426.15247941017
leaf_count=442 229 28 172 50 88 1444 13 196 11474 830 262 409 1079 6567
internal_value=4.1733e-05 -0.000622557 -0.0104938 -0.000484076 -0.000590676 -0.000491633 -0.00125526 0.000307479 0.000710539 -0.000904597 -0.000375065 -0.00108177 -0.000850887 -0.00111956
internal_weight=1.07897e+06 308294 4244.43 304049 302328 300663 226681 770674 578357 192317 173343 223852 216969 208158
internal_count=23283 10292 200 10092 10042 9954 8510 12991 11703 1288 1092 8497 8055 7646
is_linear=0
shrinkage=0.03


Tree=453
num_leaves=15
num_cat=0
split_feature=20 5 14 20 1 4 20 12 19 16 19 4 5 17
split_gain=369.918 945.498 802.543 703.953 728.524 672.203 460.072 426.979 354.146 450.534 638.382 409.134 530.838 725.693
threshold=0.15856846176662934 1155.2500000000002 514.24500000000023 0.22822117377314596 144.50000000000003 372.13000000000005 0.39988377552601978 321.39500000000004 112.50000000000001 0.1624210067263604 115.50000000000001 4537.7400000000007 1629.3950000000002 49.833333333333336
decision_type=2 2 2 2 2 2 2 2 2 2 2 2 2 2
left_child=8 2 3 -2 6 -6 -5 -4 11 10 -10 12 -1 -14
right_child=1 -3 7 4 5 -7 -8 -9 9 -11 -12 -13 13 -15
leaf_value=0.00046745109164674284 -0.017858271844408816 -0.018841631583594573 0.0078598534684763896 -0.0032030865655050607 0.011872876738753532 -0.0076136041611975513 -0.032522309040090069 -0.0036269241637666315 -0.011057049482511901 -0.001685181853088767 0.0010431919410764047 0.0025226021259026447 -0.017303343138403857 0.0022638793116734183
leaf_weight=660545.95665979385 3620.5439982414246 3073.4480333328247 8486.8872117996216 952.52338886260986 3424.0109806060791 2946.2136979103088 964.59640073776245 4413.9857425689697 4025.4852313995361 156657.4182767868 130784.26755952835 91288.524924278259 3543.0747480392456 3264.7185497283936
leaf_count=18808 208 48 122 47 123 112 59 54 65 1539 1461 530 75 41
internal_value=0.00020709 -0.00320218 -0.00125106 -0.00686153 -0.00202588 0.0028648 -0.0181385 0.00393016 0.000297671 -0.000591131 0.000680286 0.000639152 0.000381443 -0.00794062
internal_weight=1.07799e+06 27882.2 24808.8 11907.9 8287.34 6370.22 1917.12 12900.9 1.05011e+06 291467 134810 758642 667354 6807.79
internal_count=23292 773 725 549 341 235 106 176 22519 3065 1526 19454 18924 116
is_linear=0
shrinkage=0.03


Tree=454
num_leaves=15
num_cat=0
split_feature=17 15 3 18 7 16 17 3 12 15 15 7 16 17
split_gain=192.05 422.967 383.099 288.918 254.299 343.396 197.669 171.882 717.653 421.982 449.247 388.585 487.97 479.88
threshold=77.416666666666671 2018.3150000000003 4.5000000000000009 9.1938717067583067 104.10000000000001 -1.0000000180025095e-35 109.25000000000001 9.5000000000000018 5279.8700000000017 8106.045000000001 5328.5250000000005 29.055555555555561 0.99685579080912967 35.535714285714292
decision_type=2 2 2 2 2 2 2 2 2 2 2 2 2 2
left_child=7 2 3 4 6 -6 -2 8 9 10 11 -1 -13 -14
right_child=1 -3 -4 -5 5 -7 -8 -9 -10 -11 -12 12 13 -15
leaf_value=0.0015320309456134449 0.0098220307741033481 0.010677623402789323 -0.0091181264775958473 -0.0039371531732815624 0.0067985358073696621 -0.012402369458103465 0.00013164995678284947 -0.00073877962594667682 0.01138641500153344 -0.015484207896942095 0.0095812363226991555 0.00028069634674745994 -0.0024490860550383624 0.0012417146722516635
leaf_weight=142804.08121848106 7053.8257360458374 4766.6426753997803 2988.6835956573486 4652.3750286102295 1736.1530017852783 1585.025185585022 2588.2626962661743 221632.24403381348 5110.6990432739258 1534.4642562866211 4511.4313669204712 507335.25635290146 131868.63918066025 41725.687151908875
leaf_count=3162 109 36 39 68 45 42 48 1468 17 27 37 14321 3179 794
internal_value=6.58138e-05 0.00264411 0.000777066 0.00246433 0.00476428 -0.00238444 0.00722646 3.85073e-06 0.000201004 0.000131839 0.000161144 0.000109321 -0.000189085 -0.00156191
internal_weight=1.08189e+06 25371 20604.3 17615.6 12963.3 3321.18 9642.09 1.05652e+06 834890 829780 828245 823734 680930 173594
internal_count=23392 387 351 312 244 87 157 23005 21537 21520 21493 21456 18294 3973
is_linear=0
shrinkage=0.03


Tree=455
num_leaves=15
num_cat=0
split_feature=8 22 4 1 3 19 3 19 5 2 1 8 20 18
split_gain=197.782 689.779 582.238 706.055 714.283 809.829 872.447 448.805 1125.43 597.795 568.836 527.304 631.907 556.511
threshold=0.87155378269836115 0.097619047619047633 1119.8300000000002 342.50000000000006 13.500000000000002 27.500000000000004 9.5000000000000018 105.50000000000001 388.54500000000007 12.500000000000002 171.50000000000003 3.2764507377754257 0.096953197786024084 14.749045801526719
decision_type=2 2 2 2 2 2 2 2 2 2 2 2 2 2
left_child=-1 2 -2 4 5 -4 -7 8 9 10 -3 12 13 -12
right_child=1 7 3 -5 -6 6 -8 -9 -10 -11 11 -13 -14 -15
leaf_value=-0.00040436749828729905 0.00088186255406967943 -0.010647577700533312 -0.015019802457750909 0.0091612666435451524 0.0079153327820500798 -0.0022771989442213121 -0.015399650014666368 -0.00022295360814488153 0.0064222353205574748 -0.011212038632435622 0.0062146823273913267 -0.0036940070944687545 -0.0098769658899789461 -0.0020262959506603699
leaf_weight=758060.26197910309 65639.950756549835 3512.9832906723022 6115.7864847183228 3974.1969542503357 4318.8165664672852 48564.818984031677 5013.8897438049316 66697.080151081085 46842.537909030914 3797.8569059371948 31371.258304595947 12419.621193408966 3030.1165943145752 9628.8592915534973
leaf_count=17317 1970 116 125 102 20 778 66 763 535 48 779 454 92 222
internal_value=-0.000143029 0.000494113 -0.00113341 -0.00307879 -0.00384132 -0.00469427 -0.00351048 0.00172073 0.00289266 0.000298423 0.00103095 0.00176125 0.00330099 0.00427925
internal_weight=1.06899e+06 310928 133627 67987.5 64013.3 59694.5 53578.7 177300 110603 63760.7 59962.8 56449.9 44030.2 41000.1
internal_count=23387 6070 3061 1091 989 969 844 3009 2246 1711 1663 1547 1093 1001
is_linear=0
shrinkage=0.03


Tree=456
num_leaves=15
num_cat=0
split_feature=18 8 18 5 7 5 7 20 4 5 8 4 18 19
split_gain=336.431 295.029 443.376 389.383 446.379 358.68 415.667 252.746 291.772 524.586 599.404 563.641 493.758 476.641
threshold=658.72727272727286 0.95013812154696142 365.76315789473693 76.364545454545478 30.033333333333335 2250.4095454545454 2.2500000000000004 0.33919204124515134 294.04000000000002 166.23000000000005 1.2052777777777781 1584.9300000000001 3.8816526610644262 11.500000000000002
decision_type=2 2 2 2 2 2 2 2 2 2 2 2 2 2
left_child=1 2 -1 4 -3 6 -5 8 12 10 -10 -12 -8 -14
right_child=-2 3 -4 5 -6 -7 7 -9 9 -11 11 -13 13 -15
leaf_value=-0.00019079503900552204 -0.0089424742412670746 -0.00071081750619149495 -0.011856232316865441 -0.012861582653397076 -0.028824690544286845 0.0065846972779857096 0.016453379100448917 0.008965807248281301 0.0063177157887398284 0.0009777027945679969 -0.0051648944907345899 -0.025836417040727269 0.0089136017868400256 -0.0090448424105167326
leaf_weight=788812.96446108818 3725.8276357650757 1277.837327003479 2923.278254032135 1974.7521138191223 825.14447498321533 9920.7413239479065 2824.2880721092224 3418.276385307312 3814.520299911499 241137.02346515656 13438.226703643799 1284.7367534637451 2990.3805556297302 2363.3130955696106
leaf_count=17655 74 68 58 69 84 25 94 58 97 4324 518 33 125 127
internal_value=3.2668e-05 6.38824e-05 -0.000234165 0.000891041 -0.0119095 0.000986941 0.000783236 0.000883506 0.0007797 0.00060373 -0.00425675 -0.00700131 0.00635215 0.00098194
internal_weight=1.08073e+06 1.07701e+06 791736 285269 2102.98 283166 273246 271271 267852 259675 18537.5 14723 8177.98 5353.69
internal_count=23409 23335 17713 5622 152 5470 5445 5376 5318 4972 648 551 346 252
is_linear=0
shrinkage=0.03


Tree=457
num_leaves=15
num_cat=0
split_feature=20 1 5 19 18 20 20 5 1 19 10 2 20 19
split_gain=297.432 849.18 618.777 462.572 511.409 808.425 375.157 519.549 933.369 986.277 833.794 632.513 321.085 357.777
threshold=0.15856846176662934 58.500000000000007 1155.2500000000002 105.50000000000001 17.441052631578952 0.2003687955696882 0.019110503810401466 146.56250000000003 152.50000000000003 7.5000000000000009 7.5000000000000009 3.5000000000000004 0.020108705312892022 168.50000000000003
decision_type=2 2 2 2 2 2 2 2 2 2 2 2 2 2
left_child=6 -2 3 4 5 -3 -1 8 9 -8 -10 -11 13 -9
right_child=1 2 -4 -5 -6 -7 7 12 10 11 -12 -13 -14 -15
leaf_value=-0.00018530346229271086 -0.024408984242011225 -0.018324507379519107 -0.01562271979551416 0.016243012428348708 0.0039924501629566983 -0.00080190879474212264 0.037689803032949575 0.0099110015711127864 -0.0040414691875030762 -0.0056173942573707458 0.017050751890960458 0.020981244721011136 0.00059477257437810154 -0.0020828996123838117
leaf_weight=768913.11230683327 1552.409686088562 3149.4011859893799 2569.5823750495911 1430.0832672119141 9513.7555811405182 9398.9073970317841 1483.90305519104 6880.0787487030029 6827.965181350708 1544.436240196228 2218.1479454040527 1644.626088142395 251781.29833602905 3304.2118701934814
leaf_count=18113 75 140 42 18 153 332 30 98 261 65 10 24 3917 31
internal_value=7.38608e-05 -0.00299815 -0.00170504 -0.000170723 -0.00124842 -0.00522193 0.000155126 0.00110456 0.00679128 0.0176476 0.00115664 0.00814502 0.000806255 0.00602322
internal_weight=1.07221e+06 27614.1 26061.7 23492.1 22062.1 12548.3 1.0446e+06 275685 13719.1 4672.97 9046.11 3189.06 261966 10184.3
internal_count=23309 760 685 643 625 472 22549 4436 390 119 271 89 4046 129
is_linear=0
shrinkage=0.03


Tree=458
num_leaves=15
num_cat=0
split_feature=16 4 1 17 4 6 6 6 6 6 17 4 16 10
split_gain=274.318 565.936 573.18 556.663 598.225 311.527 239.455 945.135 478.137 287.718 503.357 450.363 842.267 691.496
threshold=-0.99877562014380605 1242.4950000000001 218.50000000000003 36.354166666666679 3513.0500000000006 95.160827818244357 561.09945193207454 506.76164072374951 490.62903886240423 636.04564973870117 20.690476190476193 8005.8150000000014 0.65412651504539621 1.5000000000000002
decision_type=2 2 2 2 2 2 2 2 2 2 2 2 2 2
left_child=1 2 -1 4 -3 -4 7 8 -2 10 -8 12 -11 -14
right_child=6 3 5 -5 -6 -7 9 -9 -10 11 -12 -13 13 -15
leaf_value=0.0022766079116611228 8.1049806079477882e-05 -0.00035946435073879731 -0.0084510284512330468 0.0084394829424176681 -0.020116552217684016 -0.024015982021407912 -0.0028023174244765181 -0.0075841279582207965 0.0082461920593486678 -0.0088815150873115135 0.0081466698552440323 0.0018452186007158107 0.00986037622509877 -0.0028772249150956215
leaf_weight=2209.2575521469116 904927.34393239021 6949.1032276153564 2358.7164087295532 4794.57603931427 1701.1149625778198 2317.4703521728516 5368.0092525482178 14466.578214645386 6480.9408798217773 11162.216404914856 12678.715590000153 91003.259889602661 6026.5077228546143 10474.290809631348
leaf_count=53 21971 175 76 89 54 92 51 154 49 141 107 287 55 97
internal_value=0.000125445 -0.00332476 -0.0103055 0.000260271 -0.00428225 -0.0162343 0.000191518 1.84532e-05 0.000139291 0.00136341 0.00489039 0.000826289 -0.0025246 0.00178117
internal_weight=1.08292e+06 20330.2 6885.44 13444.8 8650.22 4676.19 1.06259e+06 925875 911408 136713 18046.7 118666 27663 16500.8
internal_count=23451 539 221 318 229 168 22912 22174 22020 738 158 580 293 152
is_linear=0
shrinkage=0.03


Tree=459
num_leaves=15
num_cat=0
split_feature=12 10 2 5 12 8 6 19 5 5 7 4 8 19
split_gain=202.176 244.934 362.839 233.708 223.572 183.951 1133.34 771.484 423.967 1023.95 698.41 609.591 715.347 543.324
threshold=5279.8700000000017 8.5000000000000018 22.500000000000004 2250.4095454545454 1706.3000000000002 3.5563492063492066 524.58137510288714 76.500000000000014 353.88050000000004 383.28900000000004 9.029411764705884 1294.9400000000003 5.2984375000000012 34.500000000000007
decision_type=2 2 2 2 2 2 2 2 2 2 2 2 2 2
left_child=1 5 -3 -2 -4 -1 8 -8 10 -10 13 -12 -13 -7
right_child=3 2 4 -5 -6 6 7 -9 9 -11 11 12 -14 -15
leaf_value=3.2882404404714293e-05 -0.0043059326774356945 0.0071191904342236094 -0.0023373576222207523 0.00019586210032160762 0.0024284738809694107 -0.0015209991177891941 -0.032676569186869259 -0.005143509922296661 0.018290331526846518 -0.00048059958551691193 -0.0023709642199287455 -0.0060478954102903323 -0.029038097306014757 0.016851313231209909
leaf_weight=936883.70529484749 21074.966407775879 10263.213493347168 13495.112499237061 20427.319807052612 25698.750930786133 3357.7779660224915 1680.9907784461975 2004.030246257782 3262.3055896759033 12869.347830295563 16587.332440853119 3564.6118230819702 1841.9322695732117 2524.0095510482788
leaf_count=21540 48 63 76 37 70 144 60 38 56 287 710 82 84 57
internal_value=-3.85735e-05 4.38476e-05 0.00210352 -0.00209113 0.000787162 -5.9654e-05 -0.00187672 -0.0178118 -0.000534885 0.0033334 -0.00277425 -0.00522951 -0.0139585 0.00639337
internal_weight=1.07554e+06 1.03403e+06 49457.1 41502.3 39193.9 984576 47692.3 3685.02 44007.3 16131.7 27875.7 21993.9 5406.54 5881.79
internal_count=23352 23267 209 85 146 23058 1518 98 1420 343 1077 876 166 201
is_linear=0
shrinkage=0.03


Tree=460
num_leaves=15
num_cat=0
split_feature=19 15 15 22 19 8 8 4 7 19 15 15 12 16
split_gain=314.883 739.447 568.277 543.004 483.12 761.67 663.943 716.622 431.448 506.31 413.934 574 650.834 471.368
threshold=43.500000000000007 460.74500000000006 425.26000000000005 0.10948202054794522 46.500000000000007 1.6368092691622105 0.039180796873909712 1081.4350000000002 32.050000000000004 45.500000000000007 1539.2300000000002 1446.5050000000003 1331.1100000000004 -0.3347871712245285
decision_type=2 2 2 2 2 2 2 2 2 2 2 2 2 2
left_child=1 2 -1 -4 5 6 7 -2 -8 -10 11 12 -3 -12
right_child=4 10 3 -5 -6 -7 8 -9 9 -11 13 -13 -14 -15
leaf_value=0.00022777411418616858 -0.0049570683286890016 0.0030326290822993663 -0.023522709888355676 -0.0029133460362690583 -0.00015105880844871152 -0.019929376641594311 0.010868196612442758 -0.02970476414340039 0.0025196673761536726 -0.010886778737781759 0.0060919874952769871 0.017660323820202821 0.015745922420637826 -0.0020387332051617175
leaf_weight=327039.86865401268 3928.8682150840759 57756.773024559021 1706.4137644767761 3470.1345152854919 634376.25666761398 2572.8208341598511 2973.8761863708496 1424.2428302764893 7632.6128416061401 3772.3259725570679 8913.0322237014771 2807.5594081878662 3848.6732578277588 22765.729124069214
leaf_count=11991 145 1221 74 107 9183 90 32 39 150 99 104 27 16 132
internal_value=0.000109035 0.000741839 7.13885e-05 -0.00977147 -0.000303709 -0.00464127 -0.00262971 -0.0116275 0.000731578 -0.00192598 0.00305928 0.00443976 0.00383172 0.0002513
internal_weight=1.08499e+06 428308 332216 5176.55 656681 22304.7 19731.9 5353.11 14378.8 11404.9 96091.8 64413 61605.4 31678.8
internal_count=23410 13672 12172 181 9738 555 465 184 281 249 1500 1264 1237 236
is_linear=0
shrinkage=0.03


Tree=461
num_leaves=15
num_cat=0
split_feature=16 22 18 15 19 16 0 19 0 11 10 13 16 22
split_gain=222.173 336.927 188.43 242.58 372.751 953.846 234.361 245.409 252.436 229.121 451.966 785.768 510.182 810.213
threshold=-0.99955337329175131 0.49074074074074076 145.15053763440864 1372.0700000000004 16.500000000000004 0.99886146257949171 15.500000000000002 2.5000000000000004 109.50000000000001 5.5000000000000009 2.5000000000000004 3660.7900000000004 0.99677518179828783 0.24885321100917435
decision_type=2 2 2 2 2 2 2 2 2 2 2 2 2 2
left_child=1 -1 9 4 5 6 -4 8 -8 10 12 -12 -2 -14
right_child=2 -3 3 -5 -6 -7 7 -9 -10 -11 11 -13 13 -15
leaf_value=-0.0016478112187800435 0.00046181233438600351 0.014463172919032072 0.015816226198468189 -0.00012254280602391757 0.0098075315332069556 -0.015353263189995272 0.00026358730126896726 -0.0048748464760214405 0.013491725796505203 -0.00085449647420544862 0.0028404607750904557 -0.010810593282581524 -0.00048425745580995655 -0.0055727172261700606
leaf_weight=2281.9609355926514 491857.92365121841 2365.8066759109497 1646.7549982070923 21978.929821014404 7305.6836109161377 2457.4229125976562 2571.8654012680054 2255.8154039382935 2603.7500004768372 247427.3888168335 83720.759133338928 3955.6578216552734 171995.02315330505 33657.684700965881
leaf_count=55 14829 34 22 79 26 49 64 49 70 1850 1261 35 3940 984
internal_value=4.89722e-05 0.00657983 2.05727e-05 0.00201919 0.00451507 0.00115209 0.00564394 0.00335343 0.00694472 -5.84721e-05 0.000192386 0.00222225 -6.28223e-05 -0.00131751
internal_weight=1.07808e+06 4647.77 1.07343e+06 40820.2 18841.3 11535.6 9078.19 7431.43 5175.62 1.03261e+06 785187 87676.4 697511 205653
internal_count=23347 89 23258 359 280 254 205 183 134 22899 21049 1296 19753 4924
is_linear=0
shrinkage=0.03


Tree=462
num_leaves=15
num_cat=0
split_feature=7 17 18 14 18 14 9 17 18 19 18 5 18 14
split_gain=217.352 410.303 496.103 481.014 510.215 286.544 254.042 220.332 655.308 537.456 672.235 455.578 659.606 444.971
threshold=4.021739130434784 41.585714285714296 9.8811236724905811 2352.9850000000006 16.445113788487287 109.58500000000002 15.500000000000002 4.041666666666667 365.76315789473693 10.500000000000002 1.8013157894736844 2250.4095454545454 658.72727272727286 113.49500000000002
decision_type=2 2 2 2 2 2 2 2 2 2 2 2 2 2
left_child=1 2 5 4 -4 -1 7 11 9 10 -9 12 -2 -12
right_child=6 -3 3 -5 -6 -7 -8 8 -10 -11 13 -13 -14 -15
leaf_value=0.022006864527289369 0.0012655832781573941 -0.0092803986280380318 -0.00063624099310338354 0.0051034763115197562 -0.024498793230194819 0.0073458545703195127 -0.011051745986064581 0.024180119662944023 -0.016090873655644017 -0.00011109235270784396 -0.0004421446060627885 -0.013735189706831893 0.016919794911721731 -0.0075558669411168317
leaf_weight=1678.5058693885803 66264.558344364166 2170.8483228683472 2691.8545908927917 8050.4116115570068 1132.0165061950684 4214.2044172286987 1912.4328002929688 726.25936794281006 2333.697386264801 951425.50023388863 13465.305297374725 1713.3545627593994 2494.6958117485046 19183.694596290588
leaf_count=52 1997 53 80 17 56 118 5 29 29 19214 875 20 36 853
internal_value=-0.00012592 0.00297574 0.004482 0.000944887 -0.00779121 0.0115823 -0.000184342 -0.000164482 -0.000280189 -0.000242396 -0.00398315 0.00145588 0.0018383 -0.00462405
internal_weight=1.07946e+06 19937.8 17767 11874.3 3823.87 5892.71 1.05952e+06 1.05761e+06 987134 984801 33375.3 70472.6 68759.3 32649
internal_count=23434 376 323 153 136 170 23058 23053 21000 20971 1757 2053 2033 1728
is_linear=0
shrinkage=0.03


Tree=463
num_leaves=15
num_cat=0
split_feature=16 22 12 15 20 17 15 19 22 15 15 15 20 15
split_gain=234.096 891.64 916.43 648.602 512.936 522.066 456.465 750.348 466.411 448.603 693.506 741.112 654.678 441.88
threshold=0.26742886634536372 0.40370370370370373 636.0150000000001 523.245 0.024440830682836916 3.0306122448979598 61.039999999999999 22.500000000000004 0.41801075268817212 106.09500000000001 207.32000000000002 228.20000000000002 0.062601452060565319 10368.945000000002
decision_type=2 2 2 2 2 2 2 2 2 2 2 2 2 2
left_child=6 -2 4 -4 5 -3 7 -1 9 -8 -11 -12 -13 -10
right_child=1 2 3 -5 -6 -7 8 -9 13 10 11 12 -14 -15
leaf_value=-0.014383631829099248 0.00015938448090795912 0.009458087478073229 0.0051711872467523987 -0.0051034527931079201 0.00068013377183414844 -0.0075756025347491042 0.012468474389549211 0.0047567281667177403 0.0022022855851895153 -0.0066773908331598736 0.01408624563721662 0.00060430801135787397 -0.0046807100819789239 0.016758427578886344
leaf_weight=4534.2323706150055 547901.38539028168 1668.8955683708191 15663.773664474487 8521.7120571136475 9838.414824962616 41366.632102966309 2642.5480868816376 3083.547180891037 107303.53853964806 13019.477801322937 3491.6163530349731 296850.77859306335 22688.555277824402 1890.9560089111328
leaf_count=556 10895 87 233 79 275 1526 167 231 3059 822 129 4779 495 6
internal_value=0.000111369 -0.000265621 -0.00328672 0.00154971 -0.00549874 -0.00691096 0.000628595 -0.00664377 0.000752577 0.000202835 0.000105648 0.000379428 0.000228781 0.00245738
internal_weight=1.08047e+06 624961 77059.4 24185.5 52873.9 43035.5 455505 7617.78 447887 338693 336050 323031 319539 109194
internal_count=23339 13095 2200 312 1888 1613 10244 787 9457 6392 6225 5403 5274 3065
is_linear=0
shrinkage=0.03


Tree=464
num_leaves=15
num_cat=0
split_feature=7 18 12 18 7 18 18 4 18 4 17 4 1 12
split_gain=332.358 356.815 332.611 504.48 305.669 473.499 572.998 326.73 642.625 317.349 308.101 270.563 270.028 454.23
threshold=4.021739130434784 3.4198484533222366 5279.8700000000017 17.441052631578952 364.50000000000006 5.8873578302712177 10.720869565217393 392.63000000000005 21.226539589442819 167.81000000000003 24.975409836065577 465.41000000000003 222.50000000000003 1331.1100000000004
decision_type=2 2 2 2 2 2 2 2 2 2 2 2 2 2
left_child=1 -1 3 -3 12 9 11 8 -8 10 -6 -7 13 -2
right_child=4 2 -4 -5 5 6 7 -9 -10 -11 -12 -13 -14 -15
leaf_value=0.015310709009860162 4.9804526467743186e-05 0.0021306681245550413 0.0091396728485201098 -0.016314026241344325 -0.012749922110227447 0.013022888990079275 -0.046997789968226851 0.011141963369265342 0.0085343764819311371 -0.024612287523903542 0.026124301320003162 0.034356965596147197 -0.00065446517975813038 0.0031893498593561823
leaf_weight=2174.6536054611206 507374.88228988647 9931.1454582214355 4671.6466674804688 1521.2907176017761 384.98753952980042 1312.9461574554443 313.08797407150269 849.42986297607422 417.65849137306213 576.94009494781494 316.58402156829834 934.84258079528809 502600.34917068481 45147.005693435669
leaf_count=56 12933 255 7 56 62 127 61 44 43 71 23 23 9448 230
internal_value=-4.65573e-05 0.00395987 0.00241191 -0.000343612 -0.000115778 0.007192 0.0124565 -0.00139491 -0.0158765 -0.00851944 0.00502994 0.0221204 -0.000151282 0.000306445
internal_weight=1.07853e+06 18298.7 16124.1 11452.4 1.06023e+06 5106.48 3827.97 1580.18 730.746 1278.51 701.572 2247.79 1.05512e+06 552522
internal_count=23439 374 318 311 23065 454 298 148 104 156 85 150 22611 13163
is_linear=0
shrinkage=0.03


Tree=465
num_leaves=15
num_cat=0
split_feature=18 6 6 0 16 5 16 6 18 5 5 18 7 18
split_gain=329.394 317.39 489.137 321.507 1095.13 563.422 728.615 854.121 677.953 500.622 501.719 373.326 338.027 647.106
threshold=658.72727272727286 3170.263322026673 1437.9683169872164 7.5000000000000009 0.99982985934427715 201.65968750000005 0.99453939809514369 130.17673181252121 3.2291505791505797 1304.0180000000003 1078.4125000000001 3.7475490196078436 34.732142857142868 28.29893617021277
decision_type=2 2 2 2 2 2 2 2 2 2 2 2 2 2
left_child=1 2 3 5 9 6 7 11 -8 10 -5 -1 -12 -14
right_child=-2 -3 -4 4 -6 -7 8 -9 -10 -11 12 -13 13 -15
leaf_value=0.004026691033026491 -0.0088434496627505261 0.0038133423072984579 -0.0040600580785401311 -4.9356849034511221e-05 -0.017623849712720331 0.00060807402866579945 0.022941833632208697 0.013645407727473203 0.0062822536972355122 0.0038745243169341199 -0.014635682717462843 -0.0060101393721759553 -0.0076978603633815852 0.0067817654622681972
leaf_weight=5552.0848965644836 3662.9992523193359 20781.080780029297 25156.717231750488 782866.69670581818 3171.7472801208496 167142.59392738342 3226.7083959579468 4050.1167774200439 6883.2560129165649 28695.584656238556 2901.5942454338074 8293.5844578742981 9217.3045225143433 3954.5535154342651
leaf_count=109 72 34 100 20175 30 1772 50 33 164 302 34 235 139 40
internal_value=0.00011296 0.000143732 7.11104e-05 0.000172485 -8.49093e-05 0.00126819 0.00520461 0.00156341 0.0116341 -1.72706e-05 -0.000157146 -0.00198539 -0.00540049 -0.00334699
internal_weight=1.07556e+06 1.07189e+06 1.05111e+06 1.02596e+06 830807 195148 28005.8 17895.8 10110 827636 798940 13845.7 16073.5 13171.9
internal_count=23289 23217 23183 23083 20720 2363 591 377 214 20690 20388 344 213 179
is_linear=0
shrinkage=0.03


Tree=466
num_leaves=15
num_cat=0
split_feature=18 17 17 13 19 17 5 6 6 5 1 16 11 17
split_gain=311.133 823.139 1075.45 637.514 394.837 360.357 710.278 385.969 338.611 552.584 966.276 686.9 721.277 1169.89
threshold=1.8013157894736844 3.8452380952380958 12.411538461538465 382.94500000000005 20.500000000000004 31.031250000000004 134.86750000000004 82.091207535150872 398.44090674655075 1304.0180000000003 119.50000000000001 -0.35657154195641522 10.500000000000002 18.43650793650794
decision_type=2 2 2 2 2 2 2 2 2 2 2 2 2 2
left_child=1 -1 -3 4 -4 6 -6 -7 -2 10 -10 -12 13 -13
right_child=8 2 3 -5 5 7 -8 -9 9 -11 11 12 -14 -15
leaf_value=-0.032503033039743619 0.00051403379273205405 0.015239568914338676 0.0092651379961534372 0.015728050810056543 -0.010549531055897813 -0.0036928199166059634 -0.045310555334255688 -0.02509505108651917 -0.011815350798054979 0.0012609287796388688 0.0041331762891949437 -0.0093486665326120641 0.0010762324755211313 -0.0010838036068892929
leaf_weight=847.37476253509521 876678.37830114365 2525.5272769927979 979.02696013450623 1044.9544048309326 2051.0753288269043 5479.3477754592896 702.06144571304321 862.27857303619385 8455.1571464538574 71673.156358242035 17631.709339141846 24493.238807678223 37085.62512588501 41542.352031707764
leaf_count=84 21297 69 46 16 123 253 55 35 140 284 236 236 108 486
internal_value=0.000200708 -0.00416277 -0.0023577 -0.00637496 -0.00869432 -0.0106437 -0.0196766 -0.00667265 0.000259467 -0.000851446 -0.00202322 -0.00133573 -0.00227142 -0.00415122
internal_weight=1.09205e+06 14491.6 13644.3 11118.7 10073.8 9094.76 2753.14 6341.63 1.07756e+06 200881 129208 120753 103121 66035.6
internal_count=23468 681 597 528 512 466 178 288 22787 1490 1206 1066 830 722
is_linear=0
shrinkage=0.03


Tree=467
num_leaves=15
num_cat=0
split_feature=1 1 16 19 2 0 1 16 16 19 19 5 13 10
split_gain=327.076 896.762 634.88 514.227 511.698 456.548 427.423 489.641 907.784 679.713 1043.51 400.109 399.079 315.504
threshold=190.50000000000003 186.50000000000003 0.89237189853735222 23.500000000000004 26.500000000000004 11.500000000000002 203.50000000000003 0.65412651504539621 0.38877716599993589 31.500000000000004 22.500000000000004 896.42000000000019 630.77500000000009 8.5000000000000018
decision_type=2 2 2 2 2 2 2 2 2 2 2 2 2 2
left_child=1 4 6 -4 13 -3 -2 8 -8 10 -9 -11 -5 -1
right_child=2 5 3 12 -6 -7 7 9 -10 11 -12 -13 -14 -15
leaf_value=0.00018707501086553488 -0.004079643628698745 0.00092919133714107038 0.0079009619529601116 -0.02109153763871081 -0.016886691794070957 0.0078874626804141448 0.00010991661820851999 0.0012309438954496025 -0.0031606082640827904 0.0022289080154842818 0.020537948322579224 -0.00721453915724254 -0.0058598953717441567 0.0091627317164397239
leaf_weight=398793.86611795425 26572.55183506012 13951.832880020142 1315.6486186981201 2776.3885197639465 1551.3176536560059 21667.478033065796 468685.1249666214 5766.5502090454102 91233.157827377319 25385.29185962677 4458.132303237915 4781.187894821167 3517.6700525283813 3536.0860595703125
leaf_count=10509 739 79 52 138 9 378 9709 59 1201 294 34 24 55 18
internal_value=-2.67796e-05 0.000602245 -0.000462498 -0.00906425 0.000199695 0.00516401 -0.000357796 -0.000192919 -0.000423077 0.00299626 0.00967278 0.000728396 -0.0126243 0.000266414
internal_weight=1.07399e+06 439501 634492 7609.71 403881 35619.3 626882 600309 559918 40391.2 10224.7 30166.5 6294.06 402330
internal_count=23298 10993 12305 245 10536 457 12060 11321 10910 411 93 318 193 10527
is_linear=0
shrinkage=0.03


Tree=468
num_leaves=15
num_cat=0
split_feature=16 22 0 18 22 5 5 15 19 16 19 18 16 16
split_gain=303.209 751.981 587.206 423.394 808.495 733.519 732.056 555.988 733.392 532.68 502.625 449.071 549.828 509.193
threshold=-0.3007653743635566 0.63397129186602885 16.500000000000004 12.562843654227512 0.49074074074074076 453.17000000000002 651.7075000000001 1281.1900000000003 76.500000000000014 -0.99796040636055061 37.500000000000007 72.239726027397282 -0.99918340678092432 -0.99849295448556741
decision_type=2 2 2 2 2 2 2 2 2 2 2 2 2 2
left_child=2 -2 -1 -4 5 -5 9 -8 10 -7 -9 12 -6 -14
right_child=1 -3 3 4 11 6 7 8 -10 -11 -12 -13 13 -15
leaf_value=0.0061995030460928937 -0.00012706436967216991 -0.0040028737983435151 -0.0007610961184397804 -0.0046924730886241262 0.020754113431057743 -0.00072771485352473805 0.011122777726152739 -0.003297288104623714 0.0026307207311832867 0.015889691971946375 -0.025733535609378407 -0.0079672198197995783 -0.0079451286654377284 0.0081436094914830032
leaf_weight=17781.907520771027 857059.04041862488 47532.871563911438 97542.088735818863 17480.737471818924 2730.3299179077148 2526.5108976364136 2524.7511653900146 1715.0475854873657 4966.4080677032471 5517.7844047546387 1883.4318494796753 1641.3728415966034 1984.1955518722534 15387.700712680817
leaf_count=186 16090 1773 3810 688 32 72 52 35 45 58 46 46 57 442
internal_value=-0.000110369 -0.000330807 0.00103765 0.000448172 0.00246895 -0.00025281 0.00380392 -0.0011954 -0.00484399 0.0106817 -0.0151177 0.00704823 0.00828096 0.00629895
internal_weight=1.07827e+06 904592 173682 155900 58358.3 36614.7 19133.9 11089.6 8564.89 8044.3 3598.48 21743.6 20102.2 17371.9
internal_count=23432 17863 5569 5383 1573 996 308 178 126 130 81 577 531 499
is_linear=0
shrinkage=0.03


Tree=469
num_leaves=15
num_cat=0
split_feature=16 4 19 4 22 20 19 20 4 20 5 1 5 4
split_gain=189.211 689.746 695.84 643.735 453.736 881.639 446.128 437.384 788.47 357.682 385.608 342.89 680.563 395.949
threshold=-0.99729272418387582 477.31000000000012 34.500000000000007 423.37500000000006 0.65686274509803932 0.0044181196696105171 5.5000000000000009 0.0044181196696105171 1215.6750000000002 0.0022256449736193702 437.15833333333342 340.50000000000006 637.67714285714294 1971.2450000000001
decision_type=2 2 2 2 2 2 2 2 2 2 2 2 2 2
left_child=1 3 6 4 5 -1 -3 -8 -9 10 -5 13 -13 -4
right_child=-2 2 11 9 -6 -7 7 8 -10 -11 -12 12 -14 -15
leaf_value=-0.023654890117298651 5.570038332883904e-05 -0.010826024625299687 -0.0050511387688638859 -0.035949928657566327 0.0095119894758041168 0.01424457173084607 0.0096418859214002159 -0.012460593335104528 0.012933396206661773 -0.0049934709594158834 -0.010086151205963123 -0.0037544388451836593 0.01443503343715115 -0.021976007405158059
leaf_weight=1586.0833516120911 1029063.5793378353 1524.3227043151855 11440.189434051514 1448.8315858840942 1686.8948736190796 825.69671535491943 9949.1672315597534 2564.1188411712646 1896.8842611312866 990.22060251235962 833.67552280426025 8054.6910853385925 2381.989764213562 1379.6997470855713
leaf_count=106 21816 44 374 98 64 29 266 97 32 36 33 265 42 42
internal_value=-2.89529e-05 -0.00189907 -0.000313562 -0.010305 -0.00235735 -0.0106692 0.00451251 0.0061478 -0.00165316 -0.0201836 -0.026673 -0.00362124 0.000416659 -0.00690402
internal_weight=1.07563e+06 46562.5 39191.1 7371.4 4098.67 2411.78 15934.5 14410.2 4461 3272.73 2282.51 23256.6 10436.7 12819.9
internal_count=23344 1528 1162 366 199 135 439 395 129 167 131 723 307 416
is_linear=0
shrinkage=0.03


Tree=470
num_leaves=15
num_cat=0
split_feature=1 1 14 1 4 6 17 17 20 8 4 17 17 17
split_gain=198.864 432.222 642.909 431.546 390.97 507.869 360.171 340.892 423.443 356.767 405.541 444.464 526.992 393.403
threshold=220.50000000000003 217.50000000000003 1017.0100000000001 236.50000000000003 114.07500000000002 11.942119384890351 5.9824561403508776 3.0306122448979598 0.087241518295437762 0.88320715311317077 155.83000000000004 4.3484848484848486 18.809090909090912 83.663636363636371
decision_type=2 2 2 2 2 2 2 2 2 2 2 2 2 2
left_child=1 -1 -3 -2 5 6 -5 8 -6 10 11 -9 -13 -11
right_child=3 2 -4 4 7 -7 -8 9 -10 13 -12 12 -14 -15
leaf_value=0.00013147849158017625 -0.0037424025874686698 0.0099314283307852646 0.00050100719192412474 -0.0080158595298175685 0.0057760509372259622 0.021674316539643614 -0.032923992080427504 0.032317035252496684 -0.0050591522609963521 0.00063068965689874019 -0.0010678193694026534 -0.0084405934233650389 0.018855313031674009 0.01371158637955317
leaf_weight=529060.38093280792 34312.820633411407 10244.647923469543 17775.516178131104 1520.1861689090729 16201.436732769012 339.37314867973328 791.44315385818481 609.03287124633789 4041.6809237003326 152986.1126947403 304480.84770894051 1371.1866416931152 1155.0996208190918 2077.6590881347656
leaf_count=12973 892 256 113 182 300 20 130 19 73 3057 5165 133 69 25
internal_value=-6.99536e-05 0.000323857 0.00395355 -0.000491935 -0.000262097 -0.0117082 -0.016753 -0.000198782 0.00360987 -0.000365566 -0.000957004 0.0097432 0.00409005 0.000807703
internal_weight=1.07697e+06 557081 28020.2 519887 485574 2651 2311.63 482923 20243.1 462680 307616 3135.32 2526.29 155064
internal_count=23407 13342 369 10065 9173 332 312 8841 373 8468 5386 221 202 3082
is_linear=0
shrinkage=0.03


Tree=471
num_leaves=15
num_cat=0
split_feature=13 14 5 18 18 5 5 18 5 17 17 7 7 18
split_gain=336.303 697.468 501.546 647.191 877.159 805.654 635.647 617.073 1290.86 954.653 571.117 915.54 773.677 784.137
threshold=54.140000000000008 3761.2500000000005 285.86375000000004 7.8426212590299285 7.6269297892334551 282.49125000000004 274.08900000000006 37.806055646481191 288.20066666666673 15.839743589743593 13.483333333333336 89.083333333333357 140.25000000000003 9.4345565749235494
decision_type=2 2 2 2 2 2 2 2 2 2 2 2 2 2
left_child=1 2 3 4 -1 6 10 8 -4 -9 11 -5 13 -12
right_child=-2 -3 7 5 -6 -7 -8 9 -10 -11 12 -13 -14 -15
leaf_value=0.00084634868980305953 -0.00039404297168974174 -0.018689470283237357 0.029672462970205447 -0.0077676004501312478 0.02083725342135654 -0.029530664043129366 0.014289887005002451 0.0037425941898551742 0.0011220883740834518 0.021259692990279501 -0.021619393031359194 0.0018914415551482928 -0.023772936334479498 0.0031856588060223635
leaf_weight=58113.231681108475 822494.42027330399 1613.0851421356201 1421.5449314117432 14060.278238296509 2025.0156960487366 998.22881984710693 1914.3812208175659 12510.938066005707 126628.70575237274 3592.0940437316895 1598.1811938285828 23678.257549285889 2633.5376873016357 3925.1141710281372
leaf_count=2928 13788 31 28 642 53 54 57 298 3614 55 78 1397 201 129
internal_value=-9.90601e-05 0.000853427 0.000979447 -0.00055667 0.0015262 -0.00312263 -0.00255913 0.00214031 0.00144362 0.00767165 -0.00326786 -0.00170944 -0.0104562 -0.00404386
internal_weight=1.07721e+06 254713 253100 108946 60138.2 48808 47809.8 144153 128050 16103 45895.4 37738.5 8156.83 5523.3
internal_count=23353 9565 9534 5539 2981 2558 2504 3995 3642 353 2447 2039 408 207
is_linear=0
shrinkage=0.03


Tree=472
num_leaves=15
num_cat=0
split_feature=5 13 5 18 18 18 18 7 14 17 17 7 17 18
split_gain=370.562 726.92 699.45 696.525 672.867 584.733 554.146 693.621 667.606 546.554 523.075 579.752 517.122 573.065
threshold=144.75500000000002 662.25500000000011 166.23000000000005 4.214737793851719 12.294696618805004 9.6672885572139311 3.9506903353057203 118.12500000000001 113.49500000000002 13.255434782608697 18.809090909090912 231.50000000000003 9.5131578947368443 16.09232954545455
decision_type=2 2 2 2 2 2 2 2 2 2 2 2 2 2
left_child=1 3 4 6 5 -2 7 -1 10 12 11 -9 13 -5
right_child=2 -3 -4 9 -6 -7 -8 8 -10 -11 -12 -13 -14 -15
leaf_value=0.0070209665342543786 -0.0040954480581645259 0.014448259881628954 -8.3337338149485231e-06 -0.0033196477650383376 -0.013620622570671294 0.0092125881843276788 0.019654646673804035 0.00026030601784703361 -0.01851185674339335 -0.010633229641635746 0.011696886342987231 -0.031503196255366656 0.0080965814887163992 0.0044822435923808409
leaf_weight=18319.230429649353 23981.541632652283 3951.3570556640625 963225.45576238632 28995.183435678482 5882.6148071289062 3372.214503288269 2157.2917914390564 2288.9545078277588 2009.5704231262207 4576.6119186878204 2496.1183524131775 647.99526071548462 6430.8785712718964 11948.923109769821
leaf_count=693 908 32 18086 1632 289 112 58 157 128 245 140 101 246 595
internal_value=5.14565e-06 0.00192063 -0.00015602 0.0012974 -0.00443353 -0.00244928 0.00511718 0.00388551 -0.00383019 -0.000756554 0.00164821 -0.00691353 0.000201656 -0.00104171
internal_weight=1.08028e+06 83822.1 996462 79870.8 33236.4 27353.8 27919.2 25761.9 7442.64 51951.6 5433.07 2936.95 47375 40944.1
internal_count=23422 4027 19395 3995 1309 1020 1277 1219 526 2718 398 258 2473 2227
is_linear=0
shrinkage=0.03


Tree=473
num_leaves=15
num_cat=0
split_feature=16 6 19 17 19 6 9 9 19 16 17 17 19 7
split_gain=202.244 304.435 760.786 792.979 371.087 200.067 330.848 270.996 436.253 336.809 310.071 251.272 319.044 369.738
threshold=0.99966494366289549 1858.9514663343257 88.500000000000014 12.267857142857144 139.50000000000003 1213.5252770697982 2.5000000000000004 3.5000000000000004 345.50000000000006 0.75506276097377711 47.055555555555564 63.166666666666679 66.500000000000014 125.12500000000001
decision_type=2 2 2 2 2 2 2 2 2 2 2 2 2 2
left_child=5 2 3 -2 -4 7 -7 8 11 -9 -10 -1 -13 -14
right_child=1 -3 4 -5 -6 6 -8 9 10 -11 -12 12 13 -15
leaf_value=5.4771907517620949e-05 -0.0021160018747523514 0.0034273337415468793 0.0055909152175045752 -0.020412776734057583 -0.0037739854672359419 0.00039022576589503388 -0.0043336900576047277 0.0011300492529666879 -0.010444990789900339 0.0072096134397630707 -0.00071961562868864634 0.012985739552026176 0.003253320298752335 -0.0050501465611365193
leaf_weight=889826.02569675446 4342.7425689697266 6440.507791519165 6360.8076667785645 4177.2695846557617 9425.0001754760742 30585.099405288696 23645.791404724121 43764.03023147583 5962.9534606933594 10075.777907371521 5827.4126968383789 2458.9835367202759 28238.22732257843 5801.8580532073975
leaf_count=21906 38 25 50 61 90 135 44 184 70 69 60 48 458 164
internal_value=3.31227e-05 -0.00236421 -0.00390039 -0.0111135 1.8513e-06 0.000103622 -0.00167034 0.000200637 8.18241e-05 0.00227006 -0.00564756 0.000154869 0.0025938 0.00183593
internal_weight=1.07693e+06 30746.3 24305.8 8520.01 15785.8 1.04619e+06 54230.9 991955 938115 53839.8 11790.4 926325 36499.1 34040.1
internal_count=23402 264 239 99 140 23138 179 22959 22706 253 130 22576 670 622
is_linear=0
shrinkage=0.03


Tree=474
num_leaves=15
num_cat=0
split_feature=18 7 6 16 6 8 7 6 17 6 7 2 18 17
split_gain=214.071 324.186 618.158 665.715 473.259 374.669 357.924 290.013 942.493 225.92 239.028 751.087 582.145 283.503
threshold=145.15053763440864 120.12500000000001 302.23865148256601 0.3375012411310237 134.47670532545916 1.0000000180025095e-35 71.90000000000002 1213.5252770697982 21.981481481481485 1071.7076944637413 7.0340909090909101 71.500000000000014 18.96997200594874 4.041666666666667
decision_type=2 2 2 2 2 2 2 2 2 2 2 2 2 2
left_child=7 2 4 -4 6 -3 -2 9 -9 10 12 -12 -1 -14
right_child=1 5 3 -5 -6 -7 -8 8 -10 -11 11 -13 13 -15
leaf_value=0.0033033479797460697 -0.011251830324686816 0.016505362910626837 -0.0025874380444950249 0.0064947902597694146 -0.020648062047948921 0.00022861669111621383 0.0071271154299891691 -0.0095750844383955154 0.00048357270980626795 0.0047549661680055984 -6.0928009377562078e-05 -0.017217140577442971 -0.00098459821746738757 -0.02168069045677232
leaf_weight=35293.243329048157 1868.3436608314514 2811.7900004386902 12164.909338951111 17975.611864089966 1790.1085186004639 2312.9321136474609 1907.6095390319824 12046.223611831665 27465.372143745422 9018.7312917709351 948348.99296474457 2282.2003593444824 1124.1967616081238 1251.9121022224426
leaf_count=575 60 66 62 61 45 35 47 64 82 51 22123 9 36 54
internal_value=1.76338e-05 0.00214776 0.00113265 0.00282986 -0.00803505 0.00918865 -0.00197817 -6.62923e-05 -0.00258639 3.35981e-05 -9.58203e-06 -0.000102477 0.00233354 -0.0119788
internal_weight=1.07766e+06 40831.3 35706.6 30140.5 5566.06 5124.72 3775.95 1.03683e+06 39511.6 997319 988301 950631 37669.4 2376.11
internal_count=23370 376 275 123 152 101 107 22994 146 22848 22797 22132 665 90
is_linear=0
shrinkage=0.03


Tree=475
num_leaves=15
num_cat=0
split_feature=4 4 0 20 4 4 4 19 17 19 19 19 5 0
split_gain=409.879 640.851 789.049 761.1 645.814 548.409 496.917 653.36 572.077 605.185 455.33 1744.5 595.178 858.798
threshold=306.62000000000006 258.5750000000001 97.500000000000014 0.046578726550876241 252.87000000000003 262.05500000000006 334.63500000000005 8.5000000000000018 12.877500000000003 14.500000000000002 45.500000000000007 37.500000000000007 223.25500000000002 76.500000000000014
decision_type=2 2 2 2 2 2 2 2 2 2 2 2 2 2
left_child=1 4 -3 5 10 -4 7 -2 -9 -10 11 12 -1 -14
right_child=6 2 3 -5 -6 -7 -8 8 9 -11 -12 -13 13 -15
leaf_value=0.0017721643090912163 0.0082858251475385891 0.00076014081195896976 0.028122627152908385 -0.0068054964987263331 -0.019565786161910279 0.010125988453502949 2.2818143136355204e-06 -0.018318364066049048 0.017389533837272014 -0.00644842058743921 0.0082991521038404282 -0.023001226458069332 0.0031287984312716663 -0.016281971052827377
leaf_weight=75505.886489152908 2788.2355132102966 17630.091659545898 1716.8842658996582 2148.3960037231445 1411.6853213310242 13053.165503501892 931693.91503071785 3380.3921184539795 1032.2181506156921 10826.114170074463 6634.8226470947266 2812.0888824462891 4026.6407899856567 4150.4035902023315
leaf_count=4303 102 593 41 102 93 479 16030 192 31 483 245 211 163 275
internal_value=0.000122378 0.00170833 0.00520369 0.00982779 0.000430184 0.0122531 -9.32231e-05 -0.00502377 -0.0074667 -0.00434764 0.000737423 0.000155597 0.000939071 -0.00673917
internal_weight=1.07881e+06 129090 34548.5 16918.4 94541.5 14770 949721 18027 15238.7 11858.3 93129.8 86495 83682.9 8177.04
internal_count=23343 6505 1215 622 5290 520 16838 808 706 514 5197 4952 4741 438
is_linear=0
shrinkage=0.03


Tree=476
num_leaves=15
num_cat=0
split_feature=20 5 20 7 14 17 17 7 5 8 20 8 5 22
split_gain=313.657 670.153 566.331 422.486 410.488 409.918 538.896 636.151 781.584 503.077 1071.44 484.106 432.549 354.596
threshold=0.2003687955696882 1155.2500000000002 0.15856846176662934 205.50000000000003 832.17500000000018 13.514705882352944 9.5131578947368443 145.16666666666671 221.58250000000004 0.021409472880061117 0.267953767331437 1.5558757604867117 93.90000000000002 0.32426470588235301
decision_type=2 2 2 2 2 2 2 2 2 2 2 2 2 2
left_child=2 5 3 -1 13 6 7 8 12 10 -7 -8 -2 -5
right_child=1 -3 -4 4 -6 9 11 -9 -10 -11 -12 -13 -14 -15
leaf_value=9.6919644258311384e-05 -0.0024003307145866516 -0.012645658167504369 -0.0086010495437553406 -0.0047703910006092146 -0.017220922311795797 0.019108851351344776 -0.018694730796299266 0.019172926814470609 0.0064849237547548585 0.016450428852528454 -0.022567187460193931 0.0073554829407775704 -0.029875191181163118 0.00030897282559608121
leaf_weight=994927.37520837784 1169.9613289833069 2088.956485748291 6980.5776827335358 24425.79032087326 1674.1819133758545 1136.473482131958 1818.8504147529602 2265.3805823326111 6486.811071395874 4782.7890167236328 1047.8347859382629 972.88155508041382 907.66779088973999 25035.362408876419
leaf_count=19864 63 35 204 1525 42 32 87 65 59 71 60 26 68 1233
internal_value=-2.14952e-05 0.00346772 -9.6701e-05 -3.97865e-05 -0.00269864 0.0051133 0.00207963 0.00511004 0.00135427 0.0110216 -0.000906928 -0.00962883 -0.0145739 -0.00220032
internal_weight=1.07572e+06 22677.6 1.05304e+06 1.04606e+06 51135.3 20588.7 13621.6 10829.8 8564.44 6967.1 2184.31 2791.73 2077.63 49461.2
internal_count=23434 566 22868 22664 2800 531 368 255 190 163 92 113 131 2758
is_linear=0
shrinkage=0.03


Tree=477
num_leaves=15
num_cat=0
split_feature=18 6 1 19 22 16 18 1 17 20 22 8 20 17
split_gain=282.175 407.554 499.133 340.698 701.085 611.114 326.256 518.995 700.174 397.589 386.357 361.558 326.493 442.232
threshold=145.15053763440864 46.157869123450759 90.500000000000014 7.5000000000000009 0.22792207792207794 0.23219844811385623 29.388736263736266 56.500000000000007 2.8137931034482762 0.99398728250621604 0.24613922546923264 0.91483516483516492 0.051667152186022788 15.839743589743593
decision_type=2 2 2 2 2 2 2 2 2 2 2 2 2 2
left_child=6 2 -2 4 -3 -5 9 8 -8 -1 -9 12 13 -12
right_child=1 3 -4 5 -6 -7 7 10 -10 -11 11 -13 -14 -15
leaf_value=0.00011654601307485685 -0.0046343998254395691 -0.018091267008994626 0.015470825988120412 -0.0036040342534221542 0.0026584145439101179 0.0053104070530368159 0.0082239983406788824 -0.0022655194919054223 -0.016469468455717236 0.014403174658333118 -0.0015726062941224864 0.0048148652279998601 -0.0089331148387812188 0.0077986439737339113
leaf_weight=896886.22800660133 1520.3463048934937 2324.5152583122253 4033.9818630218506 10041.27401304245 3897.57541847229 22172.378307342529 1356.959331035614 84027.20773100853 4179.8829097747803 1736.5788564682007 21447.521024703979 15860.169617176056 3825.536376953125 5724.9704933166504
leaf_count=21143 48 64 93 52 50 64 64 1130 115 25 294 167 72 28
internal_value=3.69718e-05 0.00238965 0.00997068 0.0012895 -0.0051266 0.00253119 -6.30626e-05 -0.00142995 -0.0104098 0.000144475 -0.00104854 0.00113382 -0.000751485 0.000406106
internal_weight=1.07904e+06 43990.1 5554.33 38435.7 6222.09 32213.7 1.03505e+06 136422 5536.84 898623 130885 46858.2 30998 27172.5
internal_count=23409 371 141 230 114 116 23038 1870 179 21168 1691 561 394 322
is_linear=0
shrinkage=0.03


Tree=478
num_leaves=15
num_cat=0
split_feature=5 5 5 17 5 22 4 4 5 15 5 5 17 17
split_gain=202.063 697.856 548.049 1195.35 626.629 549.458 531.366 436.435 432.797 391.585 375 370.168 555.906 339.256
threshold=79.985000000000028 68.03166666666668 91.405000000000015 5.9824561403508776 96.575000000000003 0.49074074074074076 95.605000000000004 105.52500000000002 76.364545454545478 98.870000000000019 88.511250000000004 63.110714285714295 3.4529914529914536 4.7573529411764719
decision_type=2 2 2 2 2 2 2 2 2 2 2 2 2 2
left_child=1 11 3 9 5 6 -4 -6 -3 10 -2 13 -13 -1
right_child=2 8 4 -5 7 -7 -8 -9 -10 -11 -12 12 -14 -15
leaf_value=-0.0062320140343239223 -0.025226500701104822 -0.024393132445285182 -0.004315530705322577 0.020206540770060077 0.011409513613387183 0.010247649928958644 -0.034727907641531892 0.00012098441103762007 -0.0024635427081819328 0.013098435508129657 0.0017292063296060118 0.026444637151277147 -0.0053238980726225665 0.0069004393212979027
leaf_weight=6018.301470041275 1058.0744018554688 1955.587245464325 922.8368067741394 3583.4485595226288 3071.3870100975037 624.54950618743896 1174.7221608161926 1059584.816822052 1381.1345286369324 649.90914726257324 811.84796047210693 1066.7805223464966 901.11088109016418 2486.1687822341919
leaf_count=505 100 190 67 101 161 38 88 21700 98 27 43 37 62 140
internal_value=0.000121808 -0.00348136 0.000168309 0.00911773 0.00011687 -0.0142058 -0.0215149 0.000153826 -0.0153848 -0.0066866 -0.0136289 0.000333433 0.0119904 -0.00238573
internal_weight=1.08529e+06 13809.1 1.07148e+06 6103.28 1.06538e+06 2722.11 2097.56 1.06266e+06 3336.72 2519.83 1869.92 10472.4 1967.89 8504.47
internal_count=23357 1032 22325 271 22054 193 155 21861 288 170 143 744 99 645
is_linear=0
shrinkage=0.03


Tree=479
num_leaves=15
num_cat=0
split_feature=18 15 8 4 7 18 4 18 18 18 17 7 15 15
split_gain=293.604 556.433 802.201 542.659 233.729 442.962 396.469 381.204 231.921 262.5 271.822 211.1 779.725 1233.42
threshold=285.73181818181826 1539.2300000000002 0.024819054463323241 755.5200000000001 364.50000000000006 5.8873578302712177 1259.3650000000002 3.1810220004217338 10.720869565217393 21.226539589442819 21.422619047619051 126.62500000000001 350.25500000000005 334.49500000000006
decision_type=2 2 2 2 2 2 2 2 2 2 2 2 2 2
left_child=4 2 3 -2 11 7 8 -6 -7 10 -10 -1 13 -13
right_child=1 -3 -4 -5 5 6 -8 -9 9 -11 -12 12 -14 -15
leaf_value=8.1400043754147942e-05 0.0019877666572029897 -0.0103084177435055 0.005790774237916645 -0.026057150138245583 0.005326256259899952 0.014537763780405475 0.035556582790252041 -0.027458700043342631 -0.029078031014446434 0.012658419231572612 0.0060777248794183329 -0.00044555276311106825 -0.0045114297126824911 0.015172064396441819
leaf_weight=901843.20825600624 1093.8773832321167 7251.4887733459473 7156.7911500930786 1408.2627716064453 731.5775465965271 1823.9597678184509 514.96611166000366 539.11485648155212 416.4649817943573 617.22263407707214 351.57253170013428 95419.008480548859 43463.788192749023 4759.1043267250061
leaf_count=16682 51 50 83 40 76 152 10 81 66 52 20 4430 1335 128
internal_value=-0.000120914 -0.00404011 0.000677435 -0.013878 -5.77482e-05 0.00640338 0.0116078 -0.00879332 0.00756841 -0.00168438 -0.0132395 -8.87385e-05 -0.0011568 0.000299265
internal_weight=1.06739e+06 16910.4 9658.93 2502.14 1.05048e+06 4994.88 3724.19 1270.69 3209.22 1385.26 768.038 1.04549e+06 143642 100178
internal_count=23256 224 174 91 23032 457 300 157 290 138 86 22575 5893 4558
is_linear=0
shrinkage=0.03


Tree=480
num_leaves=15
num_cat=0
split_feature=1 1 20 20 18 5 11 7 6 16 3 3 18 20
split_gain=295.261 381.492 361.237 553.231 1542.09 757.421 586.135 458.047 421.582 658.183 617.4 748.506 641.859 618.654
threshold=282.50000000000006 286.50000000000006 0.01630705548373516 0.012466701374327297 15.136557886557888 195.77500000000003 1.5000000000000002 32.050000000000004 102.29862167865515 -0.99796040636055061 5.5000000000000009 3.5000000000000004 41.990853658536594 0.060764163899881381
decision_type=2 2 2 2 2 2 2 2 2 2 2 2 2 2
left_child=2 -2 3 -1 5 -5 -7 -6 9 -4 11 12 13 -10
right_child=1 -3 8 4 7 6 -8 -9 10 -11 -12 -13 -14 -15
leaf_value=0.00018512610988258074 -0.012084339787024822 -0.00064624492191189776 -0.014870060548766245 0.015878406040160047 -0.0078038489347458202 0.009996281142899046 -0.0038568963593290503 -0.02085511696234232 -0.0010336074821086069 0.0034757944376374362 0.0023448300879068762 -0.0052763921058200615 -0.013133953857167705 0.0067505979713246567
leaf_weight=525279.32882022858 2628.038290977478 294291.98952746391 1779.6481790542603 2538.5495738983154 5352.4298858642578 3296.2067518234253 16052.816299438477 4458.2508125305176 23741.994502067566 81047.856337547302 71837.056566238403 29248.429574966431 2686.389172077179 14966.198706626892
leaf_count=13298 82 5686 66 51 32 68 228 98 488 2020 497 451 55 326
internal_value=5.71226e-05 -0.000748291 0.000362832 -4.71981e-05 -0.00389479 0.000537907 -0.00148905 -0.0137651 0.00137637 0.00307812 0.00038681 -0.0016044 0.000991429 0.00197802
internal_weight=1.07921e+06 296920 782285 556978 31698.3 21887.6 19349 9810.68 225308 82827.5 142480 70643 41394.6 38708.2
internal_count=23446 5768 17678 13775 477 347 296 130 3903 2086 1817 1320 869 814
is_linear=0
shrinkage=0.03


Tree=481
num_leaves=15
num_cat=0
split_feature=8 5 8 7 1 8 15 17 14 5 17 17 17 5
split_gain=324.473 517.505 378.632 282.93 833.222 806.043 518.143 632.574 513.722 465.74 446.125 472.815 587.334 463.996
threshold=12.95523648648649 434.32261904761907 48.672727272727279 210.25000000000003 214.50000000000003 0.18293183940242766 761.36000000000013 58.07500000000001 257.05000000000007 960.5200000000001 29.038461538461544 16.480769230769234 14.861904761904764 278.18964285714293
decision_type=2 2 2 2 2 2 2 2 2 2 2 2 2 2
left_child=3 2 -2 -1 -5 6 7 8 10 -8 11 12 -6 -13
right_child=1 -3 -4 4 5 -7 9 -9 -10 -11 -12 13 -14 -15
leaf_value=0.00020205721976428414 -0.0062396227826690851 -0.018217229134907222 0.0093787629225614202 -0.021425618456822674 -0.00097951138903425747 -0.012391590118469105 -0.023192174160396335 0.01726959610831982 0.0091720071540679123 -0.0015690381204669784 -0.0090776298940068046 -0.0042273838376037732 -0.019836750180990632 0.009212065487280199
leaf_weight=1020330.6755902767 4527.7809081077576 2200.8425178527832 1996.7017741203308 1911.9368243217468 14350.408898115158 5260.7394070625305 1537.9660415649414 2028.0635313987732 4903.5788631439209 2118.9574127197266 5405.8531680107117 3299.2685170173645 1638.6364452838898 7631.0839052200317
leaf_count=20244 207 83 71 111 1061 245 59 61 128 53 350 249 138 346
internal_value=4.69604e-05 -0.00570818 -0.00144584 9.39782e-05 -0.00210694 -0.00133165 2.93066e-05 0.00103743 0.000144373 -0.0107396 -0.0012299 0.000351624 -0.00293446 0.00515513
internal_weight=1.07914e+06 8725.33 6524.48 1.07042e+06 50086.5 48174.6 42913.8 39256.9 37228.8 3656.92 32325.3 26919.4 15989 10930.4
internal_count=23406 361 278 23045 2801 2690 2445 2333 2272 112 2144 1794 1199 595
is_linear=0
shrinkage=0.03


Tree=482
num_leaves=15
num_cat=0
split_feature=16 1 19 1 5 1 1 5 15 16 4 3 16 6
split_gain=255.896 364.988 537.121 474.454 1006.35 498.859 395.471 368.039 808.51 340.18 322.053 580.169 532.542 502.973
threshold=0.1624210067263604 251.50000000000003 43.500000000000007 303.50000000000006 896.42000000000019 499.50000000000006 267.50000000000006 449.74454545454552 275.43000000000006 0.65412651504539621 796.41500000000008 3.5000000000000004 0.48195735310284277 261.49380403072968
decision_type=2 2 2 2 2 2 2 2 2 2 2 2 2 2
left_child=-1 -2 3 4 7 -5 -4 8 9 -3 12 13 -8 -12
right_child=1 2 6 5 -6 -7 10 -9 -10 -11 11 -13 -14 -15
leaf_value=0.00056298356583467802 -5.9616470812720509e-05 -0.011267155349343503 -0.0082751919274236113 -0.0042124293866181699 0.022491461240011092 0.012284340761360651 0.018304310171824371 -0.0082213842239096963 0.014273481581018986 0.0069539048481926172 -0.0049734556042036731 -0.0019200252511089783 -0.0077998120872595986 -0.024997088329421588
leaf_weight=394795.5029604435 553967.05505847931 2532.9443502426147 10648.639234542847 11924.974182605743 2643.171573638916 1894.5058541297913 1702.7501239776611 2478.4101390838623 4093.5117607116699 1426.8459157943726 2972.2403335571289 85346.406414985657 1173.5777378082275 1813.6843814849854
leaf_count=9443 12055 97 177 269 12 36 49 28 54 21 86 904 58 47
internal_value=-4.5271e-05 -0.000396036 -0.00182224 0.00194601 0.00601515 -0.00193641 -0.00280375 0.00184525 0.00495596 -0.00469954 -0.00217568 -0.00249161 0.00767319 -0.0126341
internal_weight=1.07941e+06 684619 130652 26994.4 13174.9 13819.5 103657 10531.7 8053.3 3959.79 93008.7 90132.3 2876.33 4785.92
internal_count=23336 13893 1838 517 212 305 1321 200 172 118 1144 1037 107 133
is_linear=0
shrinkage=0.03


Tree=483
num_leaves=15
num_cat=0
split_feature=7 22 1 7 15 10 18 1 18 7 0 0 4 18
split_gain=216.718 649.637 940.614 793.38 817.678 707.72 575.235 776.877 617.382 797.224 542.689 725.136 614.663 550.962
threshold=148.16666666666671 0.73611111111111127 188.50000000000003 200.50000000000003 1395.4350000000002 1.5000000000000002 27.453416149068328 209.50000000000003 64.292913608131002 225.50000000000003 328.50000000000006 281.50000000000006 452.92000000000007 7.3521462639109707
decision_type=2 2 2 2 2 2 2 2 2 2 2 2 2 2
left_child=-1 5 -3 -4 -5 6 10 -8 9 -9 11 13 -12 -2
right_child=1 2 3 4 -6 -7 7 8 -10 -11 12 -13 -14 -15
leaf_value=-1.6360993259353783e-05 -0.00071583971174334993 0.013558591400375393 -0.015929038604138121 0.0003057442810495957 0.025762812285111958 0.013633862399513468 -0.0085052252520419602 0.025046689910510733 -0.0026877140229697879 0.0010772353554109732 -0.0023861402408858461 -0.021454431178756988 0.022480594271648884 -0.0064111961407891192
leaf_weight=960330.96914505959 24711.839594364166 5545.8712153434753 2538.2710280418396 19811.259032487869 1184.6355781555176 2295.3022403717041 3622.1044492721558 2832.0879487991333 2953.5109379291534 2224.9405815601349 2420.8552470207214 2261.4597752094269 1395.9324264526367 40085.904196739197
leaf_count=18141 1190 180 127 1091 11 57 140 49 96 110 293 204 49 1618
internal_value=-0.000163111 -0.00140037 0.00246779 -0.000155077 0.00176524 -0.00272706 -0.0031854 0.00299373 0.00820141 0.0145466 -0.00420012 -0.00482681 0.00677827 -0.00424006
internal_weight=1.07421e+06 113884 29080 23534.2 20995.9 84803.9 82508.6 11632.6 8010.54 5057.03 70876 67059.2 3816.79 64797.7
internal_count=23356 5215 1409 1229 1102 3806 3749 395 255 159 3354 3012 342 2808
is_linear=0
shrinkage=0.03


Tree=484
num_leaves=15
num_cat=0
split_feature=16 22 20 7 20 16 0 7 18 18 20 7 18 22
split_gain=340.335 784.244 668.49 513.477 412.507 276.657 257.828 243.203 577.045 1615.47 964.148 917.493 773.292 783.452
threshold=-0.99918340678092432 0.76388888888888895 0.027285188189505576 105.12500000000001 0.0055754368450029014 -0.99877562014380605 437.50000000000006 177.25000000000003 12.117217689995707 11.519151751514732 0.0017618661767402402 200.50000000000003 14.248809523809525 0.95833333333333337
decision_type=2 2 2 2 2 2 2 2 2 2 2 2 2 2
left_child=1 2 3 4 -1 -2 7 -7 9 -9 12 -12 13 -10
right_child=5 -3 -4 -5 -6 6 -8 8 10 -11 11 -13 -14 -15
leaf_value=0.0018815689363060497 -0.0053397756533888913 0.019105361738011473 -0.015587760010676221 -0.008954284115850232 0.017447514517350295 -9.7727609929531599e-05 -0.010204427480702796 0.00069901808766004451 0.00089862779961454703 -0.03191678021764921 0.026871559077276855 0.0049834475302107505 -0.0013695004445044806 0.027452836526655186
leaf_weight=3447.7068672180176 8760.9970254898071 2724.5774612426758 1776.4041767120361 1896.5037698745728 2745.8111515045166 976833.85247278214 2200.5148868560791 48038.008871793747 2115.3369069099426 1386.7468554973602 3116.4560194015503 3851.4967103004456 14899.998999118805 1878.8798775672913
leaf_count=85 269 35 55 52 42 18881 271 2479 89 99 46 144 683 49
internal_value=2.13131e-05 0.00492067 0.000972892 0.00463875 0.00881646 -3.68057e-05 7.36037e-06 2.89119e-05 0.00167163 -0.000228647 0.00530058 0.0148219 0.00177726 0.0134643
internal_weight=1.07567e+06 12591 9866.43 8090.02 6193.52 1.06308e+06 1.05432e+06 1.05212e+06 75286.9 49424.8 25862.2 6967.95 18894.2 3994.22
internal_count=23279 269 234 179 127 23010 22741 22470 3589 2578 1011 190 821 138
is_linear=0
shrinkage=0.03


Tree=485
num_leaves=15
num_cat=0
split_feature=4 5 5 17 5 4 4 18 22 17 18 18 17 17
split_gain=283.716 842.928 825.929 791.277 757.012 627.009 519.172 1084.16 631.895 1098.8 494.488 1481.68 479.293 466.234
threshold=304.17500000000001 293.80500000000006 288.20066666666673 12.877500000000003 285.86375000000004 334.63500000000005 350.72500000000008 22.00961538461539 0.65686274509803932 15.514705882352944 6.1846590909090917 9.9402852049910901 20.839743589743595 39.690476190476197
decision_type=2 2 2 2 2 2 2 2 2 2 2 2 2 2
left_child=1 2 4 -3 -1 13 7 8 9 -7 -5 -12 -11 -2
right_child=5 3 -4 10 -6 6 -8 -9 -10 12 11 -13 -14 -15
leaf_value=0.00094509307721821765 -0.0042122821369574119 -0.0078683953040409003 -0.016508566230468362 0.029459521961189752 0.023744812911327653 0.014695934908986772 9.850701682408521e-06 0.03130346484233261 0.01611955040729934 -0.027781025093951972 -0.0083141977054349801 0.025288580985098012 -0.0048878577631381046 -0.025500571861291763
leaf_weight=114597.05282688141 19411.863872528076 1610.8377389907837 2398.2296152114868 1683.6894226074219 1305.8672590255737 2351.3473563194275 922919.12309980392 1379.0750226974487 2389.7257742881775 1081.3506536483765 2093.8644814491272 2666.1503086090088 3305.6121344566345 953.5590934753418
leaf_count=6039 861 61 117 33 29 70 15652 27 80 57 80 60 137 55
internal_value=0.000148723 0.00148443 0.000844183 0.0108627 0.00120603 -2.82553e-05 8.54132e-05 0.00671001 0.00293408 -0.00177598 0.0155551 0.0105342 -0.0106313 -0.00523309
internal_weight=1.08015e+06 126356 118301 8054.54 115903 953792 933426 10507.1 9128.04 6738.31 6443.7 4760.01 4386.96 20365.4
internal_count=23358 6419 6185 234 6068 16939 16023 371 344 264 173 140 194 916
is_linear=0
shrinkage=0.03


Tree=486
num_leaves=15
num_cat=0
split_feature=16 16 3 4 22 1 15 17 1 4 17 22 4 17
split_gain=168.943 370 419.42 348.636 684.585 551.917 447.501 390.859 325.85 483.736 338.868 441.662 288.767 193.969
threshold=-0.99836558552257526 -0.99811185375772371 2.5000000000000004 1161.865 0.49074074074074076 286.50000000000006 783.0100000000001 20.452991452991455 335.50000000000006 1393.8100000000002 32.591666666666676 0.23431372549019611 583.72500000000014 15.839743589743593
decision_type=2 2 2 2 2 2 2 2 2 2 2 2 2 2
left_child=3 2 12 5 8 7 -7 13 9 -5 11 -10 -2 -1
right_child=1 -3 -4 4 -6 6 -8 -9 10 -11 -12 -13 -14 -15
leaf_value=-0.0006486034138610151 0.0048070696929908459 0.00011250628531405145 -0.0060461371590949031 0.0017717743394160528 0.0068632557807908152 -0.0060657882884018891 -0.026384127589032278 -0.0075637617615494672 0.0051716967433369891 -0.023031690778196643 0.011641339858179649 -0.015311451402819599 0.019941433564324131 0.013181105073449715
leaf_weight=1989.6780776977539 2391.1126661300659 1043987.3100247383 1524.0517272949219 1154.6783390045166 8055.8243341445923 2188.9568872451782 1763.3648996353149 4389.4350137710571 1792.3515033721924 1797.0185461044312 1391.760630607605 1971.6573858261108 2168.8180265426636 1663.5507478713989
leaf_count=55 80 22313 53 30 150 89 81 146 52 70 28 60 49 36
internal_value=9.40559e-05 0.000155568 0.00752017 -0.00219831 0.000677937 -0.00606875 -0.0152182 -0.00154593 -0.00546975 -0.0133822 -0.000905652 -0.00558197 0.012061 0.00568643
internal_weight=1.07823e+06 1.05007e+06 6083.98 28158.3 16163.3 11995 3952.32 8042.66 8107.47 2951.7 5155.77 3764.01 4559.93 3653.23
internal_count=23292 22495 182 797 390 407 170 237 240 100 140 112 129 91
is_linear=0
shrinkage=0.03


Tree=487
num_leaves=15
num_cat=0
split_feature=16 16 4 8 4 0 1 1 0 16 19 4 19 0
split_gain=293.461 446.055 552.376 533.612 490.219 510.502 391.331 642.958 576.125 422.058 390.087 394.943 888.672 389.386
threshold=0.99685579080912967 0.99738691890003572 361.93000000000001 0.19777115539827408 398.47000000000008 34.500000000000007 190.50000000000003 186.50000000000003 1.5000000000000002 0.89237189853735222 6.5000000000000009 338.43500000000006 20.500000000000004 57.500000000000007
decision_type=2 2 2 2 2 2 2 2 2 2 2 2 2 2
left_child=6 2 10 -4 5 -3 7 -1 -9 -8 -2 -12 -13 -14
right_child=1 4 3 -5 -6 -7 9 8 -10 -11 11 12 13 -15
leaf_value=0.00053351145610992974 0.011577923833525705 0.018197748380603746 -0.022521209091336272 -0.0006713181441872386 -0.00083803636954556679 0.00086767120993043196 -0.00010646164441379602 -0.0074117922073573417 0.0065690328296459655 -0.0085599442292299543 -0.0097230809160358152 -0.012555932957597677 0.01328116303009194 -0.002460619346894951
leaf_weight=128580.12548589706 1547.6546688079834 2464.8086233139038 2772.9473857879639 1574.1545400619507 250803.79130411148 3986.0017223358154 635490.37189555168 2903.338960647583 28975.240887641907 5340.3296542167664 6556.601170539856 3269.8247509002686 3479.2176647186279 2364.3325386047363
leaf_count=4865 49 59 131 56 4843 141 12179 20 416 139 266 133 90 90
internal_value=-0.000137113 -0.000975368 -0.00511776 -0.0146483 -0.000627756 0.00752515 0.000154586 0.00147941 0.00529188 -0.000177173 -0.00269728 -0.00412014 -7.665e-05 0.00692528
internal_weight=1.08011e+06 278819 21564.7 4347.1 257255 6450.81 801289 160459 31878.6 640831 17217.6 15670 9113.37 5843.55
internal_count=23477 5858 815 187 5043 200 17619 5301 436 12318 628 579 313 180
is_linear=0
shrinkage=0.03


Tree=488
num_leaves=15
num_cat=0
split_feature=7 19 1 1 18 5 1 0 7 18 16 16 7 6
split_gain=218.75 473.711 244.071 313.08 458.682 228.732 222.327 203.747 390.775 268.174 209.964 561.704 658.926 399.791
threshold=364.50000000000006 69.500000000000014 436.50000000000006 542.50000000000011 7.5564037319762525 263.92375000000004 472.50000000000006 357.50000000000006 30.033333333333335 5.9560386473429956 0.40130351008547355 0.46796412265457171 67.100000000000009 302.23865148256601
decision_type=2 2 2 2 2 2 2 2 2 2 2 2 2 2
left_child=7 2 5 4 -4 -2 -6 10 -9 -10 -1 12 13 -12
right_child=1 -3 3 -5 6 -7 -8 8 9 -11 11 -13 -14 -15
leaf_value=0.00041804643892368455 -0.00082350640194635109 0.033988737428521147 -0.03445961901049318 0.01442243856888867 0.011239830323487954 0.018430863989778525 -0.015674123545500074 0.01069090449732462 -0.0019482553684474692 -0.028928791394492274 0.0011464091042720944 -0.00019041396459808902 -0.012167705133022936 -0.0069973034197755119
leaf_weight=517811.13749551773 978.81088805198669 480.24176597595215 488.08229565620422 586.31069684028625 642.72925710678101 1258.3209328651428 453.66922283172607 582.36169576644897 551.14488911628723 823.94672107696533 14562.17625617981 510446.9740228653 7384.1900243759155 8622.6546478271484
leaf_count=10599 121 9 84 51 52 78 56 41 50 89 189 11555 195 51
internal_value=-2.49474e-06 0.00631629 0.00316148 -0.00398907 -0.0108968 0.0100739 2.20481e-05 -3.17306e-05 -0.00965247 -0.0182978 -1.37628e-05 -0.000427051 -0.00437576 -0.00188573
internal_weight=1.06567e+06 4888.17 4407.92 2170.79 1584.48 2237.13 1096.4 1.06078e+06 1957.45 1375.09 1.05883e+06 541016 30569 23184.8
internal_count=23220 451 442 243 192 199 108 22769 180 139 22589 11990 435 240
is_linear=0
shrinkage=0.03


Tree=489
num_leaves=15
num_cat=0
split_feature=17 17 20 16 18 17 4 6 17 6 4 18 0 18
split_gain=279.269 177.156 589.582 597.471 474.841 536.18 430.642 658.614 418.7 1217.98 841.405 1184.12 635.854 520.348
threshold=121.25000000000001 46.058823529411775 0.051667152186022788 0.99938393676642823 2.244531864673486 50.708333333333336 1067.7550000000003 58.183663434625203 40.516666666666673 29.089485253582385 1393.8100000000002 5.6733440304868887 226.50000000000003 8.4040507364975472
decision_type=2 2 2 2 2 2 2 2 2 2 2 2 2 2
left_child=1 8 3 4 5 -3 7 -7 -1 10 11 12 -10 -13
right_child=-2 2 -4 -5 -6 6 -8 -9 9 -11 -12 13 -14 -15
leaf_value=0.00014961676864899519 -0.0090046094938049451 0.020934130453837609 -0.01150809776115826 0.0072998407075291795 -7.1887663016794947e-05 0.0046225806028978101 0.015721756773037058 -0.018988041560999067 -0.028758851424543885 -8.1738103932235806e-05 -0.034766454829993541 0.014587295915570264 0.0010879918673585591 -0.0068392246907410525
leaf_weight=928919.30966281891 2988.416690826416 1937.0816602706909 3099.9412546157837 14770.93434715271 74386.552017688751 5083.8922381401062 1955.992374420166 1323.1277136802673 2671.4255447387695 29282.188694477081 1307.7726535797119 1707.6504139900208 841.92600011825562 2471.6604080200195
leaf_count=20552 61 47 75 134 1389 163 23 49 153 448 42 41 63 69
internal_value=0.000122932 0.000148599 0.00133405 0.00173655 0.000764719 0.00679506 0.00347797 -0.000297216 2.28738e-05 -0.00305099 -0.0126896 -0.00885606 -0.0216408 0.00194335
internal_weight=1.07275e+06 1.06976e+06 102558 99457.6 84686.6 10300.1 8363.01 6407.02 967202 38282.6 9000.44 7692.66 3513.35 4179.31
internal_count=23309 23248 1880 1805 1671 282 235 212 21368 816 368 326 216 110
is_linear=0
shrinkage=0.03


Tree=490
num_leaves=15
num_cat=0
split_feature=1 11 18 14 18 13 5 5 13 19 20 4 19 19
split_gain=339.515 417.496 780.857 661.959 589.039 699.089 874.156 772.472 809.253 687.406 623.967 593.832 551.893 502.368
threshold=220.50000000000003 2.5000000000000004 17.157164948453612 2972.5700000000002 34.690476190476197 893.20500000000004 718.75166666666678 364.79500000000007 90.52500000000002 93.500000000000014 0.057532748476734417 477.31000000000012 2.5000000000000004 6.5000000000000009
decision_type=2 2 2 2 2 2 2 2 2 2 2 2 2 2
left_child=1 2 -1 4 9 6 7 8 11 10 12 -6 -4 -9
right_child=-2 -3 3 -5 5 -7 -8 13 -10 -11 -12 -13 -14 -15
leaf_value=0.00055533089774223692 -0.00051269709308056734 0.0014911687270453959 0.010768426019925708 -0.017775787837225433 -0.011433175657807144 -0.011448208767605734 0.014086518813793735 -0.023238563655611218 0.011898364952088136 0.011021527531418341 0.0069230328075540496 0.014708616465445743 -0.0084500077136561765 -0.0031838867449964685
leaf_weight=258228.58877420425 521514.88230013847 241656.89538860321 1396.8846039772034 2672.8845100402832 3312.4834909439087 3388.4072618484497 4999.8238897323608 1677.6841087341309 5661.1378178596497 2217.9078674316406 2951.6880807876587 1003.2627658843994 27652.801785469055 3350.9897327423096
leaf_count=8442 10016 3121 73 41 210 63 70 64 181 8 77 20 884 85
internal_value=3.81348e-05 0.000550955 -0.000162434 -0.00323607 -0.00255559 0.00111273 0.00324955 -0.000375256 0.004456 -0.00506259 -0.00618352 -0.00531629 -0.0075191 -0.00994015
internal_weight=1.08169e+06 560171 318515 60286 57613.1 23393.8 20005.4 15005.6 9976.88 34219.3 32001.4 4315.75 29049.7 5028.67
internal_count=23355 13339 10218 1776 1735 693 630 560 411 1042 1034 230 957 149
is_linear=0
shrinkage=0.03


Tree=491
num_leaves=15
num_cat=0
split_feature=1 1 1 17 0 7 1 0 0 3 7 17 7 20
split_gain=184.044 731.142 329.179 762.363 584.548 500.842 509.062 414.235 375.933 369.659 329.381 255.955 252.711 244.086
threshold=374.00000000000006 363.50000000000006 499.50000000000006 36.67948717948719 90.500000000000014 40.95000000000001 518.50000000000011 91.500000000000014 331.50000000000006 6.5000000000000009 81.125000000000014 26.366666666666671 81.125000000000014 0.060764163899881381
decision_type=2 2 2 2 2 2 2 2 2 2 2 2 2 2
left_child=1 -1 3 -2 13 -6 10 -5 9 -8 -7 -10 -9 -4
right_child=2 -3 4 7 5 6 8 12 11 -11 -12 -13 -14 -15
leaf_value=8.3640731048284549e-06 0.0012440039505044855 -0.0045155768057528215 0.00064219538933958989 0.0044787800860934509 -0.024049992874316334 -0.0047362918201703293 -0.008824995751149466 0.02705029566723955 0.0011424171349939344 0.0045230356262101843 -0.029476642811201752 0.025083716322290818 0.011851300071565974 0.0083029321151017656
leaf_weight=941548.56693220139 33549.150640487671 33268.930384874344 43241.330532073975 3946.4333467483521 1221.2754075527191 923.81398487091064 4927.9515466690063 1674.2861213684082 885.3594868183136 2983.2439107894897 1019.4386391639709 719.0491828918457 2496.9097094535828 4078.4699926376343
leaf_count=20637 986 602 446 55 55 28 174 24 87 57 66 31 84 41
internal_value=-1.94321e-05 -0.00014612 0.00119509 0.00324286 -0.00022759 -0.00594257 -0.00397416 0.0114805 -0.00110213 -0.00379285 -0.0178833 0.0120489 0.018052 0.0013057
internal_weight=1.07648e+06 974817 101667 41666.8 59999.9 12680.1 11458.9 8117.63 9515.6 7911.2 1943.25 1604.41 4171.2 47319.8
internal_count=23373 21239 2134 1149 985 498 443 163 349 231 94 118 108 487
is_linear=0
shrinkage=0.03


Tree=492
num_leaves=15
num_cat=0
split_feature=6 6 19 4 18 18 5 12 18 5 18 4 4 18
split_gain=260.435 768.05 778.977 709.717 1004.98 643.64 602.189 872.706 617.624 528.193 523.821 467.376 952.508 882.255
threshold=82.091207535150872 66.987760915707597 29.500000000000004 2130.0650000000001 13.462476547842403 3.9506903353057203 319.01000000000005 636.0150000000001 3.0016501650165019 359.70442307692309 2.1935373831150593 616.98500000000001 569.80500000000018 7.900704225352114
decision_type=2 2 2 2 2 2 2 2 2 2 2 2 2 2
left_child=1 3 -3 -1 -5 -4 7 10 9 -8 -2 12 13 -12
right_child=6 2 5 4 -6 -7 8 -9 -10 -11 11 -13 -14 -15
leaf_value=0.00048597941141785079 -0.014893509584454656 0.01179753145265564 0.01033070561135873 8.0636187419588695e-07 -0.015967142734743551 6.7474707240681775e-05 0.0019203112525091677 0.0043806904292594331 0.00034377525578998153 -0.017066798148663128 0.0036454896545973377 -0.0031349208714197686 0.010049581932520389 -0.0070355742776659659
leaf_weight=338921.64669704437 2990.6804537773132 9954.2518782615662 6947.4381585121155 9141.248496055603 5776.798810005188 26102.526632785797 2146.0224304199219 18493.841190338135 495546.91913843155 3384.7682209014893 13572.772413253784 123172.98355436325 7757.8069295883179 14245.724624633789
leaf_count=12569 125 220 151 118 116 516 32 180 5549 74 475 2538 206 577
internal_value=5.32446e-05 0.000664158 0.00444895 0.000203944 -0.00619565 0.00222985 -0.000302604 -0.00178963 0.000232319 -0.00971917 -0.00249562 -0.00226021 0.000768295 -0.00182536
internal_weight=1.07816e+06 396844 43004.2 353840 14918 33050 681312 180234 501078 5530.79 161740 158749 35576.3 27818.5
internal_count=23446 13690 887 12803 234 667 9756 4101 5655 106 3921 3796 1258 1052
is_linear=0
shrinkage=0.03


Tree=493
num_leaves=15
num_cat=0
split_feature=16 4 4 19 19 4 19 10 19 5 20 1 6 6
split_gain=223.917 554.279 283.817 472.58 366.372 244.448 193.272 402.879 232.743 341.855 591.722 531.403 193.286 387.456
threshold=-0.99918340678092432 5645.1050000000005 2012.0650000000003 80.500000000000014 36.500000000000007 1682.5450000000003 1052.5000000000002 29.500000000000004 354.00000000000006 869.11250000000007 0.014261909539186218 307.50000000000006 3170.263322026673 1213.5252770697982
decision_type=2 2 2 2 2 2 2 2 2 2 2 2 2 2
left_child=1 2 4 -4 -1 -6 7 8 12 10 11 -10 13 -2
right_child=6 -3 3 -5 5 -7 -8 -9 9 -11 -12 -13 -14 -15
leaf_value=0.015867050511632744 0.00012304912365517038 0.018474471475842857 -0.015017747386305312 0.0038547103985712046 -0.0057775148918489377 0.0094222965629129213 0.0042829946534387736 -0.0097781501518616146 -0.020194672407486552 0.00054840976855406211 -0.0006932914544640074 -0.0043188734991484604 0.0032822522743792726 -0.0034952807782544248
leaf_weight=2054.2994832992554 974178.81423020363 1984.0320568084717 2037.0479736328125 2832.0161180496216 2368.8150939941406 1563.4937410354614 9359.9124450683594 3791.6071929931641 3494.6087093353271 18304.851314544678 10735.989072799683 4154.9751739501953 16639.898428440094 27363.441345691681
leaf_count=32 22669 31 61 54 68 31 18 10 38 39 73 48 40 131
internal_value=4.30099e-05 0.00397806 0.00129953 -0.00407001 0.00566572 0.000283058 -4.37055e-06 -4.23564e-05 -7.17759e-06 -0.00235397 -0.00524105 -0.0116053 7.7434e-05 2.41238e-05
internal_weight=1.08086e+06 12839.7 10855.7 4869.06 5986.61 3932.31 1.06802e+06 1.05866e+06 1.05487e+06 36690.4 18385.6 7649.58 1.01818e+06 1.00154e+06
internal_count=23343 277 246 115 131 99 23066 23048 23038 198 159 86 22840 22800
is_linear=0
shrinkage=0.03


Tree=494
num_leaves=15
num_cat=0
split_feature=16 22 18 18 18 18 5 20 20 20 4 4 20 4
split_gain=252.858 583.352 692.136 548.087 467.723 461.681 783.695 513.449 444.065 498.721 442.384 521.087 531.811 484.016
threshold=0.26742886634536372 0.41801075268817212 10.468857758620691 6.9180489731437609 365.76315789473693 145.15053763440864 772.70138888888903 0.0054128905986524445 0.034243810233910883 0.073470429395097889 114.07500000000002 143.51500000000004 0.076389055620840987 204.35000000000005
decision_type=2 2 2 2 2 2 2 2 2 2 2 2 2 2
left_child=1 4 3 10 -1 -2 -7 -8 -4 -10 -3 -12 13 -13
right_child=5 2 8 -5 -6 6 7 -9 9 -11 11 12 -14 -15
leaf_value=7.518845209844249e-05 -0.000509840514582397 -0.014665783241472061 0.0034027609786496252 -0.0037157855640174669 -0.01299778585152454 -0.0059735513851879611 0.011436305886291064 0.0021375797870278727 0.016235824379758977 0.0041435109281781485 0.020080474239971915 -0.014595309098045661 0.015376881208520741 0.0020833789206629646
leaf_weight=335283.96431612968 598786.15409040451 1284.9034519195557 44205.875135183334 21063.410564899445 2461.3273358345032 6201.8204779624939 9288.5119857788086 12576.716633796692 5793.398021697998 6543.3017930984497 1538.1608510017395 1644.7779269218445 2541.3641729354858 26383.658638954163
leaf_count=6833 12902 133 1046 734 50 130 62 38 82 153 70 130 79 892
internal_value=5.56477e-05 0.000599282 0.00248586 7.17086e-05 -2.08452e-05 -0.000333529 0.0034256 0.00609459 0.00481008 0.00983923 0.00246156 0.00315567 0.0022915 0.00109492
internal_weight=1.0756e+06 448744 110999 54456.3 337745 626853 28067 21865.2 56542.6 12336.7 33392.9 32108 30569.8 28028.4
internal_count=23334 10202 3319 2038 6883 13132 230 100 1281 235 1304 1171 1101 1022
is_linear=0
shrinkage=0.03


Tree=495
num_leaves=15
num_cat=0
split_feature=5 5 5 5 22 17 5 17 2 17 17 1 17 3
split_gain=295.152 543.228 683.632 827.165 530.624 458.861 411.247 429.47 346.645 346.472 563.076 407.057 325.217 709.5
threshold=68.03166666666668 96.575000000000003 91.405000000000015 76.364545454545478 0.49074074074074076 7.514705882352942 63.110714285714295 4.7573529411764719 1.5000000000000002 1.5277777777777779 2.025641025641026 259.50000000000006 2.5131578947368425 8.5000000000000018
decision_type=2 2 2 2 2 2 2 2 2 2 2 2 2 2
left_child=6 2 3 -2 -4 -5 7 -1 -9 -3 11 -11 13 -12
right_child=1 9 4 5 -6 -7 -8 8 -10 10 12 -13 -14 -15
leaf_value=-0.0024357745100047957 -0.020812418911240377 -0.0049020484832255802 -0.027861785505078888 -0.0042195672707539449 0.0044769172876522011 0.011371756766245905 0.016684944153274157 0.022708935945525522 0.0016291105925643294 0.011651527927649539 -0.020412188155022264 -0.0029308951946150652 -2.5281527951214465e-05 0.002728812400582399
leaf_weight=6187.1157994270325 1787.6856961250305 13108.998230934143 1936.825784444809 4298.5523438453674 589.08650588989258 2781.382798910141 2096.4794647693634 1323.8619916439056 1477.1697673797607 6231.3898329734802 2176.076464176178 2368.6712164878845 1020897.6628985405 2600.1352081298828
leaf_count=500 175 378 155 293 38 87 93 71 75 161 73 55 21102 16
internal_value=-7.91115e-05 -0.000130139 -0.00663965 -0.00269905 -0.0203439 0.00192033 0.00478638 0.00198016 0.0116825 -5.92025e-05 2.27215e-06 0.00763768 -6.18969e-05 -0.00785555
internal_weight=1.06986e+06 1.05878e+06 11393.5 8867.62 2525.91 7079.94 11084.6 8988.15 2801.03 1.04738e+06 1.03427e+06 8600.06 1.02567e+06 4776.21
internal_count=23272 22533 748 555 193 380 739 646 146 21785 21407 216 21191 89
is_linear=0
shrinkage=0.03


Tree=496
num_leaves=15
num_cat=0
split_feature=16 4 5 17 17 17 5 18 18 5 18 5 18 8
split_gain=287.427 255.295 679.069 542.767 572.601 463.202 674.75 582.554 1398.79 455.346 430.812 487.852 408.674 362.132
threshold=0.35129356745093449 155.83000000000004 151.35500000000005 17.866071428571434 28.809090909090912 4.041666666666667 112.17000000000002 6.2443152454780373 4.9353972567287796 137.17500000000004 3.478665318503539 68.03166666666668 1.7279220779220783 0.24180935343726043
decision_type=2 2 2 2 2 2 2 2 2 2 2 2 2 2
left_child=1 2 3 5 -5 6 10 8 -7 -9 -1 -12 13 -3
right_child=-2 12 -4 4 -6 7 -8 9 -10 -11 11 -13 -14 -15
leaf_value=-0.026368454756115323 -0.00066667973722282434 -0.026938615325872422 0.030650746389446669 0.025353256687832733 -0.005782106198900799 -0.013023710523183997 0.023504872758834977 -0.024361661420848345 0.033503887302695573 0.0061424547277492761 0.0098370144990698391 -0.018483845897403785 0.00027255337625528938 -0.0037665916144681796
leaf_weight=494.37801051139832 581185.54542732239 877.5078501701355 813.62704801559448 1633.3436322212219 774.08924245834351 1651.432234287262 1400.6690406799316 1874.0238983631134 872.03274631500244 564.74866104125977 2347.0713958740234 692.55675292015076 476225.93255519867 1900.4142408370972
leaf_count=57 12632 65 31 78 61 167 52 216 32 34 181 85 9711 73
internal_value=-0.000214936 0.000318568 0.00444432 0.00266449 0.0153768 -0.000452565 0.00604347 -0.00691084 0.00319183 -0.0173053 -0.000970518 0.00330567 0.0002054 -0.0112266
internal_weight=1.07331e+06 492122 13118 12304.3 2407.43 9896.91 4934.68 4962.24 2523.46 2438.77 3534.01 3039.63 479004 2777.92
internal_count=23475 10843 994 963 139 824 375 449 199 250 323 266 9849 138
is_linear=0
shrinkage=0.03


Tree=497
num_leaves=15
num_cat=0
split_feature=6 14 18 19 15 12 15 15 6 16 14 18 15 19
split_gain=184.221 564.122 568.615 1052.92 509.768 970.992 795.233 470.573 662.544 478.266 1150.56 581.148 461.857 425.632
threshold=223.33925456494032 8907.1250000000018 37.806055646481191 49.500000000000007 337.60000000000008 752.72000000000014 393.80500000000006 207.32000000000002 268.88308272372319 0.9989758453039147 883.5150000000001 5.8873578302712177 469.28000000000003 24.500000000000004
decision_type=2 2 2 2 2 2 2 2 2 2 2 2 2 2
left_child=1 2 -1 -4 5 7 -6 9 -9 10 11 -2 -8 -13
right_child=4 -3 3 -5 6 -7 12 8 -10 -11 -12 13 -14 -15
leaf_value=0.00012051998737939933 -0.024897582838574007 -0.0093437827247101896 0.0027123125172406671 0.025483150897164148 0.012556141806427341 0.0020419660801930611 -0.0088020527170701562 -0.00089346438205135459 -0.024527978268355097 -0.0059658518366460245 0.010732513745811479 -0.016932992460954421 8.7401731519059865e-07 0.00055088572096766457
leaf_weight=664474.11314725876 1285.4329776763916 5448.478157043457 37847.966063499451 1900.8929061889648 4468.6053485870361 26626.62771987915 5452.3252363204956 1871.0189971923828 2470.4932403564453 36199.391142368317 5857.1123657226562 1573.2726950645447 271203.20053863525 5864.6958961486816
leaf_count=18593 52 32 994 11 63 258 99 39 55 549 81 64 2348 164
internal_value=-2.65996e-05 0.000254545 0.00032907 0.00381354 -0.00057642 -0.00266128 2.99808e-05 -0.00493311 -0.0143932 -0.00411896 0.00046827 -0.00643219 -0.000173238 -0.00318278
internal_weight=1.07254e+06 709671 704223 39748.9 362872 81748 281124 55121.4 4341.51 50779.9 14580.5 8723.4 276656 7437.97
internal_count=23402 19630 19598 1005 3772 1262 2510 1004 94 910 361 280 2447 228
is_linear=0
shrinkage=0.03


Tree=498
num_leaves=15
num_cat=0
split_feature=4 14 17 6 4 4 18 18 18 8 19 4 18 17
split_gain=247.663 282.502 530.921 434.879 811.507 722.56 556.121 773.748 746.321 614.304 580.975 582.731 534.254 621.899
threshold=17.675000000000004 195.83000000000001 77.416666666666671 111.24989808704878 492.56500000000005 2090.3050000000007 3.8291793313069915 4.3601346801346805 2.7257053291536053 32.309523809523817 25.500000000000004 108.56000000000002 2.0967602857846765 31.81666666666667
decision_type=2 2 2 2 2 2 2 2 2 2 2 2 2 2
left_child=-1 2 3 5 -5 6 8 -8 10 -9 11 -2 13 -12
right_child=1 -3 -4 4 -6 -7 7 9 -10 -11 12 -13 -14 -15
leaf_value=0.011459705966300327 -0.0064938626880538322 0.00025495006750366264 0.011761109043209185 -0.019563637469295372 -0.0029743228986043335 -0.027159305933148258 0.011250605821301855 -0.00030120024078171082 -0.010571928511230908 0.020701787238593176 -0.025114490809695179 0.011527155827844818 0.0027413019300458761 -0.0045810997571247855
leaf_weight=1695.5253450870514 2325.8164150714874 914088.5450129509 2810.8693828582764 2956.615186214447 24596.439450263977 896.3933482170105 5814.1838953495026 91414.541302442551 10249.432242155075 1250.743399143219 1827.8580994606018 5185.5588302612305 4879.9381880760193 4758.7483334541321
leaf_count=103 185 15414 61 190 787 43 254 4709 662 37 142 175 232 264
internal_value=7.01614e-05 5.19516e-05 -0.00111521 -0.00134846 -0.00476736 -0.000615344 -0.000424804 0.000653858 -0.00405724 -1.33079e-05 -0.000531419 0.00594471 -0.0047767 -0.0103381
internal_weight=1.07475e+06 1.07306e+06 158967 156156 27553.1 128603 127707 98479.5 29227.4 92665.3 18977.9 7511.38 11466.5 6586.61
internal_count=23258 23155 7741 7680 977 6703 6660 5000 1660 4746 998 360 638 406
is_linear=0
shrinkage=0.03


Tree=499
num_leaves=15
num_cat=0
split_feature=22 0 4 0 4 19 5 5 19 5 19 5 5 5
split_gain=260.777 592.772 748.264 580.68 405.134 624.489 654.884 566.289 1014.37 614.831 560.961 515.054 681.141 687.535
threshold=0.73611111111111127 169.50000000000003 1460.7650000000003 45.500000000000007 423.37500000000006 53.500000000000007 394.06750000000005 307.11000000000007 16.500000000000004 300.8300000000001 22.500000000000004 214.75500000000002 113.64833333333334 68.03166666666668
decision_type=2 2 2 2 2 2 2 2 2 2 2 2 2 2
left_child=-1 3 4 -2 5 6 7 9 -9 11 -10 12 13 -3
right_child=1 2 -4 -5 -6 -7 -8 8 10 -11 -12 -13 -14 -15
leaf_value=0.00022965396750646439 -0.00308605802801623 0.005061935072355174 0.015736521874926631 -0.015400456427952226 -0.0054980806588019408 0.019865913245958978 0.026992902550525066 -0.029280956645732478 0.012956803060202549 0.026266618644515891 -0.015579016781202173 -0.010530266376644573 0.0077066997201169964 -0.02693421932274576
leaf_weight=1008446.2369906902 29547.341041088104 1241.3386614322662 2864.788302898407 3884.4469423294067 9199.3520922660828 1612.3693699836731 787.42441654205322 1561.435986995697 1501.9811668395996 874.94678592681885 1026.3099117279053 2919.1665000915527 8304.1943473815918 1148.3164722919464
leaf_count=20514 1053 91 38 193 326 49 18 110 57 23 62 168 424 140
internal_value=0.000109673 -0.00171003 0.00113941 -0.00452522 -0.000255845 0.0020461 0.000543433 -0.000605463 -0.0104353 0.00217992 0.00134189 0.000595538 0.00364661 -0.0104093
internal_weight=1.07492e+06 66473.4 33041.6 33431.8 30176.8 20977.5 19365.1 18577.7 4089.73 14488 2528.29 13613 10693.8 2389.66
internal_count=23266 2752 1506 1246 1468 1142 1093 1075 229 846 119 823 655 231
is_linear=0
shrinkage=0.03


end of trees

feature_importances:
avg_units_per_line=768
avg_order_value=667
monetary_total=596
avg_items_per_order=536
tenure_days=507
n_distinct_products=446
return_rate=444
avg_gap_days=429
std_order_value=383
revenue_180d=335
revenue_trend=312
share_q4_orders=297
revenue_prev_180d=262
overdue_ratio=252
recency_days=196
revenue_90d=171
revenue_30d=81
n_orders=75
n_order_days=71
is_uk=66
orders_90d=52
orders_180d=38
orders_30d=16

parameters:
[boosting: gbdt]
[objective: tweedie]
[metric: tweedie]
[tree_learner: serial]
[device_type: cpu]
[data_sample_strategy: bagging]
[data: ]
[valid: ]
[num_iterations: 500]
[learning_rate: 0.03]
[num_leaves: 15]
[num_threads: 4]
[seed: 42]
[deterministic: 0]
[force_col_wise: 0]
[force_row_wise: 0]
[histogram_pool_size: -1]
[max_depth: -1]
[min_data_in_leaf: 40]
[min_sum_hessian_in_leaf: 0.001]
[bagging_fraction: 0.8]
[pos_bagging_fraction: 1]
[neg_bagging_fraction: 1]
[bagging_freq: 1]
[bagging_seed: 400]
[bagging_by_query: 0]
[feature_fraction: 0.6]
[feature_fraction_bynode: 1]
[feature_fraction_seed: 30056]
[extra_trees: 0]
[extra_seed: 12879]
[early_stopping_round: 0]
[early_stopping_min_delta: 0]
[first_metric_only: 0]
[max_delta_step: 0]
[lambda_l1: 0]
[lambda_l2: 20]
[linear_lambda: 0]
[min_gain_to_split: 0]
[drop_rate: 0.1]
[max_drop: 50]
[skip_drop: 0.5]
[xgboost_dart_mode: 0]
[uniform_drop: 0]
[drop_seed: 17869]
[top_rate: 0.2]
[other_rate: 0.1]
[min_data_per_group: 100]
[max_cat_threshold: 32]
[cat_l2: 10]
[cat_smooth: 10]
[max_cat_to_onehot: 4]
[top_k: 20]
[monotone_constraints: ]
[monotone_constraints_method: basic]
[monotone_penalty: 0]
[feature_contri: ]
[forcedsplits_filename: ]
[refit_decay_rate: 0.9]
[cegb_tradeoff: 1]
[cegb_penalty_split: 0]
[cegb_penalty_feature_lazy: ]
[cegb_penalty_feature_coupled: ]
[path_smooth: 0]
[interaction_constraints: ]
[verbosity: -1]
[saved_feature_importance_type: 0]
[use_quantized_grad: 0]
[num_grad_quant_bins: 4]
[quant_train_renew_leaf: 0]
[stochastic_rounding: 1]
[linear_tree: 0]
[max_bin: 255]
[max_bin_by_feature: ]
[min_data_in_bin: 3]
[bin_construct_sample_cnt: 200000]
[data_random_seed: 175]
[is_enable_sparse: 1]
[enable_bundle: 1]
[use_missing: 1]
[zero_as_missing: 0]
[feature_pre_filter: 1]
[pre_partition: 0]
[two_round: 0]
[header: 0]
[label_column: ]
[weight_column: ]
[group_column: ]
[ignore_column: ]
[categorical_feature: ]
[forcedbins_filename: ]
[precise_float_parser: 0]
[parser_config_file: ]
[objective_seed: 16083]
[num_class: 1]
[is_unbalance: 0]
[scale_pos_weight: 1]
[sigmoid: 1]
[boost_from_average: 1]
[reg_sqrt: 0]
[alpha: 0.9]
[fair_c: 1]
[poisson_max_delta_step: 0.7]
[tweedie_variance_power: 1.4]
[lambdarank_truncation_level: 30]
[lambdarank_norm: 1]
[label_gain: ]
[lambdarank_position_bias_regularization: 0]
[eval_at: ]
[multi_error_top_k: 1]
[auc_mu_weights: ]
[num_machines: 1]
[local_listen_port: 12400]
[time_out: 120]
[machine_list_filename: ]
[machines: ]
[gpu_platform_id: -1]
[gpu_device_id: -1]
[gpu_device_id_list: ]
[gpu_use_dp: 0]
[num_gpu: 1]

end of parameters

pandas_categorical:[]
